Region,Rank,Tier,Fit /100,Business,Category,Segment,Locality,City,Phone,Rating,Reviews,Package,List price,Deal value (₹),Best call window (IST),Pitch angle,Intent,Volume,Rating pts,Reach,Maps URL
Chandigarh Tricity,1,A,95,Skyline Estates,Real estate consultant,Retail & Services,Ubber Mews Kharar,Mohali (SAS Nagar),098779 62254,4.9,1023,Custom,"₹1,20,000+",120000,Tue-Thu 11:00-16:00,"Services, coverage area and a callback form so enquiries stop dying in missed calls.",36,30,19,10,https://www.google.com/maps/search/?api=1&query=Skyline%20Estates%20Ubber%20Mews%20Kharar
Chandigarh Tricity,2,A,95,SmileKraft,Dental clinic,Health & Wellness,NK Sharma Road Zirakpur,Zirakpur / Dera Bassi,087288 67416,5,787,Custom,"₹1,20,000+",120000,Tue-Thu 11:00-13:00 / 16:00-19:00,"Practitioner credentials, treatments and online booking. Patients search the area before they phone.",36,29,20,10,https://www.google.com/maps/search/?api=1&query=SmileKraft%20NK%20Sharma%20Road%20Zirakpur
Chandigarh Tricity,3,A,94,Baweja Caterers,Caterer,Food & Events,Mohali,Mohali (SAS Nagar),098151 67722,5,1525,Custom,"₹1,20,000+",120000,Tue-Thu 11:00-16:00,Menu and package pages plus a date-availability enquiry form. Enquiries die in WhatsApp with no record today.,34,30,20,10,https://www.google.com/maps/search/?api=1&query=Baweja%20Caterers%20Mohali
Chandigarh Tricity,4,A,94,Den Star Dental Clinic,Dental clinic,Health & Wellness,Panchkula,Panchkula,076965 15896,4.9,845,Custom,"₹1,20,000+",120000,Tue-Thu 11:00-13:00 / 16:00-19:00,"Practitioner credentials, treatments and online booking. Patients search the area before they phone.",36,29,19,10,https://www.google.com/maps/search/?api=1&query=Den%20Star%20Dental%20Clinic%20Panchkula
Chandigarh Tricity,5,A,93,Bhandari dental and medical Clinic,Dental clinic,Health & Wellness,Panchkula,Panchkula,097795 32893,4.9,745,Custom,"₹1,20,000+",120000,Tue-Thu 11:00-13:00 / 16:00-19:00,"Practitioner credentials, treatments and online booking. Patients search the area before they phone.",36,29,19,10,https://www.google.com/maps/search/?api=1&query=Bhandari%20dental%20and%20medical%20Clinic%20Panchkula
Chandigarh Tricity,6,A,92,Navigant Immigration,Visa agent,Professional Services,Panchkula,Panchkula,080544 49797,5,253,Custom,"₹1,20,000+",120000,Tue-Thu 11:30-13:00 / 15:00-17:00,"Services, registration credentials and a deadline-driven enquiry form. Clients verify a firm online before they call.",38,24,20,10,https://www.google.com/maps/search/?api=1&query=Navigant%20Immigration%20Panchkula
Chandigarh Tricity,7,A,92,CA Prabhraj Singh Rajpal,Chartered accountant,Professional Services,Mohali,Mohali (SAS Nagar),097806 84690,4.9,220,Growth,"₹45,000",45000,Tue-Thu 11:00-13:00 / 16:00-18:00 (not before 1 Oct),"Services, registration credentials and a deadline-driven enquiry form. Clients verify a firm online before they call.",40,23,19,10,https://www.google.com/maps/search/?api=1&query=CA%20Prabhraj%20Singh%20Rajpal%20Mohali
Chandigarh Tricity,8,A,91,Parminder Dental Clinic,Dental clinic,Health & Wellness,Kharar-Landran Road,Mohali (SAS Nagar),099149 85664,4.8,610,Custom,"₹1,20,000+",120000,Tue-Thu 11:00-13:00 / 16:00-19:00,"Practitioner credentials, treatments and online booking. Patients search the area before they phone.",36,28,17,10,https://www.google.com/maps/search/?api=1&query=Parminder%20Dental%20Clinic%20Kharar-Landran%20Road
Chandigarh Tricity,9,A,91,Decor 26,Interior designer,Home & Interiors,Desu Majra Kharar,Mohali (SAS Nagar),097812 72626,4.8,218,Growth,"₹45,000",45000,Tue-Thu 11:00-13:00 / 15:00-18:00,"A project gallery with before/after by room type, plus a budget-range enquiry form. Buyers judge on photos first.",40,23,17,10,https://www.google.com/maps/search/?api=1&query=Decor%2026%20Desu%20Majra%20Kharar
Chandigarh Tricity,10,A,90,Davinder Real Estate,Real estate consultant,Retail & Services,Kharar,Mohali (SAS Nagar),098765 55958,5,277,Custom,"₹1,20,000+",120000,Tue-Thu 11:00-16:00,"Services, coverage area and a callback form so enquiries stop dying in missed calls.",36,24,20,10,https://www.google.com/maps/search/?api=1&query=Davinder%20Real%20Estate%20Kharar
Chandigarh Tricity,11,A,90,M Parul & Co - chartered accountant,Chartered accountant,Professional Services,Jubilee Walk Mohali,Mohali (SAS Nagar),098031 03023,4.9,135,Growth,"₹45,000",45000,Tue-Thu 11:00-13:00 / 16:00-18:00 (not before 1 Oct),"Services, registration credentials and a deadline-driven enquiry form. Clients verify a firm online before they call.",40,21,19,10,https://www.google.com/maps/search/?api=1&query=M%20Parul%20%26%20Co%20-%20chartered%20accountant%20Jubilee%20Walk%20Mohali
Chandigarh Tricity,12,A,90,Kirpa Immigration Private Limited,Immigration consultant,Professional Services,Sector 34 Chandigarh,Chandigarh,095920 20304,4.9,124,Growth,"₹45,000",45000,Tue-Thu 11:30-13:00 / 15:00-17:00,"Services, registration credentials and a deadline-driven enquiry form. Clients verify a firm online before they call.",40,21,19,10,https://www.google.com/maps/search/?api=1&query=Kirpa%20Immigration%20Private%20Limited%20Sector%2034%20Chandigarh
Chandigarh Tricity,13,A,90,A P S A & COMPANY (CA. Atul Gupta),Chartered accountant,Professional Services,Panchkula,Panchkula,094649 55470,5,94,Growth,"₹45,000",45000,Tue-Thu 11:00-13:00 / 16:00-18:00 (not before 1 Oct),"Services, registration credentials and a deadline-driven enquiry form. Clients verify a firm online before they call.",40,20,20,10,https://www.google.com/maps/search/?api=1&query=A%20P%20S%20A%20%26%20COMPANY%20%28CA.%20Atul%20Gupta%29%20Panchkula
Chandigarh Tricity,14,A,89,Baweja Tent house,Tent house supplier,Food & Events,Mohali,Mohali (SAS Nagar),089744 00800,5,507,Growth,"₹45,000",45000,Tue-Thu 11:00-16:00,Menu and package pages plus a date-availability enquiry form. Enquiries die in WhatsApp with no record today.,32,27,20,10,https://www.google.com/maps/search/?api=1&query=Baweja%20Tent%20house%20Mohali
Chandigarh Tricity,15,A,89,Dr Sunena's Physiotherapy Clinic,Physiotherapy centre,Health & Wellness,Panchkula,Panchkula,092169 86463,4.9,278,Custom,"₹1,20,000+",120000,Tue-Thu 11:00-13:00 / 16:00-19:00,"Practitioner credentials, treatments and online booking. Patients search the area before they phone.",36,24,19,10,https://www.google.com/maps/search/?api=1&query=Dr%20Sunena%27s%20Physiotherapy%20Clinic%20Panchkula
Chandigarh Tricity,16,A,89,Dr. Kakkar's Dental Care Centre,Dental clinic,Health & Wellness,Panchkula,Panchkula,094171 73817,4.9,250,Custom,"₹1,20,000+",120000,Tue-Thu 11:00-13:00 / 16:00-19:00,"Practitioner credentials, treatments and online booking. Patients search the area before they phone.",36,24,19,10,https://www.google.com/maps/search/?api=1&query=Dr.%20Kakkar%27s%20Dental%20Care%20Centre%20Panchkula
Chandigarh Tricity,17,A,89,Physiotherapy - Dr. Uma's The Complete Physiotherapy,Physiotherapy centre,Health & Wellness,Panchkula,Panchkula,080592 03826,5,221,Growth,"₹45,000",45000,Tue-Thu 11:00-13:00 / 16:00-19:00,"Practitioner credentials, treatments and online booking. Patients search the area before they phone.",36,23,20,10,https://www.google.com/maps/search/?api=1&query=Physiotherapy%20-%20Dr.%20Uma%27s%20The%20Complete%20Physiotherapy%20Panchkula
Chandigarh Tricity,18,A,89,Blossom playway & kindergarten,Preschool,Education & Training,Panchkula,Panchkula,097809 43556,5,185,Growth,"₹45,000",45000,Tue-Thu 11:00-13:00 (before pickup),"Curriculum, fees, faculty and an admission-enquiry form. Parents shortlist online, then visit.",36,23,20,10,https://www.google.com/maps/search/?api=1&query=Blossom%20playway%20%26%20kindergarten%20Panchkula
Chandigarh Tricity,19,A,89,My Physio My Care Dr Kirandeep kaur Physiotherapy Clinic,Physiotherapy centre,Health & Wellness,Mohali,Mohali (SAS Nagar),090413 09558,5,183,Growth,"₹45,000",45000,Tue-Thu 11:00-13:00 / 16:00-19:00,"Practitioner credentials, treatments and online booking. Patients search the area before they phone.",36,23,20,10,https://www.google.com/maps/search/?api=1&query=My%20Physio%20My%20Care%20Dr%20Kirandeep%20kaur%20Physiotherapy%20Clinic%20Mohali
Chandigarh Tricity,20,A,89,Narula orthocare and Physiotherapy Clinic,Physiotherapy centre,Health & Wellness,W VIP Road Zirakpur,Zirakpur / Dera Bassi,099889 12999,5,178,Growth,"₹45,000",45000,Tue-Thu 11:00-13:00 / 16:00-19:00,"Practitioner credentials, treatments and online booking. Patients search the area before they phone.",36,23,20,10,https://www.google.com/maps/search/?api=1&query=Narula%20orthocare%20and%20Physiotherapy%20Clinic%20W%20VIP%20Road%20Zirakpur
Chandigarh Tricity,21,A,89,Gurdev Consultants,Visa agent,Professional Services,Royale Estate Zirakpur,Zirakpur / Dera Bassi,096465 32206,4.9,160,Growth,"₹45,000",45000,Tue-Thu 11:30-13:00 / 15:00-17:00,"Services, registration credentials and a deadline-driven enquiry form. Clients verify a firm online before they call.",38,22,19,10,https://www.google.com/maps/search/?api=1&query=Gurdev%20Consultants%20Royale%20Estate%20Zirakpur
Chandigarh Tricity,22,A,89,Global Acme Visa,Immigration consultant,Professional Services,Panchkula,Panchkula,097798 80102,4.9,97,Growth,"₹45,000",45000,Tue-Thu 11:30-13:00 / 15:00-17:00,"Services, registration credentials and a deadline-driven enquiry form. Clients verify a firm online before they call.",40,20,19,10,https://www.google.com/maps/search/?api=1&query=Global%20Acme%20Visa%20Panchkula
Chandigarh Tricity,23,A,89,Raich & Co. Chartered Accountants,Certified public accountant,Professional Services,Kharar,Mohali (SAS Nagar),098558 84877,5,75,Growth,"₹45,000",45000,Tue-Thu 11:00-13:00 / 16:00-18:00 (not before 1 Oct),"Services, registration credentials and a deadline-driven enquiry form. Clients verify a firm online before they call.",40,19,20,10,https://www.google.com/maps/search/?api=1&query=Raich%20%26%20Co.%20Chartered%20Accountants%20Kharar
Chandigarh Tricity,24,A,89,M L Goyal & Associates,Chartered accountant,Professional Services,Panchkula,Panchkula,092163 67291,5,73,Growth,"₹45,000",45000,Tue-Thu 11:00-13:00 / 16:00-18:00 (not before 1 Oct),"Services, registration credentials and a deadline-driven enquiry form. Clients verify a firm online before they call.",40,19,20,10,https://www.google.com/maps/search/?api=1&query=M%20L%20Goyal%20%26%20Associates%20Panchkula
Chandigarh Tricity,25,A,88,Singh Tent House,Tent house supplier,Food & Events,Mattaur Mohali,Mohali (SAS Nagar),094177 20582,5,434,Growth,"₹45,000",45000,Tue-Thu 11:00-16:00,Menu and package pages plus a date-availability enquiry form. Enquiries die in WhatsApp with no record today.,32,26,20,10,https://www.google.com/maps/search/?api=1&query=Singh%20Tent%20House%20Mattaur%20Mohali
Chandigarh Tricity,26,A,88,Ankit Coaching Classes & Home Tuition,Coaching centre,Education & Training,NK Sharma Road Zirakpur,Zirakpur / Dera Bassi,098778 19938,5,265,Custom,"₹1,20,000+",120000,Tue-Thu 11:00-13:00 / 15:00-17:00 (before evening batches),"Curriculum, fees, faculty and an admission-enquiry form. Parents shortlist online, then visit.",34,24,20,10,https://www.google.com/maps/search/?api=1&query=Ankit%20Coaching%20Classes%20%26%20Home%20Tuition%20NK%20Sharma%20Road%20Zirakpur
Chandigarh Tricity,27,A,88,PK FOODS AND CATERERS,Caterer,Food & Events,Highland Park Zirakpur,Zirakpur / Dera Bassi,098342 04049,5,248,Growth,"₹45,000",45000,Tue-Thu 11:00-16:00,Menu and package pages plus a date-availability enquiry form. Enquiries die in WhatsApp with no record today.,34,24,20,10,https://www.google.com/maps/search/?api=1&query=PK%20FOODS%20AND%20CATERERS%20Highland%20Park%20Zirakpur
Chandigarh Tricity,28,A,88,Windson Overseas,English language school,Education & Training,Phase 5 Mohali,Mohali (SAS Nagar),062809 66280,5,231,Growth,"₹45,000",45000,Tue-Thu 11:00-13:00 / 15:00-17:00 (before evening batches),"Curriculum, fees, faculty and an admission-enquiry form. Parents shortlist online, then visit.",34,24,20,10,https://www.google.com/maps/search/?api=1&query=Windson%20Overseas%20Phase%205%20Mohali
Chandigarh Tricity,29,A,87,MS Academy,Coaching centre,Education & Training,Kharar,Mohali (SAS Nagar),062836 50741,4.9,285,Custom,"₹1,20,000+",120000,Tue-Thu 11:00-13:00 / 15:00-17:00 (before evening batches),"Curriculum, fees, faculty and an admission-enquiry form. Parents shortlist online, then visit.",34,25,19,10,https://www.google.com/maps/search/?api=1&query=MS%20Academy%20Kharar
Chandigarh Tricity,30,A,87,Heera Caterer & Event Planners,Caterer,Food & Events,Panchkula,Panchkula,098150 36134,4.9,250,Custom,"₹1,20,000+",120000,Tue-Thu 11:00-16:00,Menu and package pages plus a date-availability enquiry form. Enquiries die in WhatsApp with no record today.,34,24,19,10,https://www.google.com/maps/search/?api=1&query=Heera%20Caterer%20%26%20Event%20Planners%20Panchkula
Chandigarh Tricity,31,A,87,Anand Dental Clinic,Dental clinic,Health & Wellness,Sector 10 Panchkula,Panchkula,099151 04439,4.8,211,Growth,"₹45,000",45000,Tue-Thu 11:00-13:00 / 16:00-19:00,"Practitioner credentials, treatments and online booking. Patients search the area before they phone.",36,23,17,10,https://www.google.com/maps/search/?api=1&query=Anand%20Dental%20Clinic%20Sector%2010%20Panchkula
Chandigarh Tricity,32,A,87,Aspire Tutorials,Coaching centre,Education & Training,VIP Road Zirakpur,Zirakpur / Dera Bassi,078892 56896,5,179,Growth,"₹45,000",45000,Tue-Thu 11:00-13:00 / 15:00-17:00 (before evening batches),"Curriculum, fees, faculty and an admission-enquiry form. Parents shortlist online, then visit.",34,23,20,10,https://www.google.com/maps/search/?api=1&query=Aspire%20Tutorials%20VIP%20Road%20Zirakpur
Chandigarh Tricity,33,A,87,Acumen Physiotherapy & Rehabilitation Center,Physiotherapy centre,Health & Wellness,VIP Road Zirakpur,Zirakpur / Dera Bassi,081463 12312,4.9,174,Growth,"₹45,000",45000,Tue-Thu 11:00-13:00 / 16:00-19:00,"Practitioner credentials, treatments and online booking. Patients search the area before they phone.",36,22,19,10,https://www.google.com/maps/search/?api=1&query=Acumen%20Physiotherapy%20%26%20Rehabilitation%20Center%20VIP%20Road%20Zirakpur
Chandigarh Tricity,34,A,87,Efiling Services & Associates,Tax preparation service,Professional Services,TDI Mohali,Mohali (SAS Nagar),094639 99344,5,88,Growth,"₹45,000",45000,Tue-Thu 11:00-13:00 / 16:00-18:00 (not before 1 Oct),"Services, registration credentials and a deadline-driven enquiry form. Clients verify a firm online before they call.",38,19,20,10,https://www.google.com/maps/search/?api=1&query=Efiling%20Services%20%26%20Associates%20TDI%20Mohali
Chandigarh Tricity,35,A,87,CA Gurkaran Singh & Co.,Chartered accountant,Professional Services,Dera Bassi,Zirakpur / Dera Bassi,098760 19650,5,53,Growth,"₹45,000",45000,Tue-Thu 11:00-13:00 / 16:00-18:00 (not before 1 Oct),"Services, registration credentials and a deadline-driven enquiry form. Clients verify a firm online before they call.",40,17,20,10,https://www.google.com/maps/search/?api=1&query=CA%20Gurkaran%20Singh%20%26%20Co.%20Dera%20Bassi
Chandigarh Tricity,36,A,87,PRIYA INTERIORS (MOHALI),Interior designer,Home & Interiors,Mattaur Mohali,Mohali (SAS Nagar),088476 23263,5,47,Growth,"₹45,000",45000,Tue-Thu 11:00-13:00 / 15:00-18:00,"A project gallery with before/after by room type, plus a budget-range enquiry form. Buyers judge on photos first.",40,17,20,10,https://www.google.com/maps/search/?api=1&query=PRIYA%20INTERIORS%20%28MOHALI%29%20Mattaur%20Mohali
Chandigarh Tricity,37,A,86,RAVI INTERIORS WALLPAPER HUB,Wallpaper store,Home & Interiors,Patiala Road Zirakpur,Zirakpur / Dera Bassi,073411 26901,4.7,2472,Growth,"₹45,000",45000,Tue-Thu 11:00-13:00 / 15:00-18:00,"A project gallery with before/after by room type, plus a budget-range enquiry form. Buyers judge on photos first.",30,30,16,10,https://www.google.com/maps/search/?api=1&query=RAVI%20INTERIORS%20WALLPAPER%20HUB%20Patiala%20Road%20Zirakpur
Chandigarh Tricity,38,A,86,Tress Lounge Zirakpur,Beauty parlour,Health & Wellness,Zirakpur,Zirakpur / Dera Bassi,098783 53001,4.7,634,Growth,"₹45,000",45000,Tue-Thu 11:00-13:00 / 16:00-19:00,"Practitioner credentials, treatments and online booking. Patients search the area before they phone.",32,28,16,10,https://www.google.com/maps/search/?api=1&query=Tress%20Lounge%20Zirakpur%20Zirakpur
Chandigarh Tricity,39,A,86,Melbourne Migration Consultants,English language school,Education & Training,Zirakpur,Zirakpur / Dera Bassi,098761 19554,4.8,297,Custom,"₹1,20,000+",120000,Tue-Thu 11:00-13:00 / 15:00-17:00 (before evening batches),"Curriculum, fees, faculty and an admission-enquiry form. Parents shortlist online, then visit.",34,25,17,10,https://www.google.com/maps/search/?api=1&query=Melbourne%20Migration%20Consultants%20Zirakpur
Chandigarh Tricity,40,A,86,Apple Eye Smart Pre-School,Preschool,Education & Training,VIP Road Zirakpur,Zirakpur / Dera Bassi,092168 81282,4.9,133,Growth,"₹45,000",45000,Tue-Thu 11:00-13:00 (before pickup),"Curriculum, fees, faculty and an admission-enquiry form. Parents shortlist online, then visit.",36,21,19,10,https://www.google.com/maps/search/?api=1&query=Apple%20Eye%20Smart%20Pre-School%20VIP%20Road%20Zirakpur
Chandigarh Tricity,41,A,86,The Beginning Playschool,Preschool,Education & Training,Phase 1 Mohali,Mohali (SAS Nagar),084376 16776,5,105,Growth,"₹45,000",45000,Tue-Thu 11:00-13:00 (before pickup),"Curriculum, fees, faculty and an admission-enquiry form. Parents shortlist online, then visit.",36,20,20,10,https://www.google.com/maps/search/?api=1&query=The%20Beginning%20Playschool%20Phase%201%20Mohali
Chandigarh Tricity,42,A,86,FLOWER DECORATION IN CHANDIGARH,Wedding planner,Food & Events,Chandigarh,Chandigarh,096462 46332,4.9,95,Growth,"₹45,000",45000,Tue-Thu 11:00-16:00,Menu and package pages plus a date-availability enquiry form. Enquiries die in WhatsApp with no record today.,38,20,19,10,https://www.google.com/maps/search/?api=1&query=FLOWER%20DECORATION%20IN%20CHANDIGARH%20Chandigarh
Chandigarh Tricity,43,A,86,Kirpal Lamba & Associates,Chartered accountant,Professional Services,Landran Road Kharar,Mohali (SAS Nagar),099882 26171,4.8,76,Growth,"₹45,000",45000,Tue-Thu 11:00-13:00 / 16:00-18:00 (not before 1 Oct),"Services, registration credentials and a deadline-driven enquiry form. Clients verify a firm online before they call.",40,19,17,10,https://www.google.com/maps/search/?api=1&query=Kirpal%20Lamba%20%26%20Associates%20Landran%20Road%20Kharar
Chandigarh Tricity,44,A,86,VKT Accounting Services,Tax consultant,Professional Services,Mannat Enclave Zirakpur,Zirakpur / Dera Bassi,098784 94144,5,62,Growth,"₹45,000",45000,Tue-Thu 11:00-13:00 / 16:00-18:00 (not before 1 Oct),"Services, registration credentials and a deadline-driven enquiry form. Clients verify a firm online before they call.",38,18,20,10,https://www.google.com/maps/search/?api=1&query=VKT%20Accounting%20Services%20Mannat%20Enclave%20Zirakpur
Chandigarh Tricity,45,A,86,Manoj J Kumar & Associates,Chartered accountant,Professional Services,Kharar,Mohali (SAS Nagar),094786 95141,4.9,58,Growth,"₹45,000",45000,Tue-Thu 11:00-13:00 / 16:00-18:00 (not before 1 Oct),"Services, registration credentials and a deadline-driven enquiry form. Clients verify a firm online before they call.",40,18,19,10,https://www.google.com/maps/search/?api=1&query=Manoj%20J%20Kumar%20%26%20Associates%20Kharar
Chandigarh Tricity,46,A,86,Fly First immigration,Immigration consultant,Professional Services,Dera Bassi,Zirakpur / Dera Bassi,099886 60224,4.9,52,Growth,"₹45,000",45000,Tue-Thu 11:30-13:00 / 15:00-17:00,"Services, registration credentials and a deadline-driven enquiry form. Clients verify a firm online before they call.",40,17,19,10,https://www.google.com/maps/search/?api=1&query=Fly%20First%20immigration%20Dera%20Bassi
Chandigarh Tricity,47,A,86,Srivastava V. K & Associates Chartered Accountants,Chartered accountant,Professional Services,Zirakpur,Zirakpur / Dera Bassi,099883 13494,5,38,Growth,"₹45,000",45000,Tue-Thu 11:00-13:00 / 16:00-18:00 (not before 1 Oct),"Services, registration credentials and a deadline-driven enquiry form. Clients verify a firm online before they call.",40,16,20,10,https://www.google.com/maps/search/?api=1&query=Srivastava%20V.%20K%20%26%20Associates%20Chartered%20Accountants%20Zirakpur
Chandigarh Tricity,48,A,85,AdvancedPhysiocare by dr simran,Physiotherapy centre,Health & Wellness,Sector 12 Panchkula,Panchkula,085560 08556,4.8,133,Growth,"₹45,000",45000,Tue-Thu 11:00-13:00 / 16:00-19:00,"Practitioner credentials, treatments and online booking. Patients search the area before they phone.",36,21,17,10,https://www.google.com/maps/search/?api=1&query=AdvancedPhysiocare%20by%20dr%20simran%20Sector%2012%20Panchkula
Chandigarh Tricity,49,A,85,Dr. Sonia Physiotherapy,Physiotherapy centre,Health & Wellness,Panchkula,Panchkula,090411 72301,4.9,107,Growth,"₹45,000",45000,Tue-Thu 11:00-13:00 / 16:00-19:00,"Practitioner credentials, treatments and online booking. Patients search the area before they phone.",36,20,19,10,https://www.google.com/maps/search/?api=1&query=Dr.%20Sonia%20Physiotherapy%20Panchkula
Chandigarh Tricity,50,A,85,KS BEST PROPERTIES,Real estate consultant,Retail & Services,Kharar,Mohali (SAS Nagar),076010 00021,4.9,102,Growth,"₹45,000",45000,Tue-Thu 11:00-16:00,"Services, coverage area and a callback form so enquiries stop dying in missed calls.",36,20,19,10,https://www.google.com/maps/search/?api=1&query=KS%20BEST%20PROPERTIES%20Kharar
Chandigarh Tricity,51,A,85,Sharma's Physiotherapy and Rehabilitation Centre,Physiotherapy centre,Health & Wellness,Haibatpur Dera Bassi,Zirakpur / Dera Bassi,062801 27455,5,86,Growth,"₹45,000",45000,Tue-Thu 11:00-13:00 / 16:00-19:00,"Practitioner credentials, treatments and online booking. Patients search the area before they phone.",36,19,20,10,https://www.google.com/maps/search/?api=1&query=Sharma%27s%20Physiotherapy%20and%20Rehabilitation%20Centre%20Haibatpur%20Dera%20Bassi
Chandigarh Tricity,52,A,85,Regal Estate,Real estate consultant,Retail & Services,VIP Road Zirakpur,Zirakpur / Dera Bassi,091320 69000,5,77,Growth,"₹45,000",45000,Tue-Thu 11:00-16:00,"Services, coverage area and a callback form so enquiries stop dying in missed calls.",36,19,20,10,https://www.google.com/maps/search/?api=1&query=Regal%20Estate%20VIP%20Road%20Zirakpur
Chandigarh Tricity,53,A,85,KANIKA NITISH AND ASSOCIATES,Chartered accountant,Professional Services,Zirakpur,Zirakpur / Dera Bassi,097808 55945,4.8,62,Growth,"₹45,000",45000,Tue-Thu 11:00-13:00 / 16:00-18:00 (not before 1 Oct),"Services, registration credentials and a deadline-driven enquiry form. Clients verify a firm online before they call.",40,18,17,10,https://www.google.com/maps/search/?api=1&query=KANIKA%20NITISH%20AND%20ASSOCIATES%20Zirakpur
Chandigarh Tricity,54,A,85,Define Overseas Immigration,Immigration consultant,Professional Services,Kharar,Mohali (SAS Nagar),073411 15291,4.8,56,Growth,"₹45,000",45000,Tue-Thu 11:30-13:00 / 15:00-17:00,"Services, registration credentials and a deadline-driven enquiry form. Clients verify a firm online before they call.",40,18,17,10,https://www.google.com/maps/search/?api=1&query=Define%20Overseas%20Immigration%20Kharar
Chandigarh Tricity,55,A,85,HCB & Associates,Certified public accountant,Professional Services,Panchkula,Panchkula,076960 00624,5,30,Growth,"₹45,000",45000,Tue-Thu 11:00-13:00 / 16:00-18:00 (not before 1 Oct),"Services, registration credentials and a deadline-driven enquiry form. Clients verify a firm online before they call.",40,15,20,10,https://www.google.com/maps/search/?api=1&query=HCB%20%26%20Associates%20Panchkula
Chandigarh Tricity,56,A,85,Patron Immigration Mohali,Immigration consultant,Professional Services,Kharar,Mohali (SAS Nagar),098772 75383,5,28,Growth,"₹45,000",45000,Tue-Thu 11:30-13:00 / 15:00-17:00,"Services, registration credentials and a deadline-driven enquiry form. Clients verify a firm online before they call.",40,15,20,10,https://www.google.com/maps/search/?api=1&query=Patron%20Immigration%20Mohali%20Kharar
Chandigarh Tricity,57,B,84,Saini Tour and Travels,Travel agency,Retail & Services,Panchkula,Panchkula,092171 81801,4.9,218,Growth,"₹45,000",45000,Tue-Thu 11:00-16:00,"Services, coverage area and a callback form so enquiries stop dying in missed calls.",32,23,19,10,https://www.google.com/maps/search/?api=1&query=Saini%20Tour%20and%20Travels%20Panchkula
Chandigarh Tricity,58,B,84,Target Education Academy,Coaching centre,Education & Training,Gulmohar City Dera Bassi,Zirakpur / Dera Bassi,096462 47140,4.9,143,Growth,"₹45,000",45000,Tue-Thu 11:00-13:00 / 15:00-17:00 (before evening batches),"Curriculum, fees, faculty and an admission-enquiry form. Parents shortlist online, then visit.",34,22,19,10,https://www.google.com/maps/search/?api=1&query=Target%20Education%20Academy%20Gulmohar%20City%20Dera%20Bassi
Chandigarh Tricity,59,B,84,SAI COMMERCE ZONE,Coaching centre,Education & Training,Dera Bassi,Zirakpur / Dera Bassi,096463 78477,4.9,122,Growth,"₹45,000",45000,Tue-Thu 11:00-13:00 / 15:00-17:00 (before evening batches),"Curriculum, fees, faculty and an admission-enquiry form. Parents shortlist online, then visit.",34,21,19,10,https://www.google.com/maps/search/?api=1&query=SAI%20COMMERCE%20ZONE%20Dera%20Bassi
Chandigarh Tricity,60,B,84,The Spanning Kids School,Preschool,Education & Training,Sunny Enclave Kharar,Mohali (SAS Nagar),098888 11684,4.8,104,Growth,"₹45,000",45000,Tue-Thu 11:00-13:00 (before pickup),"Curriculum, fees, faculty and an admission-enquiry form. Parents shortlist online, then visit.",36,20,17,10,https://www.google.com/maps/search/?api=1&query=The%20Spanning%20Kids%20School%20Sunny%20Enclave%20Kharar
Chandigarh Tricity,61,B,84,The Country Caterers,Catering food and drink supplier,Food & Events,VIP Road Zirakpur,Zirakpur / Dera Bassi,094160 95620,5,99,Growth,"₹45,000",45000,Tue-Thu 11:00-16:00,Menu and package pages plus a date-availability enquiry form. Enquiries die in WhatsApp with no record today.,34,20,20,10,https://www.google.com/maps/search/?api=1&query=The%20Country%20Caterers%20VIP%20Road%20Zirakpur
Chandigarh Tricity,62,B,84,HERITAGE PROPERTIES,Real estate agency,Retail & Services,Central Plaza Mohali,Mohali (SAS Nagar),079736 41446,4.9,93,Growth,"₹45,000",45000,Tue-Thu 11:00-16:00,"Services, coverage area and a callback form so enquiries stop dying in missed calls.",36,20,19,10,https://www.google.com/maps/search/?api=1&query=HERITAGE%20PROPERTIES%20Central%20Plaza%20Mohali
Chandigarh Tricity,63,B,84,G.G ESTATE'Z,Real estate agency,Retail & Services,Dera Bassi,Zirakpur / Dera Bassi,098155 06976,4.9,90,Growth,"₹45,000",45000,Tue-Thu 11:00-16:00,"Services, coverage area and a callback form so enquiries stop dying in missed calls.",36,20,19,10,https://www.google.com/maps/search/?api=1&query=G.G%20ESTATE%27Z%20Dera%20Bassi
Chandigarh Tricity,64,B,84,Healing hands Physio Care clinic,Physiotherapy centre,Health & Wellness,Zirakpur,Zirakpur / Dera Bassi,080544 47628,4.9,87,Growth,"₹45,000",45000,Tue-Thu 11:00-13:00 / 16:00-19:00,"Practitioner credentials, treatments and online booking. Patients search the area before they phone.",36,19,19,10,https://www.google.com/maps/search/?api=1&query=Healing%20hands%20Physio%20Care%20clinic%20Zirakpur
Chandigarh Tricity,65,B,84,Smile Kraft Dental Clinic,Dental clinic,Health & Wellness,Sector 8 Panchkula,Panchkula,0172 463 3058,4.9,77,Growth,"₹45,000",45000,Tue-Thu 11:00-13:00 / 16:00-19:00,"Practitioner credentials, treatments and online booking. Patients search the area before they phone.",36,19,19,10,https://www.google.com/maps/search/?api=1&query=Smile%20Kraft%20Dental%20Clinic%20Sector%208%20Panchkula
Chandigarh Tricity,66,B,84,AGAM IMMIGRATION CONSULTANTS (AGAM GROUP) INDIA,Immigration consultant,Professional Services,MDC Panchkula,Panchkula,097818 14901,4.9,34,Growth,"₹45,000",45000,Tue-Thu 11:30-13:00 / 15:00-17:00,"Services, registration credentials and a deadline-driven enquiry form. Clients verify a firm online before they call.",40,15,19,10,https://www.google.com/maps/search/?api=1&query=AGAM%20IMMIGRATION%20CONSULTANTS%20%28AGAM%20GROUP%29%20INDIA%20MDC%20Panchkula
Chandigarh Tricity,67,B,84,CA MANU BANSAL,Chartered accountant,Professional Services,Patiala Road Zirakpur,Zirakpur / Dera Bassi,098763 50678,4.9,30,Growth,"₹45,000",45000,Tue-Thu 11:00-13:00 / 16:00-18:00 (not before 1 Oct),"Services, registration credentials and a deadline-driven enquiry form. Clients verify a firm online before they call.",40,15,19,10,https://www.google.com/maps/search/?api=1&query=CA%20MANU%20BANSAL%20Patiala%20Road%20Zirakpur
Chandigarh Tricity,68,B,84,Bansal Pahul & Associates,Chartered accountant,Professional Services,Panchkula,Panchkula,099880 77338,5,27,Growth,"₹45,000",45000,Tue-Thu 11:00-13:00 / 16:00-18:00 (not before 1 Oct),"Services, registration credentials and a deadline-driven enquiry form. Clients verify a firm online before they call.",40,14,20,10,https://www.google.com/maps/search/?api=1&query=Bansal%20Pahul%20%26%20Associates%20Panchkula
Chandigarh Tricity,69,B,84,Thakur Interior Studio,Interior designer,Home & Interiors,Dera Bassi,Zirakpur / Dera Bassi,062830 90578,5,26,Growth,"₹45,000",45000,Tue-Thu 11:00-13:00 / 15:00-18:00,"A project gallery with before/after by room type, plus a budget-range enquiry form. Buyers judge on photos first.",40,14,20,10,https://www.google.com/maps/search/?api=1&query=Thakur%20Interior%20Studio%20Dera%20Bassi
Chandigarh Tricity,70,B,84,Shiv Bansal & Co. - Chartered Accountant in Zirakpur,Chartered accountant,Professional Services,VIP Road Zirakpur,Zirakpur / Dera Bassi,098148 06353,5,22,Growth,"₹45,000",45000,Tue-Thu 11:00-13:00 / 16:00-18:00 (not before 1 Oct),"Services, registration credentials and a deadline-driven enquiry form. Clients verify a firm online before they call.",40,14,20,10,https://www.google.com/maps/search/?api=1&query=Shiv%20Bansal%20%26%20Co.%20-%20Chartered%20Accountant%20in%20Zirakpur%20VIP%20Road%20Zirakpur
Chandigarh Tricity,71,B,83,Raj Western & Travel Services,Travel agency,Retail & Services,Kharar,Mohali (SAS Nagar),081465 45242,4.8,228,Growth,"₹45,000",45000,Tue-Thu 11:00-16:00,"Services, coverage area and a callback form so enquiries stop dying in missed calls.",32,24,17,10,https://www.google.com/maps/search/?api=1&query=Raj%20Western%20%26%20Travel%20Services%20Kharar
Chandigarh Tricity,72,B,83,Yankee Tour & Travels,Travel agency,Retail & Services,Dera Bassi,Zirakpur / Dera Bassi,094638 15524,5,136,Growth,"₹45,000",45000,Tue-Thu 11:00-16:00,"Services, coverage area and a callback form so enquiries stop dying in missed calls.",32,21,20,10,https://www.google.com/maps/search/?api=1&query=Yankee%20Tour%20%26%20Travels%20Dera%20Bassi
Chandigarh Tricity,73,B,83,KING'S TENTS AND CATERING,Tent house supplier,Food & Events,Kharar,Mohali (SAS Nagar),084370 05693,5,130,Growth,"₹45,000",45000,Tue-Thu 11:00-16:00,Menu and package pages plus a date-availability enquiry form. Enquiries die in WhatsApp with no record today.,32,21,20,10,https://www.google.com/maps/search/?api=1&query=KING%27S%20TENTS%20AND%20CATERING%20Kharar
Chandigarh Tricity,74,B,83,LION EDUCATION SERVICES,Coaching centre,Education & Training,Dera Bassi,Zirakpur / Dera Bassi,090561 88436,4.9,114,Growth,"₹45,000",45000,Tue-Thu 11:00-13:00 / 15:00-17:00 (before evening batches),"Curriculum, fees, faculty and an admission-enquiry form. Parents shortlist online, then visit.",34,21,19,10,https://www.google.com/maps/search/?api=1&query=LION%20EDUCATION%20SERVICES%20Dera%20Bassi
Chandigarh Tricity,75,B,83,Dr.Shraddha Healing Hands Physiotherapy,Physiotherapy centre,Health & Wellness,Kharar,Mohali (SAS Nagar),082690 28146,4.9,71,Growth,"₹45,000",45000,Tue-Thu 11:00-13:00 / 16:00-19:00,"Practitioner credentials, treatments and online booking. Patients search the area before they phone.",36,19,19,10,https://www.google.com/maps/search/?api=1&query=Dr.Shraddha%20Healing%20Hands%20Physiotherapy%20Kharar
Chandigarh Tricity,76,B,83,Quick Heal Physio. & Rehab. Centre,Physiotherapy centre,Health & Wellness,Dera Bassi,Zirakpur / Dera Bassi,095887 49069,4.9,71,Growth,"₹45,000",45000,Tue-Thu 11:00-13:00 / 16:00-19:00,"Practitioner credentials, treatments and online booking. Patients search the area before they phone.",36,19,19,10,https://www.google.com/maps/search/?api=1&query=Quick%20Heal%20Physio.%20%26%20Rehab.%20Centre%20Dera%20Bassi
Chandigarh Tricity,77,B,83,ss properties Property dealer in dera bassi,Real estate consultant,Retail & Services,Dera Bassi,Zirakpur / Dera Bassi,098785 10794,4.9,69,Growth,"₹45,000",45000,Tue-Thu 11:00-16:00,"Services, coverage area and a callback form so enquiries stop dying in missed calls.",36,18,19,10,https://www.google.com/maps/search/?api=1&query=ss%20properties%20Property%20dealer%20in%20dera%20bassi%20Dera%20Bassi
Chandigarh Tricity,78,B,83,LIFE CARE PHYSIOTHERAPY @HOME PHYSIOTHERAPY,Physiotherapy centre,Health & Wellness,Dera Bassi,Zirakpur / Dera Bassi,090411 05189,4.9,69,Growth,"₹45,000",45000,Tue-Thu 11:00-13:00 / 16:00-19:00,"Practitioner credentials, treatments and online booking. Patients search the area before they phone.",36,18,19,10,https://www.google.com/maps/search/?api=1&query=LIFE%20CARE%20PHYSIOTHERAPY%20%40HOME%20PHYSIOTHERAPY%20Dera%20Bassi
Chandigarh Tricity,79,B,83,Advance physiotherapy & wellness,Physiotherapy centre,Health & Wellness,Mata Gujri Enclave Kharar,Mohali (SAS Nagar),096190 48047,4.9,62,Growth,"₹45,000",45000,Tue-Thu 11:00-13:00 / 16:00-19:00,"Practitioner credentials, treatments and online booking. Patients search the area before they phone.",36,18,19,10,https://www.google.com/maps/search/?api=1&query=Advance%20physiotherapy%20%26%20wellness%20Mata%20Gujri%20Enclave%20Kharar
Chandigarh Tricity,80,B,83,Nanhe Kadam Divine Touch,Preschool,Education & Training,Haibatpur Dera Bassi,Zirakpur / Dera Bassi,098888 37924,5,54,Growth,"₹45,000",45000,Tue-Thu 11:00-13:00 (before pickup),"Curriculum, fees, faculty and an admission-enquiry form. Parents shortlist online, then visit.",36,17,20,10,https://www.google.com/maps/search/?api=1&query=Nanhe%20Kadam%20Divine%20Touch%20Haibatpur%20Dera%20Bassi
Chandigarh Tricity,81,B,83,Tricity Immigration Consultants,Immigration consultant,Professional Services,Panchkula,Panchkula,082840 54015,4.7,52,Growth,"₹45,000",45000,Tue-Thu 11:30-13:00 / 15:00-17:00,"Services, registration credentials and a deadline-driven enquiry form. Clients verify a firm online before they call.",40,17,16,10,https://www.google.com/maps/search/?api=1&query=Tricity%20Immigration%20Consultants%20Panchkula
Chandigarh Tricity,82,B,83,DMC physiotherapy centre,Physiotherapy centre,Health & Wellness,Dera Bassi,Zirakpur / Dera Bassi,097281 34383,5,50,Growth,"₹45,000",45000,Tue-Thu 11:00-13:00 / 16:00-19:00,"Practitioner credentials, treatments and online booking. Patients search the area before they phone.",36,17,20,10,https://www.google.com/maps/search/?api=1&query=DMC%20physiotherapy%20centre%20Dera%20Bassi
Chandigarh Tricity,83,B,83,Advance Physiotherapy & Wellness Centre,Physiotherapy centre,Health & Wellness,Kharar,Mohali (SAS Nagar),095012 10062,5,47,Growth,"₹45,000",45000,Tue-Thu 11:00-13:00 / 16:00-19:00,"Practitioner credentials, treatments and online booking. Patients search the area before they phone.",36,17,20,10,https://www.google.com/maps/search/?api=1&query=Advance%20Physiotherapy%20%26%20Wellness%20Centre%20Kharar
Chandigarh Tricity,84,B,83,Hans Interior,Interior designer,Home & Interiors,Dera Bassi,Zirakpur / Dera Bassi,099158 27029,5,17,Growth,"₹45,000",45000,Tue-Thu 11:00-13:00 / 15:00-18:00,"A project gallery with before/after by room type, plus a budget-range enquiry form. Buyers judge on photos first.",40,13,20,10,https://www.google.com/maps/search/?api=1&query=Hans%20Interior%20Dera%20Bassi
Chandigarh Tricity,85,B,82,SJ Immigration,Immigration consultant,Professional Services,Phase 5 Mohali,Mohali (SAS Nagar),— none listed,4.6,539,Custom,"₹1,20,000+",120000,Tue-Thu 11:30-13:00 / 15:00-17:00,"Services, registration credentials and a deadline-driven enquiry form. Clients verify a firm online before they call.",40,27,15,0,https://www.google.com/maps/search/?api=1&query=SJ%20Immigration%20Phase%205%20Mohali
Chandigarh Tricity,86,B,82,Vaibhav Holidays,Travel agency,Retail & Services,Panchkula,Panchkula,098728 29127,4.9,147,Growth,"₹45,000",45000,Tue-Thu 11:00-16:00,"Services, coverage area and a callback form so enquiries stop dying in missed calls.",32,22,19,10,https://www.google.com/maps/search/?api=1&query=Vaibhav%20Holidays%20Panchkula
Chandigarh Tricity,87,B,82,Shriram tour travels,Travel agency,Retail & Services,Dera Bassi,Zirakpur / Dera Bassi,095929 13807,4.9,126,Growth,"₹45,000",45000,Tue-Thu 11:00-16:00,"Services, coverage area and a callback form so enquiries stop dying in missed calls.",32,21,19,10,https://www.google.com/maps/search/?api=1&query=Shriram%20tour%20travels%20Dera%20Bassi
Chandigarh Tricity,88,B,82,Shiwani Coaching Classes,Coaching centre,Education & Training,Panchkula,Panchkula,090410 28872,4.9,94,Growth,"₹45,000",45000,Tue-Thu 11:00-13:00 / 15:00-17:00 (before evening batches),"Curriculum, fees, faculty and an admission-enquiry form. Parents shortlist online, then visit.",34,20,19,10,https://www.google.com/maps/search/?api=1&query=Shiwani%20Coaching%20Classes%20Panchkula
Chandigarh Tricity,89,B,82,RISE Edutech,Coaching centre,Education & Training,Tehsil Road Dera Bassi,Zirakpur / Dera Bassi,078888 37006,4.9,94,Growth,"₹45,000",45000,Tue-Thu 11:00-13:00 / 15:00-17:00 (before evening batches),"Curriculum, fees, faculty and an admission-enquiry form. Parents shortlist online, then visit.",34,20,19,10,https://www.google.com/maps/search/?api=1&query=RISE%20Edutech%20Tehsil%20Road%20Dera%20Bassi
Chandigarh Tricity,90,B,82,Nazara Caterers,Caterer,Food & Events,Zirakpur,Zirakpur / Dera Bassi,087100 04871,4.9,81,Growth,"₹45,000",45000,Tue-Thu 11:00-16:00,Menu and package pages plus a date-availability enquiry form. Enquiries die in WhatsApp with no record today.,34,19,19,10,https://www.google.com/maps/search/?api=1&query=Nazara%20Caterers%20Zirakpur
Chandigarh Tricity,91,B,82,SANKALP REAL ESTATES,Real estate consultant,Retail & Services,Sector 35 Chandigarh,Chandigarh,089685 96877,4.9,59,Growth,"₹45,000",45000,Tue-Thu 11:00-16:00,"Services, coverage area and a callback form so enquiries stop dying in missed calls.",36,18,19,10,https://www.google.com/maps/search/?api=1&query=SANKALP%20REAL%20ESTATES%20Sector%2035%20Chandigarh
Chandigarh Tricity,92,B,82,Dr Neha Mittal's Physiotherapy & Rehabilitation,Physiotherapy centre,Health & Wellness,Sector 104 Mohali,Mohali (SAS Nagar),098774 01519,4.9,56,Growth,"₹45,000",45000,Tue-Thu 11:00-13:00 / 16:00-19:00,"Practitioner credentials, treatments and online booking. Patients search the area before they phone.",36,18,19,10,https://www.google.com/maps/search/?api=1&query=Dr%20Neha%20Mittal%27s%20Physiotherapy%20%26%20Rehabilitation%20Sector%20104%20Mohali
Chandigarh Tricity,93,B,82,Physiofit Sports and Rehab Clinic,Physiotherapy centre,Health & Wellness,Dera Bassi,Zirakpur / Dera Bassi,094167 02950,4.9,53,Growth,"₹45,000",45000,Tue-Thu 11:00-13:00 / 16:00-19:00,"Practitioner credentials, treatments and online booking. Patients search the area before they phone.",36,17,19,10,https://www.google.com/maps/search/?api=1&query=Physiofit%20Sports%20and%20Rehab%20Clinic%20Dera%20Bassi
Chandigarh Tricity,94,B,82,OIC Global,Immigration consultant,Professional Services,Dera Bassi,Zirakpur / Dera Bassi,098553 40065,4.7,41,Growth,"₹45,000",45000,Tue-Thu 11:30-13:00 / 15:00-17:00,"Services, registration credentials and a deadline-driven enquiry form. Clients verify a firm online before they call.",40,16,16,10,https://www.google.com/maps/search/?api=1&query=OIC%20Global%20Dera%20Bassi
Chandigarh Tricity,95,B,82,Dr. Abhi Home Physiotherapy Services,Physiotherapy centre,Health & Wellness,Panchkula,Panchkula,074848 19132,5,38,Growth,"₹45,000",45000,Tue-Thu 11:00-13:00 / 16:00-19:00,"Practitioner credentials, treatments and online booking. Patients search the area before they phone.",36,16,20,10,https://www.google.com/maps/search/?api=1&query=Dr.%20Abhi%20Home%20Physiotherapy%20Services%20Panchkula
Chandigarh Tricity,96,B,82,Best Physiotherapy Clinic in zirakpur,Physiotherapy centre,Health & Wellness,Sigma City Zirakpur,Zirakpur / Dera Bassi,082888 72499,5,36,Growth,"₹45,000",45000,Tue-Thu 11:00-13:00 / 16:00-19:00,"Practitioner credentials, treatments and online booking. Patients search the area before they phone.",36,16,20,10,https://www.google.com/maps/search/?api=1&query=Best%20Physiotherapy%20Clinic%20in%20zirakpur%20Sigma%20City%20Zirakpur
Chandigarh Tricity,97,B,81,Shiv Ganga Packers And Movers,Transportation service,Retail & Services,Manimajra Chandigarh,Chandigarh,073470 25351,4.9,242,Growth,"₹45,000",45000,Tue-Thu 11:00-16:00,"Services, coverage area and a callback form so enquiries stop dying in missed calls.",28,24,19,10,https://www.google.com/maps/search/?api=1&query=Shiv%20Ganga%20Packers%20And%20Movers%20Manimajra%20Chandigarh
Chandigarh Tricity,98,B,81,Anu Makeovers Unisex Salon,Beauty parlour,Health & Wellness,Patiala Road Zirakpur,Zirakpur / Dera Bassi,081467 39314,4.8,159,Growth,"₹45,000",45000,Tue-Thu 11:00-13:00 / 16:00-19:00,"Practitioner credentials, treatments and online booking. Patients search the area before they phone.",32,22,17,10,https://www.google.com/maps/search/?api=1&query=Anu%20Makeovers%20Unisex%20Salon%20Patiala%20Road%20Zirakpur
Chandigarh Tricity,99,B,81,Riddhi Siddhi Travels,Travel agency,Retail & Services,Canam Plaza Panchkula,Panchkula,093579 99992,4.8,140,Growth,"₹45,000",45000,Tue-Thu 11:00-16:00,"Services, coverage area and a callback form so enquiries stop dying in missed calls.",32,21,17,10,https://www.google.com/maps/search/?api=1&query=Riddhi%20Siddhi%20Travels%20Canam%20Plaza%20Panchkula
Chandigarh Tricity,100,B,81,ATECH ACADEMY,Coaching centre,Education & Training,VIP Road Zirakpur,Zirakpur / Dera Bassi,090411 52777,4.7,121,Growth,"₹45,000",45000,Tue-Thu 11:00-13:00 / 15:00-17:00 (before evening batches),"Curriculum, fees, faculty and an admission-enquiry form. Parents shortlist online, then visit.",34,21,16,10,https://www.google.com/maps/search/?api=1&query=ATECH%20ACADEMY%20VIP%20Road%20Zirakpur
Chandigarh Tricity,101,B,81,Ducklings DayCare,Day care center,Education & Training,Mohali,Mohali (SAS Nagar),077078 66620,4.8,101,Growth,"₹45,000",45000,Tue-Thu 11:00-13:00 (before pickup),"Curriculum, fees, faculty and an admission-enquiry form. Parents shortlist online, then visit.",34,20,17,10,https://www.google.com/maps/search/?api=1&query=Ducklings%20DayCare%20Mohali
Chandigarh Tricity,102,B,81,IBS MOHALI,Coaching centre,Education & Training,Phase 7 Mohali,Mohali (SAS Nagar),092165 78310,4.8,98,Growth,"₹45,000",45000,Tue-Thu 11:00-13:00 / 15:00-17:00 (before evening batches),"Curriculum, fees, faculty and an admission-enquiry form. Parents shortlist online, then visit.",34,20,17,10,https://www.google.com/maps/search/?api=1&query=IBS%20MOHALI%20Phase%207%20Mohali
Chandigarh Tricity,103,B,81,Dharvi Academy,Coaching centre,Education & Training,Dera Bassi,Zirakpur / Dera Bassi,062399 12634,4.8,97,Growth,"₹45,000",45000,Tue-Thu 11:00-13:00 / 15:00-17:00 (before evening batches),"Curriculum, fees, faculty and an admission-enquiry form. Parents shortlist online, then visit.",34,20,17,10,https://www.google.com/maps/search/?api=1&query=Dharvi%20Academy%20Dera%20Bassi
Chandigarh Tricity,104,B,81,ACM Commerce Academy,Coaching centre,Education & Training,Zirakpur,Zirakpur / Dera Bassi,088720 82652,4.9,69,Growth,"₹45,000",45000,Tue-Thu 11:00-13:00 / 15:00-17:00 (before evening batches),"Curriculum, fees, faculty and an admission-enquiry form. Parents shortlist online, then visit.",34,18,19,10,https://www.google.com/maps/search/?api=1&query=ACM%20Commerce%20Academy%20Zirakpur
Chandigarh Tricity,105,B,81,R K Visa Expert,Visa agent,Professional Services,Kharar,Mohali (SAS Nagar),098888 50882,4.6,65,Growth,"₹45,000",45000,Tue-Thu 11:30-13:00 / 15:00-17:00,"Services, registration credentials and a deadline-driven enquiry form. Clients verify a firm online before they call.",38,18,15,10,https://www.google.com/maps/search/?api=1&query=R%20K%20Visa%20Expert%20Kharar
Chandigarh Tricity,106,B,81,Growing Roots Kidscare Smart Playschool,Preschool,Education & Training,Panchkula,Panchkula,079019 21892,4.8,59,Growth,"₹45,000",45000,Tue-Thu 11:00-13:00 (before pickup),"Curriculum, fees, faculty and an admission-enquiry form. Parents shortlist online, then visit.",36,18,17,10,https://www.google.com/maps/search/?api=1&query=Growing%20Roots%20Kidscare%20Smart%20Playschool%20Panchkula
Chandigarh Tricity,107,B,81,Bethsaida Playway & Kids Club,Preschool,Education & Training,Mohali,Mohali (SAS Nagar),098781 20170,4.8,52,Growth,"₹45,000",45000,Tue-Thu 11:00-13:00 (before pickup),"Curriculum, fees, faculty and an admission-enquiry form. Parents shortlist online, then visit.",36,17,17,10,https://www.google.com/maps/search/?api=1&query=Bethsaida%20Playway%20%26%20Kids%20Club%20Mohali
Chandigarh Tricity,108,B,81,KIDS FOUNDATION & DAY CARE CENTRE,Preschool,Education & Training,Gulmohar City Dera Bassi,Zirakpur / Dera Bassi,070099 14951,4.9,46,Growth,"₹45,000",45000,Tue-Thu 11:00-13:00 (before pickup),"Curriculum, fees, faculty and an admission-enquiry form. Parents shortlist online, then visit.",36,17,19,10,https://www.google.com/maps/search/?api=1&query=KIDS%20FOUNDATION%20%26%20DAY%20CARE%20CENTRE%20Gulmohar%20City%20Dera%20Bassi
Chandigarh Tricity,109,B,81,Panchkula Property Consultant (Regd.),Real estate consultant,Retail & Services,Panchkula,Panchkula,089688 16304,4.9,43,Growth,"₹45,000",45000,Tue-Thu 11:00-16:00,"Services, coverage area and a callback form so enquiries stop dying in missed calls.",36,16,19,10,https://www.google.com/maps/search/?api=1&query=Panchkula%20Property%20Consultant%20%28Regd.%29%20Panchkula
Chandigarh Tricity,110,B,81,Goldy Interior Decorators,Interior designer,Home & Interiors,VIP Road Zirakpur,Zirakpur / Dera Bassi,087259 51978,4.6,40,Growth,"₹45,000",45000,Tue-Thu 11:00-13:00 / 15:00-18:00,"A project gallery with before/after by room type, plus a budget-range enquiry form. Buyers judge on photos first.",40,16,15,10,https://www.google.com/maps/search/?api=1&query=Goldy%20Interior%20Decorators%20VIP%20Road%20Zirakpur
Chandigarh Tricity,111,B,81,Hope Physiotherapy Clinic,Physiotherapy centre,Health & Wellness,Mohali,Mohali (SAS Nagar),078149 93248,4.9,40,Growth,"₹45,000",45000,Tue-Thu 11:00-13:00 / 16:00-19:00,"Practitioner credentials, treatments and online booking. Patients search the area before they phone.",36,16,19,10,https://www.google.com/maps/search/?api=1&query=Hope%20Physiotherapy%20Clinic%20Mohali
Chandigarh Tricity,112,B,81,Chaudhary Property Consultants,Real estate consultant,Retail & Services,Landran,Mohali (SAS Nagar),070970 95222,4.9,38,Growth,"₹45,000",45000,Tue-Thu 11:00-16:00,"Services, coverage area and a callback form so enquiries stop dying in missed calls.",36,16,19,10,https://www.google.com/maps/search/?api=1&query=Chaudhary%20Property%20Consultants%20Landran
Chandigarh Tricity,113,B,81,Care physiotherapy - Physiotherapist,Physiotherapy centre,Health & Wellness,Kharar,Mohali (SAS Nagar),079730 17794,5,34,Growth,"₹45,000",45000,Tue-Thu 11:00-13:00 / 16:00-19:00,"Practitioner credentials, treatments and online booking. Patients search the area before they phone.",36,15,20,10,https://www.google.com/maps/search/?api=1&query=Care%20physiotherapy%20-%20Physiotherapist%20Kharar
Chandigarh Tricity,114,B,81,Paras Property & To Let services,Real estate consultant,Retail & Services,Panchkula,Panchkula,098880 66646,5,33,Growth,"₹45,000",45000,Tue-Thu 11:00-16:00,"Services, coverage area and a callback form so enquiries stop dying in missed calls.",36,15,20,10,https://www.google.com/maps/search/?api=1&query=Paras%20Property%20%26%20To%20Let%20services%20Panchkula
Chandigarh Tricity,115,B,81,Gupta Associates Income Tax & GST Consultant,Tax consultant,Professional Services,Mattaur Mohali,Mohali (SAS Nagar),072730 86000,4.8,32,Growth,"₹45,000",45000,Tue-Thu 11:00-13:00 / 16:00-18:00 (not before 1 Oct),"Services, registration credentials and a deadline-driven enquiry form. Clients verify a firm online before they call.",38,15,17,10,https://www.google.com/maps/search/?api=1&query=Gupta%20Associates%20Income%20Tax%20%26%20GST%20Consultant%20Mattaur%20Mohali
Chandigarh Tricity,116,B,81,Smile Sphere Dental Clinic,Dental clinic,Health & Wellness,Singhpura Zirakpur,Zirakpur / Dera Bassi,098826 86957,5,28,Growth,"₹45,000",45000,Tue-Thu 11:00-13:00 / 16:00-19:00,"Practitioner credentials, treatments and online booking. Patients search the area before they phone.",36,15,20,10,https://www.google.com/maps/search/?api=1&query=Smile%20Sphere%20Dental%20Clinic%20Singhpura%20Zirakpur
Chandigarh Tricity,117,B,81,ADVOCATE RAMAN BANSAL GST CONSULTANT,Tax consultant,Professional Services,Panchkula,Panchkula,098880 01588,5,19,Growth,"₹45,000",45000,Tue-Thu 11:00-13:00 / 16:00-18:00 (not before 1 Oct),"Services, registration credentials and a deadline-driven enquiry form. Clients verify a firm online before they call.",38,13,20,10,https://www.google.com/maps/search/?api=1&query=ADVOCATE%20RAMAN%20BANSAL%20GST%20CONSULTANT%20Panchkula
Chandigarh Tricity,118,B,81,Dream Decor,Interior designer,Home & Interiors,Jhungian Road Kharar,Mohali (SAS Nagar),088470 75352,5,13,Growth,"₹45,000",45000,Tue-Thu 11:00-13:00 / 15:00-18:00,"A project gallery with before/after by room type, plus a budget-range enquiry form. Buyers judge on photos first.",40,11,20,10,https://www.google.com/maps/search/?api=1&query=Dream%20Decor%20Jhungian%20Road%20Kharar
Chandigarh Tricity,119,B,81,CA Gurpal Singh & CO,Chartered accountant,Professional Services,Dera Bassi,Zirakpur / Dera Bassi,099886 11176,5,13,Growth,"₹45,000",45000,Tue-Thu 11:00-13:00 / 16:00-18:00 (not before 1 Oct),"Services, registration credentials and a deadline-driven enquiry form. Clients verify a firm online before they call.",40,11,20,10,https://www.google.com/maps/search/?api=1&query=CA%20Gurpal%20Singh%20%26%20CO%20Dera%20Bassi
Chandigarh Tricity,120,B,80,PMP TENT& catering,Tent house supplier,Food & Events,Zirakpur,Zirakpur / Dera Bassi,084278 41726,4.9,84,Growth,"₹45,000",45000,Tue-Thu 11:00-16:00,Menu and package pages plus a date-availability enquiry form. Enquiries die in WhatsApp with no record today.,32,19,19,10,https://www.google.com/maps/search/?api=1&query=PMP%20TENT%26%20catering%20Zirakpur
Chandigarh Tricity,121,B,80,Negi Associates,Real estate consultant,Retail & Services,Sector 35 Chandigarh,Chandigarh,098779 82678,4.6,83,Growth,"₹45,000",45000,Tue-Thu 11:00-16:00,"Services, coverage area and a callback form so enquiries stop dying in missed calls.",36,19,15,10,https://www.google.com/maps/search/?api=1&query=Negi%20Associates%20Sector%2035%20Chandigarh
Chandigarh Tricity,122,B,80,Karan Balloon Decorations,Tent house supplier,Food & Events,Chandigarh,Chandigarh,06284 123 591,5,68,Growth,"₹45,000",45000,Tue-Thu 11:00-16:00,Menu and package pages plus a date-availability enquiry form. Enquiries die in WhatsApp with no record today.,32,18,20,10,https://www.google.com/maps/search/?api=1&query=Karan%20Balloon%20Decorations%20Chandigarh
Chandigarh Tricity,123,B,80,The Smart Tour & Travels,Travel agency,Retail & Services,Haibatpur Dera Bassi,Zirakpur / Dera Bassi,099154 00152,5,68,Growth,"₹45,000",45000,Tue-Thu 11:00-16:00,"Services, coverage area and a callback form so enquiries stop dying in missed calls.",32,18,20,10,https://www.google.com/maps/search/?api=1&query=The%20Smart%20Tour%20%26%20Travels%20Haibatpur%20Dera%20Bassi
Chandigarh Tricity,124,B,80,Cuisine Experts Catering,Caterer,Food & Events,Chandigarh,Chandigarh,098760 60783,4.8,67,Growth,"₹45,000",45000,Tue-Thu 11:00-16:00,Menu and package pages plus a date-availability enquiry form. Enquiries die in WhatsApp with no record today.,34,18,17,10,https://www.google.com/maps/search/?api=1&query=Cuisine%20Experts%20Catering%20Chandigarh
Chandigarh Tricity,125,B,80,Dark Dot designers,Architect,Home & Interiors,VIP Road Zirakpur,Zirakpur / Dera Bassi,082888 02925,4.7,64,Growth,"₹45,000",45000,Tue-Thu 11:00-13:00 / 15:00-18:00,"A project gallery with before/after by room type, plus a budget-range enquiry form. Buyers judge on photos first.",36,18,16,10,https://www.google.com/maps/search/?api=1&query=Dark%20Dot%20designers%20VIP%20Road%20Zirakpur
Chandigarh Tricity,126,B,80,Dr.Ravi Ranjan physiotherapy and rehabilitation,Physiotherapy centre,Health & Wellness,Chandigarh,Chandigarh,086799 83297,4.8,51,Growth,"₹45,000",45000,Tue-Thu 11:00-13:00 / 16:00-19:00,"Practitioner credentials, treatments and online booking. Patients search the area before they phone.",36,17,17,10,https://www.google.com/maps/search/?api=1&query=Dr.Ravi%20Ranjan%20physiotherapy%20and%20rehabilitation%20Chandigarh
Chandigarh Tricity,127,B,80,Unique Coaching Centre,Coaching centre,Education & Training,Kharar,Mohali (SAS Nagar),076528 03064,4.9,48,Starter,"₹15,000",15000,Tue-Thu 11:00-13:00 / 15:00-17:00 (before evening batches),"Curriculum, fees, faculty and an admission-enquiry form. Parents shortlist online, then visit.",34,17,19,10,https://www.google.com/maps/search/?api=1&query=Unique%20Coaching%20Centre%20Kharar
Chandigarh Tricity,128,B,80,BAJAJ CATERING SERVICES,Wedding planner,Food & Events,Kharar,Mohali (SAS Nagar),081988 97097,4.7,37,Growth,"₹45,000",45000,Tue-Thu 11:00-16:00,Menu and package pages plus a date-availability enquiry form. Enquiries die in WhatsApp with no record today.,38,16,16,10,https://www.google.com/maps/search/?api=1&query=BAJAJ%20CATERING%20SERVICES%20Kharar
Chandigarh Tricity,129,B,80,Shilpa Coaching center mohali,Coaching centre,Education & Training,Mohali,Mohali (SAS Nagar),098777 76723,5,37,Starter,"₹15,000",15000,Tue-Thu 11:00-13:00 / 15:00-17:00 (before evening batches),"Curriculum, fees, faculty and an admission-enquiry form. Parents shortlist online, then visit.",34,16,20,10,https://www.google.com/maps/search/?api=1&query=Shilpa%20Coaching%20center%20mohali%20Mohali
Chandigarh Tricity,130,B,80,S T A G & CO (CHARTERED ACCOUNTANTS),Certified public accountant,Professional Services,Zirakpur,Zirakpur / Dera Bassi,094659 27000,4.9,14,Growth,"₹45,000",45000,Tue-Thu 11:00-13:00 / 16:00-18:00 (not before 1 Oct),"Services, registration credentials and a deadline-driven enquiry form. Clients verify a firm online before they call.",40,12,19,10,https://www.google.com/maps/search/?api=1&query=S%20T%20A%20G%20%26%20CO%20%28CHARTERED%20ACCOUNTANTS%29%20Zirakpur
Chandigarh Tricity,131,B,79,Guru Kirpa Enterprises,Travel agency,Retail & Services,Kharar,Mohali (SAS Nagar),099882 28433,4.7,126,Growth,"₹45,000",45000,Tue-Thu 11:00-16:00,"Services, coverage area and a callback form so enquiries stop dying in missed calls.",32,21,16,10,https://www.google.com/maps/search/?api=1&query=Guru%20Kirpa%20Enterprises%20Kharar
Chandigarh Tricity,132,B,79,Arunaaya Shine Institute,Coaching centre,Education & Training,Dera Bassi,Zirakpur / Dera Bassi,078148 80889,4.6,119,Growth,"₹45,000",45000,Tue-Thu 11:00-13:00 / 15:00-17:00 (before evening batches),"Curriculum, fees, faculty and an admission-enquiry form. Parents shortlist online, then visit.",34,21,15,10,https://www.google.com/maps/search/?api=1&query=Arunaaya%20Shine%20Institute%20Dera%20Bassi
Chandigarh Tricity,133,B,79,Kumar Money & Travel Services,Travel agency,Retail & Services,Kharar,Mohali (SAS Nagar),097810 49292,4.8,100,Growth,"₹45,000",45000,Tue-Thu 11:00-16:00,"Services, coverage area and a callback form so enquiries stop dying in missed calls.",32,20,17,10,https://www.google.com/maps/search/?api=1&query=Kumar%20Money%20%26%20Travel%20Services%20Kharar
Chandigarh Tricity,134,B,79,Ashi Decor & Handloom,Blinds shop,Home & Interiors,Dera Bassi,Zirakpur / Dera Bassi,099994 98019,5,88,Growth,"₹45,000",45000,Tue-Thu 11:00-13:00 / 15:00-18:00,"A project gallery with before/after by room type, plus a budget-range enquiry form. Buyers judge on photos first.",30,19,20,10,https://www.google.com/maps/search/?api=1&query=Ashi%20Decor%20%26%20Handloom%20Dera%20Bassi
Chandigarh Tricity,135,B,79,BAE Tours,Travel agency,Retail & Services,W VIP Road Zirakpur,Zirakpur / Dera Bassi,095012 64323,4.9,75,Growth,"₹45,000",45000,Tue-Thu 11:00-16:00,"Services, coverage area and a callback form so enquiries stop dying in missed calls.",32,19,19,10,https://www.google.com/maps/search/?api=1&query=BAE%20Tours%20W%20VIP%20Road%20Zirakpur
Chandigarh Tricity,136,B,79,MapYatra,Travel agency,Retail & Services,Fatehpur Panchkula,Panchkula,093160 48067,4.9,75,Growth,"₹45,000",45000,Tue-Thu 11:00-16:00,"Services, coverage area and a callback form so enquiries stop dying in missed calls.",32,19,19,10,https://www.google.com/maps/search/?api=1&query=MapYatra%20Fatehpur%20Panchkula
Chandigarh Tricity,137,B,79,Property Dealers,Real estate agency,Retail & Services,Phase 9 Mohali,Mohali (SAS Nagar),079867 39171,4.6,68,Growth,"₹45,000",45000,Tue-Thu 11:00-16:00,"Services, coverage area and a callback form so enquiries stop dying in missed calls.",36,18,15,10,https://www.google.com/maps/search/?api=1&query=Property%20Dealers%20Phase%209%20Mohali
Chandigarh Tricity,138,B,79,new gurunanak caterer and tent house,Caterer,Food & Events,Mohali,Mohali (SAS Nagar),098151 50770,4.8,54,Starter,"₹15,000",15000,Tue-Thu 11:00-16:00,Menu and package pages plus a date-availability enquiry form. Enquiries die in WhatsApp with no record today.,34,17,17,10,https://www.google.com/maps/search/?api=1&query=new%20gurunanak%20caterer%20and%20tent%20house%20Mohali
Chandigarh Tricity,139,B,79,KOHLI TENT & CATERERS,Tent house supplier,Food & Events,Dera Bassi,Zirakpur / Dera Bassi,099152 02204,5,51,Starter,"₹15,000",15000,Tue-Thu 11:00-16:00,Menu and package pages plus a date-availability enquiry form. Enquiries die in WhatsApp with no record today.,32,17,20,10,https://www.google.com/maps/search/?api=1&query=KOHLI%20TENT%20%26%20CATERERS%20Dera%20Bassi
Chandigarh Tricity,140,B,79,Ravi Gaurav tent and light house,Tent house supplier,Food & Events,Chandigarh,Chandigarh,094785 01095,5,50,Starter,"₹15,000",15000,Tue-Thu 11:00-16:00,Menu and package pages plus a date-availability enquiry form. Enquiries die in WhatsApp with no record today.,32,17,20,10,https://www.google.com/maps/search/?api=1&query=Ravi%20Gaurav%20tent%20and%20light%20house%20Chandigarh
Chandigarh Tricity,141,B,79,Budhiraja Property Consultant,Real estate consultant,Retail & Services,Panchkula,Panchkula,090410 78619,4.8,32,Growth,"₹45,000",45000,Tue-Thu 11:00-16:00,"Services, coverage area and a callback form so enquiries stop dying in missed calls.",36,15,17,10,https://www.google.com/maps/search/?api=1&query=Budhiraja%20Property%20Consultant%20Panchkula
Chandigarh Tricity,142,B,79,THE GOURMET CATERERS,Caterer,Food & Events,Sector 38 Chandigarh,Chandigarh,098555 54777,5,32,Starter,"₹15,000",15000,Tue-Thu 11:00-16:00,Menu and package pages plus a date-availability enquiry form. Enquiries die in WhatsApp with no record today.,34,15,20,10,https://www.google.com/maps/search/?api=1&query=THE%20GOURMET%20CATERERS%20Sector%2038%20Chandigarh
Chandigarh Tricity,143,B,79,Miracle Immigration Services Pvt. Ltd,Educational consultant,Professional Services,3B2 Mohali,Mohali (SAS Nagar),088666 66473,4.7,31,Growth,"₹45,000",45000,Tue-Thu 11:30-13:00 / 15:00-17:00,"Services, registration credentials and a deadline-driven enquiry form. Clients verify a firm online before they call.",38,15,16,10,https://www.google.com/maps/search/?api=1&query=Miracle%20Immigration%20Services%20Pvt.%20Ltd%203B2%20Mohali
Chandigarh Tricity,144,B,79,FLAVOURZ CATERING,Caterer,Food & Events,Banur,Mohali (SAS Nagar),097812 68999,5,31,Starter,"₹15,000",15000,Tue-Thu 11:00-16:00,Menu and package pages plus a date-availability enquiry form. Enquiries die in WhatsApp with no record today.,34,15,20,10,https://www.google.com/maps/search/?api=1&query=FLAVOURZ%20CATERING%20Banur
Chandigarh Tricity,145,B,79,Design Atellier,Interior designer,Home & Interiors,Silver City Zirakpur,Zirakpur / Dera Bassi,081463 31844,4.6,27,Growth,"₹45,000",45000,Tue-Thu 11:00-13:00 / 15:00-18:00,"A project gallery with before/after by room type, plus a budget-range enquiry form. Buyers judge on photos first.",40,14,15,10,https://www.google.com/maps/search/?api=1&query=Design%20Atellier%20Silver%20City%20Zirakpur
Chandigarh Tricity,146,B,79,Clear Vision Group of Real Estate - Mohali,Real estate consultant,Retail & Services,Landran,Mohali (SAS Nagar),094638 11114,4.9,27,Growth,"₹45,000",45000,Tue-Thu 11:00-16:00,"Services, coverage area and a callback form so enquiries stop dying in missed calls.",36,14,19,10,https://www.google.com/maps/search/?api=1&query=Clear%20Vision%20Group%20of%20Real%20Estate%20-%20Mohali%20Landran
Chandigarh Tricity,147,B,79,Thinkberry Kids World Preschool and Daycare,Preschool,Education & Training,Sector 124 Mohali,Mohali (SAS Nagar),06284 336 062,5,20,Growth,"₹45,000",45000,Tue-Thu 11:00-13:00 (before pickup),"Curriculum, fees, faculty and an admission-enquiry form. Parents shortlist online, then visit.",36,13,20,10,https://www.google.com/maps/search/?api=1&query=Thinkberry%20Kids%20World%20Preschool%20and%20Daycare%20Sector%20124%20Mohali
Chandigarh Tricity,148,B,79,Rehabtouch Physiotherapy Centre,Physiotherapy centre,Health & Wellness,Chandigarh,Chandigarh,098158 04884,5,19,Growth,"₹45,000",45000,Tue-Thu 11:00-13:00 / 16:00-19:00,"Practitioner credentials, treatments and online booking. Patients search the area before they phone.",36,13,20,10,https://www.google.com/maps/search/?api=1&query=Rehabtouch%20Physiotherapy%20Centre%20Chandigarh
Chandigarh Tricity,149,B,79,Shhoonya,Interior designer,Home & Interiors,Panchkula,Panchkula,062805 06776,4.8,14,Growth,"₹45,000",45000,Tue-Thu 11:00-13:00 / 15:00-18:00,"A project gallery with before/after by room type, plus a budget-range enquiry form. Buyers judge on photos first.",40,12,17,10,https://www.google.com/maps/search/?api=1&query=Shhoonya%20Panchkula
Chandigarh Tricity,150,B,79,THAKRAL & ASSOCIATES - Chartered Accountants Panchkula,Tax consultant,Professional Services,Panchkula,Panchkula,098888 88267,5,12,Growth,"₹45,000",45000,Tue-Thu 11:00-13:00 / 16:00-18:00 (not before 1 Oct),"Services, registration credentials and a deadline-driven enquiry form. Clients verify a firm online before they call.",38,11,20,10,https://www.google.com/maps/search/?api=1&query=THAKRAL%20%26%20ASSOCIATES%20-%20Chartered%20Accountants%20Panchkula%20Panchkula
Chandigarh Tricity,151,B,79,Fly2Rise,Visa agent,Professional Services,Green Estate Dera Bassi,Zirakpur / Dera Bassi,078887 70876,5,12,Growth,"₹45,000",45000,Tue-Thu 11:30-13:00 / 15:00-17:00,"Services, registration credentials and a deadline-driven enquiry form. Clients verify a firm online before they call.",38,11,20,10,https://www.google.com/maps/search/?api=1&query=Fly2Rise%20Green%20Estate%20Dera%20Bassi
Chandigarh Tricity,152,B,79,Gulshan Caterers,Event planner,Food & Events,Sector 45 Chandigarh,Chandigarh,073474 06979,5,11,Growth,"₹45,000",45000,Tue-Thu 11:00-16:00,Menu and package pages plus a date-availability enquiry form. Enquiries die in WhatsApp with no record today.,38,11,20,10,https://www.google.com/maps/search/?api=1&query=Gulshan%20Caterers%20Sector%2045%20Chandigarh
Chandigarh Tricity,153,B,79,Rubbal Garg Interior Design,Interior designer,Home & Interiors,Panchkula,Panchkula,081461 24429,4.9,11,Growth,"₹45,000",45000,Tue-Thu 11:00-13:00 / 15:00-18:00,"A project gallery with before/after by room type, plus a budget-range enquiry form. Buyers judge on photos first.",40,11,19,10,https://www.google.com/maps/search/?api=1&query=Rubbal%20Garg%20Interior%20Design%20Panchkula
Chandigarh Tricity,154,B,78,Gaurav Tiffin Services,Meal delivery,Food & Events,Chandigarh,Chandigarh,098766 98003,4.7,161,Growth,"₹45,000",45000,Tue-Thu 11:00-16:00,Menu and package pages plus a date-availability enquiry form. Enquiries die in WhatsApp with no record today.,30,22,16,10,https://www.google.com/maps/search/?api=1&query=Gaurav%20Tiffin%20Services%20Chandigarh
Chandigarh Tricity,155,B,78,Gorgeous Glam Unisex Beauty Salon,Beauty parlour,Health & Wellness,High Ground Road Zirakpur,Zirakpur / Dera Bassi,081465 49811,4.9,56,Starter,"₹15,000",15000,Tue-Thu 11:00-13:00 / 16:00-19:00,"Practitioner credentials, treatments and online booking. Patients search the area before they phone.",32,18,19,10,https://www.google.com/maps/search/?api=1&query=Gorgeous%20Glam%20Unisex%20Beauty%20Salon%20High%20Ground%20Road%20Zirakpur
Chandigarh Tricity,156,B,78,Real World Education And Immigration,Educational consultant,Professional Services,City Heart Kharar,Mohali (SAS Nagar),073553 83303,4.5,44,Growth,"₹45,000",45000,Tue-Thu 11:30-13:00 / 15:00-17:00,"Services, registration credentials and a deadline-driven enquiry form. Clients verify a firm online before they call.",38,17,13,10,https://www.google.com/maps/search/?api=1&query=Real%20World%20Education%20And%20Immigration%20City%20Heart%20Kharar
Chandigarh Tricity,157,B,78,The Black Olive Caterers,Caterer,Food & Events,Mohali,Mohali (SAS Nagar),092981 10000,4.8,42,Starter,"₹15,000",15000,Tue-Thu 11:00-16:00,Menu and package pages plus a date-availability enquiry form. Enquiries die in WhatsApp with no record today.,34,16,17,10,https://www.google.com/maps/search/?api=1&query=The%20Black%20Olive%20Caterers%20Mohali
Chandigarh Tricity,158,B,78,Shubhi tours and travels,Travel agency,Retail & Services,Zirakpur,Zirakpur / Dera Bassi,092174 73588,5,42,Starter,"₹15,000",15000,Tue-Thu 11:00-16:00,"Services, coverage area and a callback form so enquiries stop dying in missed calls.",32,16,20,10,https://www.google.com/maps/search/?api=1&query=Shubhi%20tours%20and%20travels%20Zirakpur
Chandigarh Tricity,159,B,78,Shagun Caterers in Chandigarh,Caterer,Food & Events,Dakshin Marg Chandigarh,Chandigarh,098551 29800,4.9,31,Starter,"₹15,000",15000,Tue-Thu 11:00-16:00,Menu and package pages plus a date-availability enquiry form. Enquiries die in WhatsApp with no record today.,34,15,19,10,https://www.google.com/maps/search/?api=1&query=Shagun%20Caterers%20in%20Chandigarh%20Dakshin%20Marg%20Chandigarh
Chandigarh Tricity,160,B,78,Hari Property BUY / SELL / RENT in Kharar Landran,Real estate consultant,Retail & Services,Kharar,Mohali (SAS Nagar),099888 88903,4.8,28,Growth,"₹45,000",45000,Tue-Thu 11:00-16:00,"Services, coverage area and a callback form so enquiries stop dying in missed calls.",36,15,17,10,https://www.google.com/maps/search/?api=1&query=Hari%20Property%20BUY%20/%20SELL%20/%20RENT%20in%20Kharar%20Landran%20Kharar
Chandigarh Tricity,161,B,78,SHRIVIK ACADEMY,Coaching centre,Education & Training,Chajju Majra Kharar,Mohali (SAS Nagar),095285 73224,5,27,Starter,"₹15,000",15000,Tue-Thu 11:00-13:00 / 15:00-17:00 (before evening batches),"Curriculum, fees, faculty and an admission-enquiry form. Parents shortlist online, then visit.",34,14,20,10,https://www.google.com/maps/search/?api=1&query=SHRIVIK%20ACADEMY%20Chajju%20Majra%20Kharar
Chandigarh Tricity,162,B,78,Thakur Premium Catering & Events,Caterer,Food & Events,Chandigarh,Chandigarh,083606 53950,5,26,Starter,"₹15,000",15000,Tue-Thu 11:00-16:00,Menu and package pages plus a date-availability enquiry form. Enquiries die in WhatsApp with no record today.,34,14,20,10,https://www.google.com/maps/search/?api=1&query=Thakur%20Premium%20Catering%20%26%20Events%20Chandigarh
Chandigarh Tricity,163,B,78,Real Estate Consultant Mohali,Real estate agent,Retail & Services,Landran,Mohali (SAS Nagar),062399 34447,5,14,Growth,"₹45,000",45000,Tue-Thu 11:00-16:00,"Services, coverage area and a callback form so enquiries stop dying in missed calls.",36,12,20,10,https://www.google.com/maps/search/?api=1&query=Real%20Estate%20Consultant%20Mohali%20Landran
Chandigarh Tricity,164,B,78,A-One Tent House & Catter's kharar,Event management company,Food & Events,Kharar,Mohali (SAS Nagar),099147 08331,5,9,Growth,"₹45,000",45000,Tue-Thu 11:00-16:00,Menu and package pages plus a date-availability enquiry form. Enquiries die in WhatsApp with no record today.,38,10,20,10,https://www.google.com/maps/search/?api=1&query=A-One%20Tent%20House%20%26%20Catter%27s%20kharar%20Kharar
Chandigarh Tricity,165,B,78,VTI IMMIGRATION,Immigration consultant,Professional Services,Sunny Enclave Kharar,Mohali (SAS Nagar),094179 93130,5,6,Growth,"₹45,000",45000,Tue-Thu 11:30-13:00 / 15:00-17:00,"Services, registration credentials and a deadline-driven enquiry form. Clients verify a firm online before they call.",40,8,20,10,https://www.google.com/maps/search/?api=1&query=VTI%20IMMIGRATION%20Sunny%20Enclave%20Kharar
Chandigarh Tricity,166,B,78,CA. Neeraj Saini,Chartered accountant,Professional Services,Dera Bassi,Zirakpur / Dera Bassi,098768 17905,5,5,Growth,"₹45,000",45000,Tue-Thu 11:00-13:00 / 16:00-18:00 (not before 1 Oct),"Services, registration credentials and a deadline-driven enquiry form. Clients verify a firm online before they call.",40,8,20,10,https://www.google.com/maps/search/?api=1&query=CA.%20Neeraj%20Saini%20Dera%20Bassi
Chandigarh Tricity,167,B,78,CA Yash Manocha & Associates,Chartered accountant,Professional Services,Dera Bassi,Zirakpur / Dera Bassi,099880 49950,5,5,Growth,"₹45,000",45000,Tue-Thu 11:00-13:00 / 16:00-18:00 (not before 1 Oct),"Services, registration credentials and a deadline-driven enquiry form. Clients verify a firm online before they call.",40,8,20,10,https://www.google.com/maps/search/?api=1&query=CA%20Yash%20Manocha%20%26%20Associates%20Dera%20Bassi
Chandigarh Tricity,168,B,77,Noor Wedding Planners (Tent & Catering services),Tent house supplier,Food & Events,Panchkula,Panchkula,078372 20660,4.7,75,Growth,"₹45,000",45000,Tue-Thu 11:00-16:00,Menu and package pages plus a date-availability enquiry form. Enquiries die in WhatsApp with no record today.,32,19,16,10,https://www.google.com/maps/search/?api=1&query=Noor%20Wedding%20Planners%20%28Tent%20%26%20Catering%20services%29%20Panchkula
Chandigarh Tricity,169,B,77,Packers And Movers Zirakpur,Packaging company,Retail & Services,VIP Road Zirakpur,Zirakpur / Dera Bassi,079017 37309,5,70,Growth,"₹45,000",45000,Tue-Thu 11:00-16:00,"Services, coverage area and a callback form so enquiries stop dying in missed calls.",28,19,20,10,https://www.google.com/maps/search/?api=1&query=Packers%20And%20Movers%20Zirakpur%20VIP%20Road%20Zirakpur
Chandigarh Tricity,170,B,77,Brightminds Pre School,Preschool,Education & Training,Gulmohar City Dera Bassi,Zirakpur / Dera Bassi,079869 58018,4.7,34,Growth,"₹45,000",45000,Tue-Thu 11:00-13:00 (before pickup),"Curriculum, fees, faculty and an admission-enquiry form. Parents shortlist online, then visit.",36,15,16,10,https://www.google.com/maps/search/?api=1&query=Brightminds%20Pre%20School%20Gulmohar%20City%20Dera%20Bassi
Chandigarh Tricity,171,B,77,MK ASSOCIATES & ARCHITECT,Architect,Home & Interiors,Sector 17 Dera Bassi,Zirakpur / Dera Bassi,081469 91311,4.7,34,Growth,"₹45,000",45000,Tue-Thu 11:00-13:00 / 15:00-18:00,"A project gallery with before/after by room type, plus a budget-range enquiry form. Buyers judge on photos first.",36,15,16,10,https://www.google.com/maps/search/?api=1&query=MK%20ASSOCIATES%20%26%20ARCHITECT%20Sector%2017%20Dera%20Bassi
Chandigarh Tricity,172,B,77,"Rajat Gautam Tent, Dj Sound and catering Services",Tent house supplier,Food & Events,Naya Gaon,Mohali (SAS Nagar),098770 51669,5,33,Starter,"₹15,000",15000,Tue-Thu 11:00-16:00,Menu and package pages plus a date-availability enquiry form. Enquiries die in WhatsApp with no record today.,32,15,20,10,https://www.google.com/maps/search/?api=1&query=Rajat%20Gautam%20Tent%2C%20Dj%20Sound%20and%20catering%20Services%20Naya%20Gaon
Chandigarh Tricity,173,B,77,Next Edge Coaching Centre,Coaching centre,Education & Training,Dera Bassi,Zirakpur / Dera Bassi,099149 11421,4.9,29,Starter,"₹15,000",15000,Tue-Thu 11:00-13:00 / 15:00-17:00 (before evening batches),"Curriculum, fees, faculty and an admission-enquiry form. Parents shortlist online, then visit.",34,15,19,10,https://www.google.com/maps/search/?api=1&query=Next%20Edge%20Coaching%20Centre%20Dera%20Bassi
Chandigarh Tricity,174,B,77,B&D ASSOCIATES,Tax consultant,Professional Services,Zirakpur,Zirakpur / Dera Bassi,079880 50741,4.6,26,Growth,"₹45,000",45000,Tue-Thu 11:00-13:00 / 16:00-18:00 (not before 1 Oct),"Services, registration credentials and a deadline-driven enquiry form. Clients verify a firm online before they call.",38,14,15,10,https://www.google.com/maps/search/?api=1&query=B%26D%20ASSOCIATES%20Zirakpur
Chandigarh Tricity,175,B,77,Shree Keshavam special Chaat,Caterer,Food & Events,Chandigarh,Chandigarh,079733 77880,5,21,Starter,"₹15,000",15000,Tue-Thu 11:00-16:00,Menu and package pages plus a date-availability enquiry form. Enquiries die in WhatsApp with no record today.,34,13,20,10,https://www.google.com/maps/search/?api=1&query=Shree%20Keshavam%20special%20Chaat%20Chandigarh
Chandigarh Tricity,176,B,77,Ghar Ki Rasoi By Preeti Chadha,Caterer,Food & Events,Nabha Patiala Road Zirakpur,Zirakpur / Dera Bassi,062394 01236,5,19,Starter,"₹15,000",15000,Tue-Thu 11:00-16:00,Menu and package pages plus a date-availability enquiry form. Enquiries die in WhatsApp with no record today.,34,13,20,10,https://www.google.com/maps/search/?api=1&query=Ghar%20Ki%20Rasoi%20By%20Preeti%20Chadha%20Nabha%20Patiala%20Road%20Zirakpur
Chandigarh Tricity,177,B,77,All Occasion Caterers & Tent Service,Caterer,Food & Events,Chandigarh,Chandigarh,098889 30017,5,19,Starter,"₹15,000",15000,Tue-Thu 11:00-16:00,Menu and package pages plus a date-availability enquiry form. Enquiries die in WhatsApp with no record today.,34,13,20,10,https://www.google.com/maps/search/?api=1&query=All%20Occasion%20Caterers%20%26%20Tent%20Service%20Chandigarh
Chandigarh Tricity,178,B,77,SV Caterers,Caterer,Food & Events,Chandigarh,Chandigarh,088473 65572,5,18,Starter,"₹15,000",15000,Tue-Thu 11:00-16:00,Menu and package pages plus a date-availability enquiry form. Enquiries die in WhatsApp with no record today.,34,13,20,10,https://www.google.com/maps/search/?api=1&query=SV%20Caterers%20Chandigarh
Chandigarh Tricity,179,B,77,Royal Rehab Physiotherapy Clinic,Physiotherapy centre,Health & Wellness,Mundi Kharar,Mohali (SAS Nagar),073801 95722,4.9,15,Growth,"₹45,000",45000,Tue-Thu 11:00-13:00 / 16:00-19:00,"Practitioner credentials, treatments and online booking. Patients search the area before they phone.",36,12,19,10,https://www.google.com/maps/search/?api=1&query=Royal%20Rehab%20Physiotherapy%20Clinic%20Mundi%20Kharar
Chandigarh Tricity,180,B,77,Ravi interior kharar,Interior designer,Home & Interiors,Kharar,Mohali (SAS Nagar),073411 26917,4.7,12,Growth,"₹45,000",45000,Tue-Thu 11:00-13:00 / 15:00-18:00,"A project gallery with before/after by room type, plus a budget-range enquiry form. Buyers judge on photos first.",40,11,16,10,https://www.google.com/maps/search/?api=1&query=Ravi%20interior%20kharar%20Kharar
Chandigarh Tricity,181,B,76,Gyandarpan IAS Academy,Coaching centre,Education & Training,Sector 14 Panchkula,Panchkula,— none listed,4.9,212,Growth,"₹45,000",45000,Tue-Thu 11:00-13:00 / 15:00-17:00 (before evening batches),"Curriculum, fees, faculty and an admission-enquiry form. Parents shortlist online, then visit.",34,23,19,0,https://www.google.com/maps/search/?api=1&query=Gyandarpan%20IAS%20Academy%20Sector%2014%20Panchkula
Chandigarh Tricity,182,B,76,International visa consultancy,Immigration consultant,Professional Services,Sector 34 Chandigarh,Chandigarh,— none listed,4.6,132,Growth,"₹45,000",45000,Tue-Thu 11:30-13:00 / 15:00-17:00,"Services, registration credentials and a deadline-driven enquiry form. Clients verify a firm online before they call.",40,21,15,0,https://www.google.com/maps/search/?api=1&query=International%20visa%20consultancy%20Sector%2034%20Chandigarh
Chandigarh Tricity,183,B,76,Cargo Packers And Movers Mohali,Transportation service,Retail & Services,Mohali,Mohali (SAS Nagar),073409 43972,5,60,Growth,"₹45,000",45000,Tue-Thu 11:00-16:00,"Services, coverage area and a callback form so enquiries stop dying in missed calls.",28,18,20,10,https://www.google.com/maps/search/?api=1&query=Cargo%20Packers%20And%20Movers%20Mohali%20Mohali
Chandigarh Tricity,184,B,76,BEST IELTS AND SPOKEN ENGLISH INSTITUTE,Education center,Education & Training,Mohali,Mohali (SAS Nagar),096462 03990,4.6,49,Starter,"₹15,000",15000,Tue-Thu 11:00-13:00 / 15:00-17:00 (before evening batches),"Curriculum, fees, faculty and an admission-enquiry form. Parents shortlist online, then visit.",34,17,15,10,https://www.google.com/maps/search/?api=1&query=BEST%20IELTS%20AND%20SPOKEN%20ENGLISH%20INSTITUTE%20Mohali
Chandigarh Tricity,185,B,76,Cater 2 Cater,Caterer,Food & Events,Zirakpur,Zirakpur / Dera Bassi,098154 70421,4.7,41,Starter,"₹15,000",15000,Tue-Thu 11:00-16:00,Menu and package pages plus a date-availability enquiry form. Enquiries die in WhatsApp with no record today.,34,16,16,10,https://www.google.com/maps/search/?api=1&query=Cater%202%20Cater%20Zirakpur
Chandigarh Tricity,186,B,76,GHS & CO LLP,Chartered accountant,Professional Services,Peer Muchalla Zirakpur,Zirakpur / Dera Bassi,— none listed,5,37,Growth,"₹45,000",45000,Tue-Thu 11:00-13:00 / 16:00-18:00 (not before 1 Oct),"Services, registration credentials and a deadline-driven enquiry form. Clients verify a firm online before they call.",40,16,20,0,https://www.google.com/maps/search/?api=1&query=GHS%20%26%20CO%20LLP%20Peer%20Muchalla%20Zirakpur
Chandigarh Tricity,187,B,76,Goldy travel zone,Travel agency,Retail & Services,Dera Bassi,Zirakpur / Dera Bassi,098880 45682,4.9,31,Starter,"₹15,000",15000,Tue-Thu 11:00-16:00,"Services, coverage area and a callback form so enquiries stop dying in missed calls.",32,15,19,10,https://www.google.com/maps/search/?api=1&query=Goldy%20travel%20zone%20Dera%20Bassi
Chandigarh Tricity,188,B,76,Yarte Caterers,Caterer,Food & Events,Panchkula,Panchkula,079860 70639,4.8,30,Starter,"₹15,000",15000,Tue-Thu 11:00-16:00,Menu and package pages plus a date-availability enquiry form. Enquiries die in WhatsApp with no record today.,34,15,17,10,https://www.google.com/maps/search/?api=1&query=Yarte%20Caterers%20Panchkula
Chandigarh Tricity,189,B,76,O.S.Property,Real estate consultant,Retail & Services,Sector 11 Dera Bassi,Zirakpur / Dera Bassi,094175 70307,4.7,22,Growth,"₹45,000",45000,Tue-Thu 11:00-16:00,"Services, coverage area and a callback form so enquiries stop dying in missed calls.",36,14,16,10,https://www.google.com/maps/search/?api=1&query=O.S.Property%20Sector%2011%20Dera%20Bassi
Chandigarh Tricity,190,B,76,Royal Physiotherapy Clinic,Physiotherapy centre,Health & Wellness,Royale Estate Zirakpur,Zirakpur / Dera Bassi,093063 55512,4.9,12,Growth,"₹45,000",45000,Tue-Thu 11:00-13:00 / 16:00-19:00,"Practitioner credentials, treatments and online booking. Patients search the area before they phone.",36,11,19,10,https://www.google.com/maps/search/?api=1&query=Royal%20Physiotherapy%20Clinic%20Royale%20Estate%20Zirakpur
Chandigarh Tricity,191,B,76,Sai Raghav physiotherapy centre Panchkula branch,Physiotherapy centre,Health & Wellness,Panchkula,Panchkula,094173 11120,5,9,Growth,"₹45,000",45000,Tue-Thu 11:00-13:00 / 16:00-19:00,"Practitioner credentials, treatments and online booking. Patients search the area before they phone.",36,10,20,10,https://www.google.com/maps/search/?api=1&query=Sai%20Raghav%20physiotherapy%20centre%20Panchkula%20branch%20Panchkula
Chandigarh Tricity,192,B,76,Shree Krishna Property,Real estate consultant,Retail & Services,Green Estate Dera Bassi,Zirakpur / Dera Bassi,097813 30248,5,8,Growth,"₹45,000",45000,Tue-Thu 11:00-16:00,"Services, coverage area and a callback form so enquiries stop dying in missed calls.",36,10,20,10,https://www.google.com/maps/search/?api=1&query=Shree%20Krishna%20Property%20Green%20Estate%20Dera%20Bassi
Chandigarh Tricity,193,B,76,Play School Genius Stars Foundation Derabassi,Preschool,Education & Training,Dera Bassi,Zirakpur / Dera Bassi,078376 87730,5,8,Growth,"₹45,000",45000,Tue-Thu 11:00-13:00 (before pickup),"Curriculum, fees, faculty and an admission-enquiry form. Parents shortlist online, then visit.",36,10,20,10,https://www.google.com/maps/search/?api=1&query=Play%20School%20Genius%20Stars%20Foundation%20Derabassi%20Dera%20Bassi
Chandigarh Tricity,194,B,76,Canada Visa Counsel,Educational consultant,Professional Services,Panchkula,Panchkula,098785 13131,5,5,Growth,"₹45,000",45000,Tue-Thu 11:30-13:00 / 15:00-17:00,"Services, registration credentials and a deadline-driven enquiry form. Clients verify a firm online before they call.",38,8,20,10,https://www.google.com/maps/search/?api=1&query=Canada%20Visa%20Counsel%20Panchkula
Chandigarh Tricity,195,B,75,Packers And Movers Panchkula,Transportation service,Retail & Services,Sector 25 Panchkula,Panchkula,075689 49096,5,54,Starter,"₹15,000",15000,Tue-Thu 11:00-16:00,"Services, coverage area and a callback form so enquiries stop dying in missed calls.",28,17,20,10,https://www.google.com/maps/search/?api=1&query=Packers%20And%20Movers%20Panchkula%20Sector%2025%20Panchkula
Chandigarh Tricity,196,B,75,Chandigarh Movers And Packers,Transportation service,Retail & Services,Chandigarh,Chandigarh,083604 37667,5,54,Starter,"₹15,000",15000,Tue-Thu 11:00-16:00,"Services, coverage area and a callback form so enquiries stop dying in missed calls.",28,17,20,10,https://www.google.com/maps/search/?api=1&query=Chandigarh%20Movers%20And%20Packers%20Chandigarh
Chandigarh Tricity,197,B,75,Complete Wedding Solutions,Wedding planner,Food & Events,Panchkula,Panchkula,— none listed,5,51,Growth,"₹45,000",45000,Tue-Thu 11:00-16:00,Menu and package pages plus a date-availability enquiry form. Enquiries die in WhatsApp with no record today.,38,17,20,0,https://www.google.com/maps/search/?api=1&query=Complete%20Wedding%20Solutions%20Panchkula
Chandigarh Tricity,198,B,75,Fastlane Packers And Movers Kharar,Transportation service,Retail & Services,Kharar,Mohali (SAS Nagar),076819 13231,5,44,Starter,"₹15,000",15000,Tue-Thu 11:00-16:00,"Services, coverage area and a callback form so enquiries stop dying in missed calls.",28,17,20,10,https://www.google.com/maps/search/?api=1&query=Fastlane%20Packers%20And%20Movers%20Kharar%20Kharar
Chandigarh Tricity,199,B,75,GURU KIRPA PROPERTIES,Real estate agency,Retail & Services,Lohgarh Zirakpur,Zirakpur / Dera Bassi,095012 10030,4.6,29,Growth,"₹45,000",45000,Tue-Thu 11:00-16:00,"Services, coverage area and a callback form so enquiries stop dying in missed calls.",36,15,15,10,https://www.google.com/maps/search/?api=1&query=GURU%20KIRPA%20PROPERTIES%20Lohgarh%20Zirakpur
Chandigarh Tricity,200,B,75,Gurmeet Caterers & Tent House,Caterer,Food & Events,Dhanas Chandigarh,Chandigarh,098159 82099,4.8,23,Starter,"₹15,000",15000,Tue-Thu 11:00-16:00,Menu and package pages plus a date-availability enquiry form. Enquiries die in WhatsApp with no record today.,34,14,17,10,https://www.google.com/maps/search/?api=1&query=Gurmeet%20Caterers%20%26%20Tent%20House%20Dhanas%20Chandigarh
Chandigarh Tricity,201,B,75,Sharma Tent House,Tent house supplier,Food & Events,Kharar,Mohali (SAS Nagar),098724 14466,5,17,Starter,"₹15,000",15000,Tue-Thu 11:00-16:00,Menu and package pages plus a date-availability enquiry form. Enquiries die in WhatsApp with no record today.,32,13,20,10,https://www.google.com/maps/search/?api=1&query=Sharma%20Tent%20House%20Kharar
Chandigarh Tricity,202,B,75,BHOLENATH Travels,Travel agency,Retail & Services,Dera Bassi,Zirakpur / Dera Bassi,097809 70575,5,17,Starter,"₹15,000",15000,Tue-Thu 11:00-16:00,"Services, coverage area and a callback form so enquiries stop dying in missed calls.",32,13,20,10,https://www.google.com/maps/search/?api=1&query=BHOLENATH%20Travels%20Dera%20Bassi
Chandigarh Tricity,203,B,75,Grace Full Dhaba,Caterer,Food & Events,Khara Kharar,Mohali (SAS Nagar),080541 08393,5,11,Starter,"₹15,000",15000,Tue-Thu 11:00-16:00,Menu and package pages plus a date-availability enquiry form. Enquiries die in WhatsApp with no record today.,34,11,20,10,https://www.google.com/maps/search/?api=1&query=Grace%20Full%20Dhaba%20Khara%20Kharar
Chandigarh Tricity,204,B,75,Best catering services,Wedding planner,Food & Events,Chandigarh,Chandigarh,086991 80933,4.8,9,Growth,"₹45,000",45000,Tue-Thu 11:00-16:00,Menu and package pages plus a date-availability enquiry form. Enquiries die in WhatsApp with no record today.,38,10,17,10,https://www.google.com/maps/search/?api=1&query=Best%20catering%20services%20Chandigarh
Chandigarh Tricity,205,B,75,Quick Heal Physio & Rehab Centre,Physiotherapy centre,Health & Wellness,Kailash Enclave Dera Bassi,Zirakpur / Dera Bassi,098396 41496,5,7,Growth,"₹45,000",45000,Tue-Thu 11:00-13:00 / 16:00-19:00,"Practitioner credentials, treatments and online booking. Patients search the area before they phone.",36,9,20,10,https://www.google.com/maps/search/?api=1&query=Quick%20Heal%20Physio%20%26%20Rehab%20Centre%20Kailash%20Enclave%20Dera%20Bassi
Chandigarh Tricity,206,B,75,Little Artists Play School,Preschool,Education & Training,SBP Housing Park Dera Bassi,Zirakpur / Dera Bassi,099964 12434,5,7,Growth,"₹45,000",45000,Tue-Thu 11:00-13:00 (before pickup),"Curriculum, fees, faculty and an admission-enquiry form. Parents shortlist online, then visit.",36,9,20,10,https://www.google.com/maps/search/?api=1&query=Little%20Artists%20Play%20School%20SBP%20Housing%20Park%20Dera%20Bassi
Chandigarh Tricity,207,B,74,"Soul Food (Caterers, Tent and Events)",Caterer,Food & Events,Panchkula,Panchkula,082840 64477,4.3,76,Growth,"₹45,000",45000,Tue-Thu 11:00-16:00,Menu and package pages plus a date-availability enquiry form. Enquiries die in WhatsApp with no record today.,34,19,11,10,https://www.google.com/maps/search/?api=1&query=Soul%20Food%20%28Caterers%2C%20Tent%20and%20Events%29%20Panchkula
Chandigarh Tricity,208,B,74,Kharar Packers And Movers,Packaging company,Retail & Services,Kharar,Mohali (SAS Nagar),085728 03075,4.8,71,Growth,"₹45,000",45000,Tue-Thu 11:00-16:00,"Services, coverage area and a callback form so enquiries stop dying in missed calls.",28,19,17,10,https://www.google.com/maps/search/?api=1&query=Kharar%20Packers%20And%20Movers%20Kharar
Chandigarh Tricity,209,B,74,YOGYA TRAVELS,Travel agency,Retail & Services,Mohali,Mohali (SAS Nagar),098769 90022,4.6,53,Starter,"₹15,000",15000,Tue-Thu 11:00-16:00,"Services, coverage area and a callback form so enquiries stop dying in missed calls.",32,17,15,10,https://www.google.com/maps/search/?api=1&query=YOGYA%20TRAVELS%20Mohali
Chandigarh Tricity,210,B,74,Ashwin & Associates (The Elite Tax),Tax consultant,Professional Services,City Court Zirakpur,Zirakpur / Dera Bassi,— none listed,5,40,Growth,"₹45,000",45000,Tue-Thu 11:00-13:00 / 16:00-18:00 (not before 1 Oct),"Services, registration credentials and a deadline-driven enquiry form. Clients verify a firm online before they call.",38,16,20,0,https://www.google.com/maps/search/?api=1&query=Ashwin%20%26%20Associates%20%28The%20Elite%20Tax%29%20City%20Court%20Zirakpur
Chandigarh Tricity,211,B,74,Sangam Tent,Tent house supplier,Food & Events,Mullanpur,Mohali (SAS Nagar),082840 73670,4.8,26,Starter,"₹15,000",15000,Tue-Thu 11:00-16:00,Menu and package pages plus a date-availability enquiry form. Enquiries die in WhatsApp with no record today.,32,14,17,10,https://www.google.com/maps/search/?api=1&query=Sangam%20Tent%20Mullanpur
Chandigarh Tricity,212,B,74,Palam interior,Interior designer,Home & Interiors,Peer Muchalla Panchkula,Zirakpur / Dera Bassi,— none listed,5,26,Growth,"₹45,000",45000,Tue-Thu 11:00-13:00 / 15:00-18:00,"A project gallery with before/after by room type, plus a budget-range enquiry form. Buyers judge on photos first.",40,14,20,0,https://www.google.com/maps/search/?api=1&query=Palam%20interior%20Peer%20Muchalla%20Panchkula
Chandigarh Tricity,213,B,74,AADHARSHILA (Coaching Centre),Coaching centre,Education & Training,Bella Homes Dera Bassi,Zirakpur / Dera Bassi,090567 23700,4.8,18,Starter,"₹15,000",15000,Tue-Thu 11:00-13:00 / 15:00-17:00 (before evening batches),"Curriculum, fees, faculty and an admission-enquiry form. Parents shortlist online, then visit.",34,13,17,10,https://www.google.com/maps/search/?api=1&query=AADHARSHILA%20%28Coaching%20Centre%29%20Bella%20Homes%20Dera%20Bassi
Chandigarh Tricity,214,B,74,Guru lights Tent and caterers,Tent house supplier,Food & Events,Mauli Manimajra,Chandigarh,098155 98308,5,16,Starter,"₹15,000",15000,Tue-Thu 11:00-16:00,Menu and package pages plus a date-availability enquiry form. Enquiries die in WhatsApp with no record today.,32,12,20,10,https://www.google.com/maps/search/?api=1&query=Guru%20lights%20Tent%20and%20caterers%20Mauli%20Manimajra
Chandigarh Tricity,215,B,74,Blaggan tent kharar,Tent house supplier,Food & Events,Kharar,Mohali (SAS Nagar),098773 67021,5,15,Starter,"₹15,000",15000,Tue-Thu 11:00-16:00,Menu and package pages plus a date-availability enquiry form. Enquiries die in WhatsApp with no record today.,32,12,20,10,https://www.google.com/maps/search/?api=1&query=Blaggan%20tent%20kharar%20Kharar
Chandigarh Tricity,216,B,74,Sharma Caterers,Caterer,Food & Events,Panchkula,Panchkula,098882 92921,5,10,Starter,"₹15,000",15000,Tue-Thu 11:00-16:00,Menu and package pages plus a date-availability enquiry form. Enquiries die in WhatsApp with no record today.,34,10,20,10,https://www.google.com/maps/search/?api=1&query=Sharma%20Caterers%20Panchkula
Chandigarh Tricity,217,B,74,Munjal Catering Services,Catering food and drink supplier,Food & Events,Sector 15 Chandigarh,Chandigarh,076578 21151,5,10,Starter,"₹15,000",15000,Tue-Thu 11:00-16:00,Menu and package pages plus a date-availability enquiry form. Enquiries die in WhatsApp with no record today.,34,10,20,10,https://www.google.com/maps/search/?api=1&query=Munjal%20Catering%20Services%20Sector%2015%20Chandigarh
Chandigarh Tricity,218,B,74,Tent House Punjab,Wedding service,Food & Events,Mullanpur,Mohali (SAS Nagar),098881 09765,5,6,Growth,"₹45,000",45000,Tue-Thu 11:00-16:00,Menu and package pages plus a date-availability enquiry form. Enquiries die in WhatsApp with no record today.,36,8,20,10,https://www.google.com/maps/search/?api=1&query=Tent%20House%20Punjab%20Mullanpur
Chandigarh Tricity,219,C,73,Mundra Farms,Event venue,Food & Events,Dera Bassi,Zirakpur / Dera Bassi,098142 21195,4,163,Growth,"₹45,000",45000,Tue-Thu 11:00-16:00,Menu and package pages plus a date-availability enquiry form. Enquiries die in WhatsApp with no record today.,34,22,7,10,https://www.google.com/maps/search/?api=1&query=Mundra%20Farms%20Dera%20Bassi
Chandigarh Tricity,220,C,73,Desireland- Consultants Mohali,Immigration consultant,Professional Services,Sector 56 Mohali,Mohali (SAS Nagar),— none listed,4.4,139,Growth,"₹45,000",45000,Tue-Thu 11:30-13:00 / 15:00-17:00,"Services, registration credentials and a deadline-driven enquiry form. Clients verify a firm online before they call.",40,21,12,0,https://www.google.com/maps/search/?api=1&query=Desireland-%20Consultants%20Mohali%20Sector%2056%20Mohali
Chandigarh Tricity,221,C,73,Unique tution centre,Coaching centre,Education & Training,Kharar,Mohali (SAS Nagar),— none listed,5,86,Growth,"₹45,000",45000,Tue-Thu 11:00-13:00 / 15:00-17:00 (before evening batches),"Curriculum, fees, faculty and an admission-enquiry form. Parents shortlist online, then visit.",34,19,20,0,https://www.google.com/maps/search/?api=1&query=Unique%20tution%20centre%20Kharar
Chandigarh Tricity,222,C,73,Prime properties Mohali,Real estate consultant,Retail & Services,Kharar,Mohali (SAS Nagar),— none listed,4.8,82,Growth,"₹45,000",45000,Tue-Thu 11:00-16:00,"Services, coverage area and a callback form so enquiries stop dying in missed calls.",36,19,17,0,https://www.google.com/maps/search/?api=1&query=Prime%20properties%20Mohali%20Kharar
Chandigarh Tricity,223,C,73,Rare advisors and consultancy services,Tax consultant,Professional Services,Panchkula,Panchkula,— none listed,4.8,56,Growth,"₹45,000",45000,Tue-Thu 11:00-13:00 / 16:00-18:00 (not before 1 Oct),"Services, registration credentials and a deadline-driven enquiry form. Clients verify a firm online before they call.",38,18,17,0,https://www.google.com/maps/search/?api=1&query=Rare%20advisors%20and%20consultancy%20services%20Panchkula
Chandigarh Tricity,224,C,73,Fastlane Packers And Movers,Transportation service,Retail & Services,Panchkula,Panchkula,079863 92945,4.9,46,Starter,"₹15,000",15000,Tue-Thu 11:00-16:00,"Services, coverage area and a callback form so enquiries stop dying in missed calls.",28,17,19,10,https://www.google.com/maps/search/?api=1&query=Fastlane%20Packers%20And%20Movers%20Panchkula
Chandigarh Tricity,225,C,73,Packers And Movers Chandigarh,Transportation service,Retail & Services,Chandigarh,Chandigarh,080542 45164,5,29,Starter,"₹15,000",15000,Tue-Thu 11:00-16:00,"Services, coverage area and a callback form so enquiries stop dying in missed calls.",28,15,20,10,https://www.google.com/maps/search/?api=1&query=Packers%20And%20Movers%20Chandigarh%20Chandigarh
Chandigarh Tricity,226,C,73,R K Tent and Catering,Tent house supplier,Food & Events,Zirakpur,Zirakpur / Dera Bassi,098554 56762,4.8,23,Starter,"₹15,000",15000,Tue-Thu 11:00-16:00,Menu and package pages plus a date-availability enquiry form. Enquiries die in WhatsApp with no record today.,32,14,17,10,https://www.google.com/maps/search/?api=1&query=R%20K%20Tent%20and%20Catering%20Zirakpur
Chandigarh Tricity,227,C,73,Partap Tent House,Tent house supplier,Food & Events,Abhepur Kharar,Mohali (SAS Nagar),083604 48969,5,11,Starter,"₹15,000",15000,Tue-Thu 11:00-16:00,Menu and package pages plus a date-availability enquiry form. Enquiries die in WhatsApp with no record today.,32,11,20,10,https://www.google.com/maps/search/?api=1&query=Partap%20Tent%20House%20Abhepur%20Kharar
Chandigarh Tricity,228,C,72,Panchkula Packers And Movers,Transportation service,Retail & Services,Panchkula,Panchkula,079730 96865,5,23,Starter,"₹15,000",15000,Tue-Thu 11:00-16:00,"Services, coverage area and a callback form so enquiries stop dying in missed calls.",28,14,20,10,https://www.google.com/maps/search/?api=1&query=Panchkula%20Packers%20And%20Movers%20Panchkula
Chandigarh Tricity,229,C,72,Jannat Tent & Catering Service,Tent house supplier,Food & Events,Dhanas Chandigarh,Chandigarh,098882 01338,4.9,14,Starter,"₹15,000",15000,Tue-Thu 11:00-16:00,Menu and package pages plus a date-availability enquiry form. Enquiries die in WhatsApp with no record today.,32,12,19,10,https://www.google.com/maps/search/?api=1&query=Jannat%20Tent%20%26%20Catering%20Service%20Dhanas%20Chandigarh
Chandigarh Tricity,230,C,72,Tent House in Mohali,Tent house supplier,Food & Events,Banur,Mohali (SAS Nagar),098728 40767,5,9,Starter,"₹15,000",15000,Tue-Thu 11:00-16:00,Menu and package pages plus a date-availability enquiry form. Enquiries die in WhatsApp with no record today.,32,10,20,10,https://www.google.com/maps/search/?api=1&query=Tent%20House%20in%20Mohali%20Banur
Chandigarh Tricity,231,C,72,Shiv tent house,Tent house supplier,Food & Events,Dera Bassi,Zirakpur / Dera Bassi,079054 09916,5,8,Starter,"₹15,000",15000,Tue-Thu 11:00-16:00,Menu and package pages plus a date-availability enquiry form. Enquiries die in WhatsApp with no record today.,32,10,20,10,https://www.google.com/maps/search/?api=1&query=Shiv%20tent%20house%20Dera%20Bassi
Chandigarh Tricity,232,C,72,Anand Tent & catering,Caterer,Food & Events,Dera Bassi,Zirakpur / Dera Bassi,099882 31570,5,6,Starter,"₹15,000",15000,Tue-Thu 11:00-16:00,Menu and package pages plus a date-availability enquiry form. Enquiries die in WhatsApp with no record today.,34,8,20,10,https://www.google.com/maps/search/?api=1&query=Anand%20Tent%20%26%20catering%20Dera%20Bassi
Chandigarh Tricity,233,C,72,Little Donut's,Day care center,Education & Training,SBP Housing Park Dera Bassi,Zirakpur / Dera Bassi,081948 97529,5,6,Starter,"₹15,000",15000,Tue-Thu 11:00-13:00 (before pickup),"Curriculum, fees, faculty and an admission-enquiry form. Parents shortlist online, then visit.",34,8,20,10,https://www.google.com/maps/search/?api=1&query=Little%20Donut%27s%20SBP%20Housing%20Park%20Dera%20Bassi
Chandigarh Tricity,234,C,72,EMM ESS Catering & Tent Service,Caterer,Food & Events,Burail Sector 45 Chandigarh,Chandigarh,098766 70576,5,5,Starter,"₹15,000",15000,Tue-Thu 11:00-16:00,Menu and package pages plus a date-availability enquiry form. Enquiries die in WhatsApp with no record today.,34,8,20,10,https://www.google.com/maps/search/?api=1&query=EMM%20ESS%20Catering%20%26%20Tent%20Service%20Burail%20Sector%2045%20Chandigarh
Chandigarh Tricity,235,C,71,R S Caterers & Tent Service,Caterer,Food & Events,Phase 5 Mohali,Mohali (SAS Nagar),098149 20684,4.7,12,Starter,"₹15,000",15000,Tue-Thu 11:00-16:00,Menu and package pages plus a date-availability enquiry form. Enquiries die in WhatsApp with no record today.,34,11,16,10,https://www.google.com/maps/search/?api=1&query=R%20S%20Caterers%20%26%20Tent%20Service%20Phase%205%20Mohali
Chandigarh Tricity,236,C,71,Saini Tent & Catering Services,Tent house supplier,Food & Events,Zirakpur,Zirakpur / Dera Bassi,097790 61773,4.9,10,Starter,"₹15,000",15000,Tue-Thu 11:00-16:00,Menu and package pages plus a date-availability enquiry form. Enquiries die in WhatsApp with no record today.,32,10,19,10,https://www.google.com/maps/search/?api=1&query=Saini%20Tent%20%26%20Catering%20Services%20Zirakpur
Chandigarh Tricity,237,C,70,Planet Visa Consultants Zirakpur,Visa agent,Professional Services,Zirakpur,Zirakpur / Dera Bassi,— none listed,4.7,40,Growth,"₹45,000",45000,Tue-Thu 11:30-13:00 / 15:00-17:00,"Services, registration credentials and a deadline-driven enquiry form. Clients verify a firm online before they call.",38,16,16,0,https://www.google.com/maps/search/?api=1&query=Planet%20Visa%20Consultants%20Zirakpur%20Zirakpur
Chandigarh Tricity,238,C,70,Blue Bell Caterer,Caterer,Food & Events,Dhakoli Zirakpur,Zirakpur / Dera Bassi,— none listed,5,36,Starter,"₹15,000",15000,Tue-Thu 11:00-16:00,Menu and package pages plus a date-availability enquiry form. Enquiries die in WhatsApp with no record today.,34,16,20,0,https://www.google.com/maps/search/?api=1&query=Blue%20Bell%20Caterer%20Dhakoli%20Zirakpur
Chandigarh Tricity,239,C,70,Verified Movers And Packers In Zirakpur,Transportation service,Retail & Services,VIP Road Zirakpur,Zirakpur / Dera Bassi,086072 27219,4.8,27,Starter,"₹15,000",15000,Tue-Thu 11:00-16:00,"Services, coverage area and a callback form so enquiries stop dying in missed calls.",28,14,17,10,https://www.google.com/maps/search/?api=1&query=Verified%20Movers%20And%20Packers%20In%20Zirakpur%20VIP%20Road%20Zirakpur
Chandigarh Tricity,240,C,70,Deep Tent House & Catering/DJ Services,Tent house supplier,Food & Events,Zirakpur,Zirakpur / Dera Bassi,098141 97168,4.6,21,Starter,"₹15,000",15000,Tue-Thu 11:00-16:00,Menu and package pages plus a date-availability enquiry form. Enquiries die in WhatsApp with no record today.,32,13,15,10,https://www.google.com/maps/search/?api=1&query=Deep%20Tent%20House%20%26%20Catering/DJ%20Services%20Zirakpur
Chandigarh Tricity,241,C,70,CA Kapoor Vicky & Associates,Chartered accountant,Professional Services,Gillco Valley Kharar,Mohali (SAS Nagar),— none listed,4.8,16,Growth,"₹45,000",45000,Tue-Thu 11:00-13:00 / 16:00-18:00 (not before 1 Oct),"Services, registration credentials and a deadline-driven enquiry form. Clients verify a firm online before they call.",40,12,17,0,https://www.google.com/maps/search/?api=1&query=CA%20Kapoor%20Vicky%20%26%20Associates%20Gillco%20Valley%20Kharar
Chandigarh Tricity,242,C,70,Agarwal Packers Movers Mohali Ltd,Transportation service,Retail & Services,Mohali,Mohali (SAS Nagar),072065 06001,5,15,Starter,"₹15,000",15000,Tue-Thu 11:00-16:00,"Services, coverage area and a callback form so enquiries stop dying in missed calls.",28,12,20,10,https://www.google.com/maps/search/?api=1&query=Agarwal%20Packers%20Movers%20Mohali%20Ltd%20Mohali
Chandigarh Tricity,243,C,70,Gourav Packers And Movers Kharar,Transportation service,Retail & Services,Kharar,Mohali (SAS Nagar),081468 89877,5,15,Starter,"₹15,000",15000,Tue-Thu 11:00-16:00,"Services, coverage area and a callback form so enquiries stop dying in missed calls.",28,12,20,10,https://www.google.com/maps/search/?api=1&query=Gourav%20Packers%20And%20Movers%20Kharar%20Kharar
Chandigarh Tricity,244,C,70,Design Foresight,Interior designer,Home & Interiors,Dera Bassi,Zirakpur / Dera Bassi,— none listed,4.9,13,Growth,"₹45,000",45000,Tue-Thu 11:00-13:00 / 15:00-18:00,"A project gallery with before/after by room type, plus a budget-range enquiry form. Buyers judge on photos first.",40,11,19,0,https://www.google.com/maps/search/?api=1&query=Design%20Foresight%20Dera%20Bassi
Chandigarh Tricity,245,C,70,Best Tent And Caterers,Tent house supplier,Food & Events,Chandigarh,Chandigarh,082640 77331,5,6,Starter,"₹15,000",15000,Tue-Thu 11:00-16:00,Menu and package pages plus a date-availability enquiry form. Enquiries die in WhatsApp with no record today.,32,8,20,10,https://www.google.com/maps/search/?api=1&query=Best%20Tent%20And%20Caterers%20Chandigarh
Chandigarh Tricity,246,C,69,FOREVER TOUR & TRAVEL SERVICES,Travel agency,Retail & Services,VIP Road Zirakpur,Zirakpur / Dera Bassi,— none listed,5,46,Starter,"₹15,000",15000,Tue-Thu 11:00-16:00,"Services, coverage area and a callback form so enquiries stop dying in missed calls.",32,17,20,0,https://www.google.com/maps/search/?api=1&query=FOREVER%20TOUR%20%26%20TRAVEL%20SERVICES%20VIP%20Road%20Zirakpur
Chandigarh Tricity,247,C,69,Tulsi Tent & Electric House,Tent house supplier,Food & Events,Panchkula,Panchkula,098140 01457,4.4,28,Starter,"₹15,000",15000,Tue-Thu 11:00-16:00,Menu and package pages plus a date-availability enquiry form. Enquiries die in WhatsApp with no record today.,32,15,12,10,https://www.google.com/maps/search/?api=1&query=Tulsi%20Tent%20%26%20Electric%20House%20Panchkula
Chandigarh Tricity,248,C,69,Zirakpur Packers And Movers,Transportation service,Retail & Services,VIP Road Zirakpur,Zirakpur / Dera Bassi,077172 52199,4.8,25,Starter,"₹15,000",15000,Tue-Thu 11:00-16:00,"Services, coverage area and a callback form so enquiries stop dying in missed calls.",28,14,17,10,https://www.google.com/maps/search/?api=1&query=Zirakpur%20Packers%20And%20Movers%20VIP%20Road%20Zirakpur
Chandigarh Tricity,249,C,69,Chadha Light And Tent House,Tent house supplier,Food & Events,Sector 11 Panchkula,Panchkula,094172 07300,4.5,24,Starter,"₹15,000",15000,Tue-Thu 11:00-16:00,Menu and package pages plus a date-availability enquiry form. Enquiries die in WhatsApp with no record today.,32,14,13,10,https://www.google.com/maps/search/?api=1&query=Chadha%20Light%20And%20Tent%20House%20Sector%2011%20Panchkula
Chandigarh Tricity,250,C,69,Saheb Tent & Caterers,Tent house supplier,Food & Events,Kharar,Mohali (SAS Nagar),096460 01381,4.5,20,Starter,"₹15,000",15000,Tue-Thu 11:00-16:00,Menu and package pages plus a date-availability enquiry form. Enquiries die in WhatsApp with no record today.,32,13,13,10,https://www.google.com/maps/search/?api=1&query=Saheb%20Tent%20%26%20Caterers%20Kharar
Chandigarh Tricity,251,C,69,Chandni Tent House,Tent house supplier,Food & Events,Chandigarh,Chandigarh,098551 19900,4.6,18,Starter,"₹15,000",15000,Tue-Thu 11:00-16:00,Menu and package pages plus a date-availability enquiry form. Enquiries die in WhatsApp with no record today.,32,13,15,10,https://www.google.com/maps/search/?api=1&query=Chandni%20Tent%20House%20Chandigarh
Chandigarh Tricity,252,C,69,Harbans Light And Tent Decorators,Tent house supplier,Food & Events,Zirakpur,Zirakpur / Dera Bassi,099885 57043,4.6,15,Starter,"₹15,000",15000,Tue-Thu 11:00-16:00,Menu and package pages plus a date-availability enquiry form. Enquiries die in WhatsApp with no record today.,32,12,15,10,https://www.google.com/maps/search/?api=1&query=Harbans%20Light%20And%20Tent%20Decorators%20Zirakpur
Chandigarh Tricity,253,C,69,Agarwal Packers Movers Kharar,Transportation service,Retail & Services,Kharar-Landran Road,Mohali (SAS Nagar),090532 80919,5,13,Starter,"₹15,000",15000,Tue-Thu 11:00-16:00,"Services, coverage area and a callback form so enquiries stop dying in missed calls.",28,11,20,10,https://www.google.com/maps/search/?api=1&query=Agarwal%20Packers%20Movers%20Kharar%20Kharar-Landran%20Road
Chandigarh Tricity,254,C,69,Amar Tent and Caterers,Restaurant supply store,Food & Events,Kharar-Landran Road,Mohali (SAS Nagar),084376 63286,4.9,9,Starter,"₹15,000",15000,Tue-Thu 11:00-16:00,Menu and package pages plus a date-availability enquiry form. Enquiries die in WhatsApp with no record today.,30,10,19,10,https://www.google.com/maps/search/?api=1&query=Amar%20Tent%20and%20Caterers%20Kharar-Landran%20Road
Chandigarh Tricity,255,C,69,Bhagwati Associates,Real estate agency,Retail & Services,Sector 35 Chandigarh,Chandigarh,076964 09555,4.5,8,Growth,"₹45,000",45000,Tue-Thu 11:00-16:00,"Services, coverage area and a callback form so enquiries stop dying in missed calls.",36,10,13,10,https://www.google.com/maps/search/?api=1&query=Bhagwati%20Associates%20Sector%2035%20Chandigarh
Chandigarh Tricity,256,C,69,CA CMA HARSH GUPTA,Chartered accountant,Professional Services,Dera Bassi,Zirakpur / Dera Bassi,090341 18659,4.3,6,Growth,"₹45,000",45000,Tue-Thu 11:00-13:00 / 16:00-18:00 (not before 1 Oct),"Services, registration credentials and a deadline-driven enquiry form. Clients verify a firm online before they call.",40,8,11,10,https://www.google.com/maps/search/?api=1&query=CA%20CMA%20HARSH%20GUPTA%20Dera%20Bassi
Chandigarh Tricity,257,C,68,Onyx Beauty Salon,Beauty parlour,Health & Wellness,VIP Road Zirakpur,Zirakpur / Dera Bassi,— none listed,4.8,66,Growth,"₹45,000",45000,Tue-Thu 11:00-13:00 / 16:00-19:00,"Practitioner credentials, treatments and online booking. Patients search the area before they phone.",32,18,17,0,https://www.google.com/maps/search/?api=1&query=Onyx%20Beauty%20Salon%20VIP%20Road%20Zirakpur
Chandigarh Tricity,258,C,68,GUPTA CATERERS,Caterer,Food & Events,Gulabgarh Dera Bassi,Zirakpur / Dera Bassi,098142 77772,4.3,22,Starter,"₹15,000",15000,Tue-Thu 11:00-16:00,Menu and package pages plus a date-availability enquiry form. Enquiries die in WhatsApp with no record today.,34,14,11,10,https://www.google.com/maps/search/?api=1&query=GUPTA%20CATERERS%20Gulabgarh%20Dera%20Bassi
Chandigarh Tricity,259,C,68,Mona Achiever's Academy,Coaching centre,Education & Training,Gulmohar City Dera Bassi,Zirakpur / Dera Bassi,— none listed,5,22,Starter,"₹15,000",15000,Tue-Thu 11:00-13:00 / 15:00-17:00 (before evening batches),"Curriculum, fees, faculty and an admission-enquiry form. Parents shortlist online, then visit.",34,14,20,0,https://www.google.com/maps/search/?api=1&query=Mona%20Achiever%27s%20Academy%20Gulmohar%20City%20Dera%20Bassi
Chandigarh Tricity,260,C,68,Singh property dealer,Real estate agent,Retail & Services,Phase 11 Mohali,Mohali (SAS Nagar),— none listed,5,15,Growth,"₹45,000",45000,Tue-Thu 11:00-16:00,"Services, coverage area and a callback form so enquiries stop dying in missed calls.",36,12,20,0,https://www.google.com/maps/search/?api=1&query=Singh%20property%20dealer%20Phase%2011%20Mohali
Chandigarh Tricity,261,C,68,NEHA CATERERS,Restaurant supply store,Food & Events,Banur Karala Road,Mohali (SAS Nagar),098553 11154,4.9,7,Starter,"₹15,000",15000,Tue-Thu 11:00-16:00,Menu and package pages plus a date-availability enquiry form. Enquiries die in WhatsApp with no record today.,30,9,19,10,https://www.google.com/maps/search/?api=1&query=NEHA%20CATERERS%20Banur%20Karala%20Road
Chandigarh Tricity,262,C,68,Balaji Caterers,Caterer,Food & Events,Dakshin Marg Chandigarh,Chandigarh,098149 17200,4.7,6,Starter,"₹15,000",15000,Tue-Thu 11:00-16:00,Menu and package pages plus a date-availability enquiry form. Enquiries die in WhatsApp with no record today.,34,8,16,10,https://www.google.com/maps/search/?api=1&query=Balaji%20Caterers%20Dakshin%20Marg%20Chandigarh
Chandigarh Tricity,263,C,68,Fouji tent and decor,Tent house supplier,Food & Events,Naya Gaon,Mohali (SAS Nagar),076963 46566,4.8,6,Starter,"₹15,000",15000,Tue-Thu 11:00-16:00,Menu and package pages plus a date-availability enquiry form. Enquiries die in WhatsApp with no record today.,32,8,17,10,https://www.google.com/maps/search/?api=1&query=Fouji%20tent%20and%20decor%20Naya%20Gaon
Chandigarh Tricity,264,C,67,Aggarwal Tent Service And Catering,Caterer,Food & Events,Kharar,Mohali (SAS Nagar),098550 91501,4.1,29,Starter,"₹15,000",15000,Tue-Thu 11:00-16:00,Menu and package pages plus a date-availability enquiry form. Enquiries die in WhatsApp with no record today.,34,15,8,10,https://www.google.com/maps/search/?api=1&query=Aggarwal%20Tent%20Service%20And%20Catering%20Kharar
Chandigarh Tricity,265,C,67,MTW Chaat & Caters,Caterer,Food & Events,Sector 45 Chandigarh,Chandigarh,— none listed,5,21,Starter,"₹15,000",15000,Tue-Thu 11:00-16:00,Menu and package pages plus a date-availability enquiry form. Enquiries die in WhatsApp with no record today.,34,13,20,0,https://www.google.com/maps/search/?api=1&query=MTW%20Chaat%20%26%20Caters%20Sector%2045%20Chandigarh
Chandigarh Tricity,266,C,67,Dr. Nancy Sharma Physiotherapy & Wellness Clinic,Physiotherapy centre,Health & Wellness,Sector 34 Chandigarh,Chandigarh,— none listed,4.8,21,Growth,"₹45,000",45000,Tue-Thu 11:00-13:00 / 16:00-19:00,"Practitioner credentials, treatments and online booking. Patients search the area before they phone.",36,13,17,0,https://www.google.com/maps/search/?api=1&query=Dr.%20Nancy%20Sharma%20Physiotherapy%20%26%20Wellness%20Clinic%20Sector%2034%20Chandigarh
Chandigarh Tricity,267,C,67,Vohra Tent House,Tent house supplier,Food & Events,Chandigarh,Chandigarh,0172 260 6784,4.5,15,Starter,"₹15,000",15000,Tue-Thu 11:00-16:00,Menu and package pages plus a date-availability enquiry form. Enquiries die in WhatsApp with no record today.,32,12,13,10,https://www.google.com/maps/search/?api=1&query=Vohra%20Tent%20House%20Chandigarh
Chandigarh Tricity,268,C,67,RAJA TENT HOUSE & CATERERS,Tent house supplier,Food & Events,Zirakpur,Zirakpur / Dera Bassi,098725 85539,4.6,9,Starter,"₹15,000",15000,Tue-Thu 11:00-16:00,Menu and package pages plus a date-availability enquiry form. Enquiries die in WhatsApp with no record today.,32,10,15,10,https://www.google.com/maps/search/?api=1&query=RAJA%20TENT%20HOUSE%20%26%20CATERERS%20Zirakpur
Chandigarh Tricity,269,C,67,Apna tent house,Community center,Food & Events,Haibatpur Dera Bassi,Zirakpur / Dera Bassi,098151 73796,4.9,9,Starter,"₹15,000",15000,Tue-Thu 11:00-16:00,Menu and package pages plus a date-availability enquiry form. Enquiries die in WhatsApp with no record today.,28,10,19,10,https://www.google.com/maps/search/?api=1&query=Apna%20tent%20house%20Haibatpur%20Dera%20Bassi
Chandigarh Tricity,270,C,67,PreeT TenT CatererS,Tent house supplier,Food & Events,Lohgarh Zirakpur,Zirakpur / Dera Bassi,090560 10031,4.8,5,Starter,"₹15,000",15000,Tue-Thu 11:00-16:00,Menu and package pages plus a date-availability enquiry form. Enquiries die in WhatsApp with no record today.,32,8,17,10,https://www.google.com/maps/search/?api=1&query=PreeT%20TenT%20CatererS%20Lohgarh%20Zirakpur
Chandigarh Tricity,271,C,66,Suheldev cooking &catering,Catering food and drink supplier,Food & Events,Zirakpur,Zirakpur / Dera Bassi,— none listed,4.7,41,Starter,"₹15,000",15000,Tue-Thu 11:00-16:00,Menu and package pages plus a date-availability enquiry form. Enquiries die in WhatsApp with no record today.,34,16,16,0,https://www.google.com/maps/search/?api=1&query=Suheldev%20cooking%20%26catering%20Zirakpur
Chandigarh Tricity,272,C,66,Chadha Tent Service,Tent house supplier,Food & Events,Kharar,Mohali (SAS Nagar),098152 69563,4.4,14,Starter,"₹15,000",15000,Tue-Thu 11:00-16:00,Menu and package pages plus a date-availability enquiry form. Enquiries die in WhatsApp with no record today.,32,12,12,10,https://www.google.com/maps/search/?api=1&query=Chadha%20Tent%20Service%20Kharar
Chandigarh Tricity,273,C,66,Shree Balaji physiotherapy & ayurvedic clinic,Physiotherapy centre,Health & Wellness,Dera Bassi,Zirakpur / Dera Bassi,— none listed,5,10,Growth,"₹45,000",45000,Tue-Thu 11:00-13:00 / 16:00-19:00,"Practitioner credentials, treatments and online booking. Patients search the area before they phone.",36,10,20,0,https://www.google.com/maps/search/?api=1&query=Shree%20Balaji%20physiotherapy%20%26%20ayurvedic%20clinic%20Dera%20Bassi
Chandigarh Tricity,274,C,66,Smart Realty,Real estate consultant,Retail & Services,Haibatpur Dera Bassi,Zirakpur / Dera Bassi,— none listed,5,9,Growth,"₹45,000",45000,Tue-Thu 11:00-16:00,"Services, coverage area and a callback form so enquiries stop dying in missed calls.",36,10,20,0,https://www.google.com/maps/search/?api=1&query=Smart%20Realty%20Haibatpur%20Dera%20Bassi
Chandigarh Tricity,275,C,66,Mahakal Properties,Real estate consultant,Retail & Services,SBP Town Square Dera Bassi,Zirakpur / Dera Bassi,— none listed,5,8,Growth,"₹45,000",45000,Tue-Thu 11:00-16:00,"Services, coverage area and a callback form so enquiries stop dying in missed calls.",36,10,20,0,https://www.google.com/maps/search/?api=1&query=Mahakal%20Properties%20SBP%20Town%20Square%20Dera%20Bassi
Chandigarh Tricity,276,C,66,Prajapat Caterers,Catering food and drink supplier,Food & Events,Dera Bassi,Zirakpur / Dera Bassi,078376 32020,4.5,6,Starter,"₹15,000",15000,Tue-Thu 11:00-16:00,Menu and package pages plus a date-availability enquiry form. Enquiries die in WhatsApp with no record today.,34,8,13,10,https://www.google.com/maps/search/?api=1&query=Prajapat%20Caterers%20Dera%20Bassi
Chandigarh Tricity,277,C,66,SMART PLAY SCHOOL,Preschool,Education & Training,Palm City Dera Bassi,Zirakpur / Dera Bassi,093175 99610,4.4,5,Growth,"₹45,000",45000,Tue-Thu 11:00-13:00 (before pickup),"Curriculum, fees, faculty and an admission-enquiry form. Parents shortlist online, then visit.",36,8,12,10,https://www.google.com/maps/search/?api=1&query=SMART%20PLAY%20SCHOOL%20Palm%20City%20Dera%20Bassi
Chandigarh Tricity,278,C,65,Mehta catters,Catering food and drink supplier,Food & Events,Acme Heights Kharar,Mohali (SAS Nagar),— none listed,4.9,18,Starter,"₹15,000",15000,Tue-Thu 11:00-16:00,Menu and package pages plus a date-availability enquiry form. Enquiries die in WhatsApp with no record today.,34,13,19,0,https://www.google.com/maps/search/?api=1&query=Mehta%20catters%20Acme%20Heights%20Kharar
Chandigarh Tricity,279,C,65,Saini tent & caterers,Tent house supplier,Food & Events,Zirakpur,Zirakpur / Dera Bassi,— none listed,5,17,Starter,"₹15,000",15000,Tue-Thu 11:00-16:00,Menu and package pages plus a date-availability enquiry form. Enquiries die in WhatsApp with no record today.,32,13,20,0,https://www.google.com/maps/search/?api=1&query=Saini%20tent%20%26%20caterers%20Zirakpur
Chandigarh Tricity,280,C,65,OM TOURS & TRAVELS,Travel agency,Retail & Services,Tehsil Road Dera Bassi,Zirakpur / Dera Bassi,— none listed,5,17,Starter,"₹15,000",15000,Tue-Thu 11:00-16:00,"Services, coverage area and a callback form so enquiries stop dying in missed calls.",32,13,20,0,https://www.google.com/maps/search/?api=1&query=OM%20TOURS%20%26%20TRAVELS%20Tehsil%20Road%20Dera%20Bassi
Chandigarh Tricity,281,C,65,BM TOURS AND TRAVELS,Travel agency,Retail & Services,Reddy Enclave Dera Bassi,Zirakpur / Dera Bassi,— none listed,5,17,Starter,"₹15,000",15000,Tue-Thu 11:00-16:00,"Services, coverage area and a callback form so enquiries stop dying in missed calls.",32,13,20,0,https://www.google.com/maps/search/?api=1&query=BM%20TOURS%20AND%20TRAVELS%20Reddy%20Enclave%20Dera%20Bassi
Chandigarh Tricity,282,C,65,Red chilli caterers,Wedding service,Food & Events,Sector 21 Panchkula,Panchkula,— none listed,5,7,Growth,"₹45,000",45000,Tue-Thu 11:00-16:00,Menu and package pages plus a date-availability enquiry form. Enquiries die in WhatsApp with no record today.,36,9,20,0,https://www.google.com/maps/search/?api=1&query=Red%20chilli%20caterers%20Sector%2021%20Panchkula
Chandigarh Tricity,283,C,65,RGS Immigration Consultants Pvt Ltd,Immigration consultant,Professional Services,Sunny Enclave Kharar,Mohali (SAS Nagar),— none listed,4.8,5,Growth,"₹45,000",45000,Tue-Thu 11:30-13:00 / 15:00-17:00,"Services, registration credentials and a deadline-driven enquiry form. Clients verify a firm online before they call.",40,8,17,0,https://www.google.com/maps/search/?api=1&query=RGS%20Immigration%20Consultants%20Pvt%20Ltd%20Sunny%20Enclave%20Kharar
Chandigarh Tricity,284,C,64,Bombay Sweets & Catering,Caterer,Food & Events,Issapur Dera Bassi,Zirakpur / Dera Bassi,— none listed,3.9,302,Custom,"₹1,20,000+",120000,Tue-Thu 11:00-16:00,Menu and package pages plus a date-availability enquiry form. Enquiries die in WhatsApp with no record today.,34,25,5,0,https://www.google.com/maps/search/?api=1&query=Bombay%20Sweets%20%26%20Catering%20Issapur%20Dera%20Bassi
Chandigarh Tricity,285,C,64,P.K. Tent & Caterers,Tent house supplier,Food & Events,Chandigarh,Chandigarh,098888 52929,4.1,23,Starter,"₹15,000",15000,Tue-Thu 11:00-16:00,Menu and package pages plus a date-availability enquiry form. Enquiries die in WhatsApp with no record today.,32,14,8,10,https://www.google.com/maps/search/?api=1&query=P.K.%20Tent%20%26%20Caterers%20Chandigarh
Chandigarh Tricity,286,C,64,Mahajan Tent House,Tent house supplier,Food & Events,Panchkula,Panchkula,098147 07458,4.2,18,Starter,"₹15,000",15000,Tue-Thu 11:00-16:00,Menu and package pages plus a date-availability enquiry form. Enquiries die in WhatsApp with no record today.,32,13,9,10,https://www.google.com/maps/search/?api=1&query=Mahajan%20Tent%20House%20Panchkula
Chandigarh Tricity,287,C,64,SYDNEY TENT AND CATERING,Tent house supplier,Food & Events,Zirakpur,Zirakpur / Dera Bassi,098141 52612,4.3,12,Starter,"₹15,000",15000,Tue-Thu 11:00-16:00,Menu and package pages plus a date-availability enquiry form. Enquiries die in WhatsApp with no record today.,32,11,11,10,https://www.google.com/maps/search/?api=1&query=SYDNEY%20TENT%20AND%20CATERING%20Zirakpur
Chandigarh Tricity,288,C,64,Khalsa Tent Services balongi,Tent house supplier,Food & Events,Balongi Mohali,Mohali (SAS Nagar),098150 34936,4.4,8,Starter,"₹15,000",15000,Tue-Thu 11:00-16:00,Menu and package pages plus a date-availability enquiry form. Enquiries die in WhatsApp with no record today.,32,10,12,10,https://www.google.com/maps/search/?api=1&query=Khalsa%20Tent%20Services%20balongi%20Balongi%20Mohali
Chandigarh Tricity,289,C,63,Vikas tent house,Tent house supplier,Food & Events,Baltana,Zirakpur / Dera Bassi,097802 21488,3.9,37,Starter,"₹15,000",15000,Tue-Thu 11:00-16:00,Menu and package pages plus a date-availability enquiry form. Enquiries die in WhatsApp with no record today.,32,16,5,10,https://www.google.com/maps/search/?api=1&query=Vikas%20tent%20house%20Baltana
Chandigarh Tricity,290,C,63,Narindra caterers & tent service,Tent house supplier,Food & Events,Shivalik City Mohali,Mohali (SAS Nagar),094174 21238,4.2,14,Starter,"₹15,000",15000,Tue-Thu 11:00-16:00,Menu and package pages plus a date-availability enquiry form. Enquiries die in WhatsApp with no record today.,32,12,9,10,https://www.google.com/maps/search/?api=1&query=Narindra%20caterers%20%26%20tent%20service%20Shivalik%20City%20Mohali
Chandigarh Tricity,291,C,63,Luxmi Tent Service,Tent house supplier,Food & Events,Sector 45 Chandigarh,Chandigarh,094175 67996,4.4,7,Starter,"₹15,000",15000,Tue-Thu 11:00-16:00,Menu and package pages plus a date-availability enquiry form. Enquiries die in WhatsApp with no record today.,32,9,12,10,https://www.google.com/maps/search/?api=1&query=Luxmi%20Tent%20Service%20Sector%2045%20Chandigarh
Chandigarh Tricity,292,C,63,Aarav Tent and Catering,Caterer,Food & Events,Ram Darbar Chandigarh,Chandigarh,098157 77505,4.3,6,Starter,"₹15,000",15000,Tue-Thu 11:00-16:00,Menu and package pages plus a date-availability enquiry form. Enquiries die in WhatsApp with no record today.,34,8,11,10,https://www.google.com/maps/search/?api=1&query=Aarav%20Tent%20and%20Catering%20Ram%20Darbar%20Chandigarh
Chandigarh Tricity,293,C,63,Rai Property Consultants,Real estate agency,Retail & Services,Landran,Mohali (SAS Nagar),098155 62019,4.2,5,Growth,"₹45,000",45000,Tue-Thu 11:00-16:00,"Services, coverage area and a callback form so enquiries stop dying in missed calls.",36,8,9,10,https://www.google.com/maps/search/?api=1&query=Rai%20Property%20Consultants%20Landran
Chandigarh Tricity,294,C,62,Saraswati Tent House,Tent house supplier,Food & Events,Panchkula,Panchkula,098726 51140,4.1,14,Starter,"₹15,000",15000,Tue-Thu 11:00-16:00,Menu and package pages plus a date-availability enquiry form. Enquiries die in WhatsApp with no record today.,32,12,8,10,https://www.google.com/maps/search/?api=1&query=Saraswati%20Tent%20House%20Panchkula
Chandigarh Tricity,295,C,62,Dev Tent House,Tent house supplier,Food & Events,Naya Gaon,Mohali (SAS Nagar),— none listed,5,10,Starter,"₹15,000",15000,Tue-Thu 11:00-16:00,Menu and package pages plus a date-availability enquiry form. Enquiries die in WhatsApp with no record today.,32,10,20,0,https://www.google.com/maps/search/?api=1&query=Dev%20Tent%20House%20Naya%20Gaon
Chandigarh Tricity,296,C,61,Uppal Properties,Real estate agency,Retail & Services,Sector 35 Chandigarh,Chandigarh,098140 33115,4,6,Growth,"₹45,000",45000,Tue-Thu 11:00-16:00,"Services, coverage area and a callback form so enquiries stop dying in missed calls.",36,8,7,10,https://www.google.com/maps/search/?api=1&query=Uppal%20Properties%20Sector%2035%20Chandigarh
Chandigarh Tricity,297,C,60,Bhola Property Consultant,Real estate consultant,Retail & Services,Dera Bassi,Zirakpur / Dera Bassi,098880 82016,3.8,10,Growth,"₹45,000",45000,Tue-Thu 11:00-16:00,"Services, coverage area and a callback form so enquiries stop dying in missed calls.",36,10,4,10,https://www.google.com/maps/search/?api=1&query=Bhola%20Property%20Consultant%20Dera%20Bassi
Chandigarh Tricity,298,C,60,Bharat Vikas Parisad Charitable Physiotherapy Center,Physiotherapy centre,Health & Wellness,Dera Bassi,Zirakpur / Dera Bassi,098726 21841,3.9,7,Growth,"₹45,000",45000,Tue-Thu 11:00-13:00 / 16:00-19:00,"Practitioner credentials, treatments and online booking. Patients search the area before they phone.",36,9,5,10,https://www.google.com/maps/search/?api=1&query=Bharat%20Vikas%20Parisad%20Charitable%20Physiotherapy%20Center%20Dera%20Bassi
Chandigarh Tricity,299,C,60,Deepanshu Tent House,Tent house supplier,Food & Events,Dera Bassi,Zirakpur / Dera Bassi,— none listed,5,6,Starter,"₹15,000",15000,Tue-Thu 11:00-16:00,Menu and package pages plus a date-availability enquiry form. Enquiries die in WhatsApp with no record today.,32,8,20,0,https://www.google.com/maps/search/?api=1&query=Deepanshu%20Tent%20House%20Dera%20Bassi
Chandigarh Tricity,300,C,58,Chadha Property Consultant,Real estate consultant,Retail & Services,Sector 35 Chandigarh,Chandigarh,098141 08377,3.2,16,Growth,"₹45,000",45000,Tue-Thu 11:00-16:00,"Services, coverage area and a callback form so enquiries stop dying in missed calls.",36,12,0,10,https://www.google.com/maps/search/?api=1&query=Chadha%20Property%20Consultant%20Sector%2035%20Chandigarh
Chandigarh Tricity,301,C,58,Jain Tent & Light House,Tent house supplier,Food & Events,Chandigarh,Chandigarh,0172 271 0205,4,8,Starter,"₹15,000",15000,Tue-Thu 11:00-16:00,Menu and package pages plus a date-availability enquiry form. Enquiries die in WhatsApp with no record today.,32,10,7,10,https://www.google.com/maps/search/?api=1&query=Jain%20Tent%20%26%20Light%20House%20Chandigarh
Chandigarh Tricity,302,C,57,Walia Dhaba,Caterer,Food & Events,Kharar,Mohali (SAS Nagar),— none listed,4.3,15,Starter,"₹15,000",15000,Tue-Thu 11:00-16:00,Menu and package pages plus a date-availability enquiry form. Enquiries die in WhatsApp with no record today.,34,12,11,0,https://www.google.com/maps/search/?api=1&query=Walia%20Dhaba%20Kharar
Chandigarh Tricity,303,C,56,Khalsa Tent Service,Tent house supplier,Food & Events,Zirakpur,Zirakpur / Dera Bassi,098147 08957,3.9,7,Starter,"₹15,000",15000,Tue-Thu 11:00-16:00,Menu and package pages plus a date-availability enquiry form. Enquiries die in WhatsApp with no record today.,32,9,5,10,https://www.google.com/maps/search/?api=1&query=Khalsa%20Tent%20Service%20Zirakpur
Chandigarh Tricity,304,C,55,Dashmesh Sweets & Dairy,Restaurant,Food & Events,Banur,Mohali (SAS Nagar),— none listed,4.2,61,Growth,"₹45,000",45000,Tue-Thu 11:00-16:00,Menu and package pages plus a date-availability enquiry form. Enquiries die in WhatsApp with no record today.,28,18,9,0,https://www.google.com/maps/search/?api=1&query=Dashmesh%20Sweets%20%26%20Dairy%20Banur
Chandigarh Tricity,305,C,53,M.K. Tent House And Catering Service,Tent house supplier,Food & Events,Balongi Mohali,Mohali (SAS Nagar),094172 49796,3.7,6,Starter,"₹15,000",15000,Tue-Thu 11:00-16:00,Menu and package pages plus a date-availability enquiry form. Enquiries die in WhatsApp with no record today.,32,8,3,10,https://www.google.com/maps/search/?api=1&query=M.K.%20Tent%20House%20And%20Catering%20Service%20Balongi%20Mohali
Chandigarh Tricity,306,C,52,Swami Tent And Caterers,Restaurant supply store,Food & Events,Sector 38 West Chandigarh,Chandigarh,098764 93798,3.6,11,Starter,"₹15,000",15000,Tue-Thu 11:00-16:00,Menu and package pages plus a date-availability enquiry form. Enquiries die in WhatsApp with no record today.,30,11,1,10,https://www.google.com/maps/search/?api=1&query=Swami%20Tent%20And%20Caterers%20Sector%2038%20West%20Chandigarh
Chandigarh Tricity,307,C,50,Plan To Plane Immigration,Immigration consultant,Professional Services,Kharar,Mohali (SAS Nagar),— none listed,3,10,Growth,"₹45,000",45000,Tue-Thu 11:30-13:00 / 15:00-17:00,"Services, registration credentials and a deadline-driven enquiry form. Clients verify a firm online before they call.",40,10,0,0,https://www.google.com/maps/search/?api=1&query=Plan%20To%20Plane%20Immigration%20Kharar
Hyderabad,1,A,93,Abhilasha Events And Catering Services,Caterer,Food & Events,Chandanagar,Hyderabad,079818 17140,4.9,3644,Custom,"₹1,20,000+",120000,Tue-Thu 11:00-16:00,Menu and package pages + a date-availability enquiry form. Enquiries die in WhatsApp with no record today.,34,30,19,10,https://www.google.com/maps/search/?api=1&query=Abhilasha%20Events%20And%20Catering%20Services%20Chandanagar%20Hyderabad
Hyderabad,2,A,92,Lotus Dental Clinic and Maxillofacial Surgery Center,Dental clinic,Health & Wellness,Dilsukhnagar,Hyderabad,098854 38921,5,379,Custom,"₹1,20,000+",120000,Tue-Thu 11:00-13:00 / 16:00-19:00,"Practitioner credentials, treatments and online booking. Patients search the area before they phone.",36,26,20,10,https://www.google.com/maps/search/?api=1&query=Lotus%20Dental%20Clinic%20and%20Maxillofacial%20Surgery%20Center%20Dilsukhnagar%20Hyderabad
Hyderabad,3,A,92,Naresh Reddy & Co Chartered Accountants,Chartered accountant,Professional Services,Kompally,Hyderabad,094413 05541,5,173,Growth,"₹45,000",45000,Tue-Thu 11:00-13:00 / 16:00-18:00 (not before 1 Oct),"Services, registration credentials and a filing-deadline enquiry form. Clients verify a firm online before calling.",40,22,20,10,https://www.google.com/maps/search/?api=1&query=Naresh%20Reddy%20%26%20Co%20Chartered%20Accountants%20Kompally%20Hyderabad
Hyderabad,4,A,92,Kasireddy & Associates,Chartered accountant,Professional Services,Mallampet,Hyderabad,091006 33450,5,152,Growth,"₹45,000",45000,Tue-Thu 11:00-13:00 / 16:00-18:00 (not before 1 Oct),"Services, registration credentials and a filing-deadline enquiry form. Clients verify a firm online before calling.",40,22,20,10,https://www.google.com/maps/search/?api=1&query=Kasireddy%20%26%20Associates%20Mallampet%20Hyderabad
Hyderabad,5,A,91,Amma Caterers,Caterer,Food & Events,Miyapur,Hyderabad,081212 01417,4.9,674,Custom,"₹1,20,000+",120000,Tue-Thu 11:00-16:00,Menu and package pages + a date-availability enquiry form. Enquiries die in WhatsApp with no record today.,34,28,19,10,https://www.google.com/maps/search/?api=1&query=Amma%20Caterers%20MMTS%20Rd%2C%20Miyapur%20Hyderabad
Hyderabad,6,A,91,Priya Financial and Tax Consultants,Tax consultant,Professional Services,Kompally,Hyderabad,099129 21560,5,183,Growth,"₹45,000",45000,Tue-Thu 11:00-13:00 / 16:00-18:00 (not before 1 Oct),"Services, registration credentials and a filing-deadline enquiry form. Clients verify a firm online before calling.",38,23,20,10,https://www.google.com/maps/search/?api=1&query=Priya%20Financial%20and%20Tax%20Consultants%20Kompally%20Hyderabad
Hyderabad,7,A,91,KNR Accounting & Tax Services,Tax consultant,Professional Services,Miyapur,Hyderabad,086390 45184,5,182,Growth,"₹45,000",45000,Tue-Thu 11:00-13:00 / 16:00-18:00 (not before 1 Oct),"Services, registration credentials and a filing-deadline enquiry form. Clients verify a firm online before calling.",38,23,20,10,https://www.google.com/maps/search/?api=1&query=KNR%20Accounting%20%26%20Tax%20Services%20Miyapur%20Hyderabad
Hyderabad,8,A,91,Gudipati Nagaraju & Co,Certified public accountant,Professional Services,Nizampet,Hyderabad,096524 69056,5,123,Growth,"₹45,000",45000,Tue-Thu 11:00-13:00 / 16:00-18:00 (not before 1 Oct),"Services, registration credentials and a filing-deadline enquiry form. Clients verify a firm online before calling.",40,21,20,10,https://www.google.com/maps/search/?api=1&query=Gudipati%20Nagaraju%20%26%20Co%20Nizampet%20Hyderabad
Hyderabad,9,A,90,Kinnera Caterers,Caterer,Food & Events,Kukatpally,Hyderabad,096666 55634,4.9,598,Custom,"₹1,20,000+",120000,Tue-Thu 11:00-16:00,Menu and package pages + a date-availability enquiry form. Enquiries die in WhatsApp with no record today.,34,28,19,10,https://www.google.com/maps/search/?api=1&query=Kinnera%20Caterers%20ALEAP%2C%20Kukatpally%20Hyderabad
Hyderabad,10,A,90,P M Reddy & Associates,Tax consultant,Professional Services,Vanasthalipuram,Hyderabad,092480 90099,5,146,Growth,"₹45,000",45000,Tue-Thu 11:00-13:00 / 16:00-18:00 (not before 1 Oct),"Services, registration credentials and a filing-deadline enquiry form. Clients verify a firm online before calling.",38,22,20,10,https://www.google.com/maps/search/?api=1&query=P%20M%20Reddy%20%26%20Associates%20Vanasthalipuram%20Hyderabad
Hyderabad,11,A,90,SVG Associates,Tax consultant,Professional Services,Miyapur,Hyderabad,099660 92060,5,141,Growth,"₹45,000",45000,Tue-Thu 11:00-13:00 / 16:00-18:00 (not before 1 Oct),"Services, registration credentials and a filing-deadline enquiry form. Clients verify a firm online before calling.",38,22,20,10,https://www.google.com/maps/search/?api=1&query=SVG%20Associates%20Miyapur%20Hyderabad
Hyderabad,12,A,90,Sai Srinivas & Associates,Chartered accountant,Professional Services,LB Nagar,Hyderabad,079893 87722,5,103,Growth,"₹45,000",45000,Tue-Thu 11:00-13:00 / 16:00-18:00 (not before 1 Oct),"Services, registration credentials and a filing-deadline enquiry form. Clients verify a firm online before calling.",40,20,20,10,https://www.google.com/maps/search/?api=1&query=Sai%20Srinivas%20%26%20Associates%20Chandrapuri%2C%20LB%20Nagar%20Hyderabad
Hyderabad,13,A,89,Unnathi Caterers,Caterer,Food & Events,Kukatpally,Hyderabad,095737 88799,4.8,581,Custom,"₹1,20,000+",120000,Tue-Thu 11:00-16:00,Menu and package pages + a date-availability enquiry form. Enquiries die in WhatsApp with no record today.,34,28,17,10,https://www.google.com/maps/search/?api=1&query=Unnathi%20Caterers%20Kukatpally%20Hyderabad
Hyderabad,14,A,89,Good Food Best Catering Services,Caterer,Food & Events,Secunderabad,Hyderabad,095502 76330,4.9,470,Custom,"₹1,20,000+",120000,Tue-Thu 11:00-16:00,Menu and package pages + a date-availability enquiry form. Enquiries die in WhatsApp with no record today.,34,27,19,10,https://www.google.com/maps/search/?api=1&query=Good%20Food%20Best%20Catering%20Services%20Secunderabad%20Hyderabad
Hyderabad,15,A,89,S.R.R. Caterers,Caterer,Food & Events,Dilsukhnagar,Hyderabad,095504 96686,4.9,416,Custom,"₹1,20,000+",120000,Tue-Thu 11:00-16:00,Menu and package pages + a date-availability enquiry form. Enquiries die in WhatsApp with no record today.,34,26,19,10,https://www.google.com/maps/search/?api=1&query=S.R.R.%20Caterers%20Dilsukhnagar%20Hyderabad
Hyderabad,16,A,89,PPR Tax Consultancy,Tax consultant,Professional Services,Miyapur,Hyderabad,096185 61434,5,136,Growth,"₹45,000",45000,Tue-Thu 11:00-13:00 / 16:00-18:00 (not before 1 Oct),"Services, registration credentials and a filing-deadline enquiry form. Clients verify a firm online before calling.",38,21,20,10,https://www.google.com/maps/search/?api=1&query=PPR%20Tax%20Consultancy%20Miyapur%20Hyderabad
Hyderabad,17,A,89,Chintalapudi and Associates,Certified public accountant,Professional Services,Madhapur,Hyderabad,099494 47611,5,83,Growth,"₹45,000",45000,Tue-Thu 11:00-13:00 / 16:00-18:00 (not before 1 Oct),"Services, registration credentials and a filing-deadline enquiry form. Clients verify a firm online before calling.",40,19,20,10,https://www.google.com/maps/search/?api=1&query=Chintalapudi%20and%20Associates%20Ayyappa%20Society%2C%20Madhapur%20Hyderabad
Hyderabad,18,A,89,GST Mithra Private Limited,Certified public accountant,Professional Services,Hitec City,Hyderabad,081488 24243,5,81,Growth,"₹45,000",45000,Tue-Thu 11:00-13:00 / 16:00-18:00 (not before 1 Oct),"Services, registration credentials and a filing-deadline enquiry form. Clients verify a firm online before calling.",40,19,20,10,https://www.google.com/maps/search/?api=1&query=GST%20Mithra%20Private%20Limited%20Hitec%20City%20Hyderabad
Hyderabad,19,A,89,Incociar Projects,Interior designer,Home & Interiors,Dilsukhnagar,Hyderabad,091004 46450,5,77,Growth,"₹45,000",45000,Tue-Thu 11:00-16:00,"A project gallery with before/after and room type, plus a budget-range enquiry form. Buyers judge on photos first.",40,19,20,10,https://www.google.com/maps/search/?api=1&query=Incociar%20Projects%20Gaddiannaram%2C%20Dilsukhnagar%20Hyderabad
Hyderabad,20,A,88,Sharon Tent House,Tent house supplier,Food & Events,Hyderabad,Hyderabad,090599 91111,4.8,738,Growth,"₹45,000",45000,Tue-Thu 11:00-16:00,Menu and package pages + a date-availability enquiry form. Enquiries die in WhatsApp with no record today.,32,29,17,10,https://www.google.com/maps/search/?api=1&query=Sharon%20Tent%20House%20Hyderabad%20Hyderabad
Hyderabad,21,A,88,V S Rao Tax Consultants,Tax consultant,Professional Services,Vanasthalipuram,Hyderabad,091825 69877,5,100,Growth,"₹45,000",45000,Tue-Thu 11:00-13:00 / 16:00-18:00 (not before 1 Oct),"Services, registration credentials and a filing-deadline enquiry form. Clients verify a firm online before calling.",38,20,20,10,https://www.google.com/maps/search/?api=1&query=V%20S%20Rao%20Tax%20Consultants%20Vanasthalipuram%20Hyderabad
Hyderabad,22,A,88,M S D H & Co Chartered Accountants,Chartered accountant,Professional Services,LB Nagar,Hyderabad,088014 41523,5,60,Growth,"₹45,000",45000,Tue-Thu 11:00-13:00 / 16:00-18:00 (not before 1 Oct),"Services, registration credentials and a filing-deadline enquiry form. Clients verify a firm online before calling.",40,18,20,10,https://www.google.com/maps/search/?api=1&query=M%20S%20D%20H%20%26%20Co%20Chartered%20Accountants%20RK%20Puram%2C%20LB%20Nagar%20Hyderabad
Hyderabad,23,A,88,Sreyas & Associates CA,Chartered accountant,Professional Services,Kukatpally,Hyderabad,070323 53918,5,59,Growth,"₹45,000",45000,Tue-Thu 11:00-13:00 / 16:00-18:00 (not before 1 Oct),"Services, registration credentials and a filing-deadline enquiry form. Clients verify a firm online before calling.",40,18,20,10,https://www.google.com/maps/search/?api=1&query=Sreyas%20%26%20Associates%20CA%20Kukatpally%20Hyderabad
Hyderabad,24,A,87,Abhi Caterings Veg and Nonveg,Caterer,Food & Events,Kukatpally,Hyderabad,099661 24412,4.8,355,Custom,"₹1,20,000+",120000,Tue-Thu 11:00-16:00,Menu and package pages + a date-availability enquiry form. Enquiries die in WhatsApp with no record today.,34,26,17,10,https://www.google.com/maps/search/?api=1&query=Abhi%20Caterings%20Veg%20and%20Nonveg%20Kukatpally%20Hyderabad
Hyderabad,25,A,87,Bheeshma Catering Services,Caterer,Food & Events,Kompally,Hyderabad,099127 12709,4.8,333,Custom,"₹1,20,000+",120000,Tue-Thu 11:00-16:00,Menu and package pages + a date-availability enquiry form. Enquiries die in WhatsApp with no record today.,34,25,17,10,https://www.google.com/maps/search/?api=1&query=Bheeshma%20Catering%20Services%20Kompally%20Hyderabad
Hyderabad,26,A,87,Abhilasha Caterers,Caterer,Food & Events,Kukatpally,Hyderabad,095050 48899,4.9,265,Custom,"₹1,20,000+",120000,Tue-Thu 11:00-16:00,Menu and package pages + a date-availability enquiry form. Enquiries die in WhatsApp with no record today.,34,24,19,10,https://www.google.com/maps/search/?api=1&query=Abhilasha%20Caterers%20Kukatpally%20Hyderabad
Hyderabad,27,A,87,VTH Caterers,Caterer,Food & Events,Habsiguda,Hyderabad,077024 08063,4.9,255,Custom,"₹1,20,000+",120000,Tue-Thu 11:00-16:00,Menu and package pages + a date-availability enquiry form. Enquiries die in WhatsApp with no record today.,34,24,19,10,https://www.google.com/maps/search/?api=1&query=VTH%20Caterers%20Habsiguda%20Hyderabad
Hyderabad,28,A,87,SM Group Caterers,Caterer,Food & Events,Bahadurpura,Hyderabad,063015 14057,5,217,Growth,"₹45,000",45000,Tue-Thu 11:00-16:00,Menu and package pages + a date-availability enquiry form. Enquiries die in WhatsApp with no record today.,34,23,20,10,https://www.google.com/maps/search/?api=1&query=SM%20Group%20Caterers%20Bahadurpura%20Hyderabad
Hyderabad,29,A,87,Karthik Tax Consultancy Services,Tax consultant,Professional Services,Secunderabad,Hyderabad,081870 45574,5,77,Growth,"₹45,000",45000,Tue-Thu 11:00-13:00 / 16:00-18:00 (not before 1 Oct),"Services, registration credentials and a filing-deadline enquiry form. Clients verify a firm online before calling.",38,19,20,10,https://www.google.com/maps/search/?api=1&query=Karthik%20Tax%20Consultancy%20Services%20Secunderabad%20Hyderabad
Hyderabad,30,A,87,TaxSense Associates,Tax consultant,Professional Services,Dilsukhnagar,Hyderabad,073866 62877,5,74,Growth,"₹45,000",45000,Tue-Thu 11:00-13:00 / 16:00-18:00 (not before 1 Oct),"Services, registration credentials and a filing-deadline enquiry form. Clients verify a firm online before calling.",38,19,20,10,https://www.google.com/maps/search/?api=1&query=TaxSense%20Associates%20Dilsukhnagar%20Hyderabad
Hyderabad,31,A,87,Sanjay & Kesava Chartered Accountants,Certified public accountant,Professional Services,Kukatpally,Hyderabad,090597 77934,5,49,Growth,"₹45,000",45000,Tue-Thu 11:00-13:00 / 16:00-18:00 (not before 1 Oct),"Services, registration credentials and a filing-deadline enquiry form. Clients verify a firm online before calling.",40,17,20,10,https://www.google.com/maps/search/?api=1&query=Sanjay%20%26%20Kesava%20Chartered%20Accountants%20Kukatpally%20Hyderabad
Hyderabad,32,A,87,Komarla Manikanta Chartered Accountants,Chartered accountant,Professional Services,Uppal,Hyderabad,088970 57848,5,44,Growth,"₹45,000",45000,Tue-Thu 11:00-13:00 / 16:00-18:00 (not before 1 Oct),"Services, registration credentials and a filing-deadline enquiry form. Clients verify a firm online before calling.",40,17,20,10,https://www.google.com/maps/search/?api=1&query=Komarla%20Manikanta%20Chartered%20Accountants%20Uppal%20Hyderabad
Hyderabad,33,A,86,S V Caterers,Caterer,Food & Events,Secunderabad,Hyderabad,098499 00000,4.7,425,Custom,"₹1,20,000+",120000,Tue-Thu 11:00-16:00,Menu and package pages + a date-availability enquiry form. Enquiries die in WhatsApp with no record today.,34,26,16,10,https://www.google.com/maps/search/?api=1&query=S%20V%20Caterers%20Secunderabad%20Hyderabad
Hyderabad,34,A,86,Kamal Catering Services,Catering food and drink supplier,Food & Events,Kukatpally,Hyderabad,091105 81904,4.8,318,Custom,"₹1,20,000+",120000,Tue-Thu 11:00-16:00,Menu and package pages + a date-availability enquiry form. Enquiries die in WhatsApp with no record today.,34,25,17,10,https://www.google.com/maps/search/?api=1&query=Kamal%20Catering%20Services%20Kukatpally%20Hyderabad
Hyderabad,35,A,86,Sri Jagadamba Caterers,Caterer,Food & Events,Dilsukhnagar,Hyderabad,090141 90641,4.9,223,Growth,"₹45,000",45000,Tue-Thu 11:00-16:00,Menu and package pages + a date-availability enquiry form. Enquiries die in WhatsApp with no record today.,34,23,19,10,https://www.google.com/maps/search/?api=1&query=Sri%20Jagadamba%20Caterers%20Dilsukhnagar%20Hyderabad
Hyderabad,36,A,86,Delight Caterers and Event Organisers,Caterer,Food & Events,Dilsukhnagar,Hyderabad,099858 35566,5,164,Growth,"₹45,000",45000,Tue-Thu 11:00-16:00,Menu and package pages + a date-availability enquiry form. Enquiries die in WhatsApp with no record today.,34,22,20,10,https://www.google.com/maps/search/?api=1&query=Delight%20Caterers%20and%20Event%20Organisers%20Dilsukhnagar%20Hyderabad
Hyderabad,37,A,86,Metro Dental Speciality Hospital,Dental clinic,Health & Wellness,Dilsukhnagar,Hyderabad,090590 71984,4.9,130,Growth,"₹45,000",45000,Tue-Thu 11:00-13:00 / 16:00-19:00,"Practitioner credentials, treatments and online booking. Patients search the area before they phone.",36,21,19,10,https://www.google.com/maps/search/?api=1&query=Metro%20Dental%20Speciality%20Hospital%20Sai%20Baba%20Temple%20Rd%2C%20Dilsukhnagar%20Hyderabad
Hyderabad,38,A,86,Balu & Associates Tax Consultants,Tax consultant,Professional Services,Vanasthalipuram,Hyderabad,070131 69200,5,62,Growth,"₹45,000",45000,Tue-Thu 11:00-13:00 / 16:00-18:00 (not before 1 Oct),"Services, registration credentials and a filing-deadline enquiry form. Clients verify a firm online before calling.",38,18,20,10,https://www.google.com/maps/search/?api=1&query=Balu%20%26%20Associates%20Tax%20Consultants%20Vanasthalipuram%20Hyderabad
Hyderabad,39,A,86,ALTF Consultancy Services,Certified public accountant,Professional Services,Neredmet,Hyderabad,073964 66000,4.9,59,Growth,"₹45,000",45000,Tue-Thu 11:00-13:00 / 16:00-18:00 (not before 1 Oct),"Services, registration credentials and a filing-deadline enquiry form. Clients verify a firm online before calling.",40,18,19,10,https://www.google.com/maps/search/?api=1&query=ALTF%20Consultancy%20Services%20Neredmet%20Hyderabad
Hyderabad,40,A,86,Sri Lakshmi Consultants,Chartered accountant,Professional Services,Miyapur,Hyderabad,094901 63444,4.9,49,Growth,"₹45,000",45000,Tue-Thu 11:00-13:00 / 16:00-18:00 (not before 1 Oct),"Services, registration credentials and a filing-deadline enquiry form. Clients verify a firm online before calling.",40,17,19,10,https://www.google.com/maps/search/?api=1&query=Sri%20Lakshmi%20Consultants%20Miyapur%20Hyderabad
Hyderabad,41,A,86,SR Tax Consultants,Chartered accountant,Professional Services,Kukatpally,Hyderabad,086861 26544,5,43,Growth,"₹45,000",45000,Tue-Thu 11:00-13:00 / 16:00-18:00 (not before 1 Oct),"Services, registration credentials and a filing-deadline enquiry form. Clients verify a firm online before calling.",40,16,20,10,https://www.google.com/maps/search/?api=1&query=SR%20Tax%20Consultants%20Kukatpally%20Hyderabad
Hyderabad,42,A,86,Chinnapa Reddy and Co,Chartered accountant,Professional Services,Ameerpet,Hyderabad,099127 13770,5,40,Growth,"₹45,000",45000,Tue-Thu 11:00-13:00 / 16:00-18:00 (not before 1 Oct),"Services, registration credentials and a filing-deadline enquiry form. Clients verify a firm online before calling.",40,16,20,10,https://www.google.com/maps/search/?api=1&query=Chinnapa%20Reddy%20and%20Co%20Ameerpet%20Hyderabad
Hyderabad,43,A,86,M Pranay Kumar & Co,Chartered accountant,Professional Services,LB Nagar,Hyderabad,070134 10424,5,38,Growth,"₹45,000",45000,Tue-Thu 11:00-13:00 / 16:00-18:00 (not before 1 Oct),"Services, registration credentials and a filing-deadline enquiry form. Clients verify a firm online before calling.",40,16,20,10,https://www.google.com/maps/search/?api=1&query=M%20Pranay%20Kumar%20%26%20Co%20LB%20Nagar%20Hyderabad
Hyderabad,44,A,86,Aditya Sunil and Associates,Certified public accountant,Professional Services,LB Nagar,Hyderabad,078010 91091,5,35,Growth,"₹45,000",45000,Tue-Thu 11:00-13:00 / 16:00-18:00 (not before 1 Oct),"Services, registration credentials and a filing-deadline enquiry form. Clients verify a firm online before calling.",40,16,20,10,https://www.google.com/maps/search/?api=1&query=Aditya%20Sunil%20and%20Associates%20LB%20Nagar%20Hyderabad
Hyderabad,45,A,85,Annapurna Caterers,Caterer,Food & Events,Nizampet,Hyderabad,098497 18809,4.7,334,Custom,"₹1,20,000+",120000,Tue-Thu 11:00-16:00,Menu and package pages + a date-availability enquiry form. Enquiries die in WhatsApp with no record today.,34,25,16,10,https://www.google.com/maps/search/?api=1&query=Annapurna%20Caterers%20Nizampet%20Hyderabad
Hyderabad,46,A,85,Deepthi Caterers,Caterer,Food & Events,Manikonda,Hyderabad,090322 13158,4.8,240,Growth,"₹45,000",45000,Tue-Thu 11:00-16:00,Menu and package pages + a date-availability enquiry form. Enquiries die in WhatsApp with no record today.,34,24,17,10,https://www.google.com/maps/search/?api=1&query=Deepthi%20Caterers%20Manikonda%20Hyderabad
Hyderabad,47,A,85,Nice Tent House,Tent house supplier,Food & Events,Manikonda,Hyderabad,081438 17322,5,177,Growth,"₹45,000",45000,Tue-Thu 11:00-16:00,Menu and package pages + a date-availability enquiry form. Enquiries die in WhatsApp with no record today.,32,23,20,10,https://www.google.com/maps/search/?api=1&query=Nice%20Tent%20House%20Alkapur%2C%20Manikonda%20Hyderabad
Hyderabad,48,A,85,Khaja Ustad Cooking & Catering Services,Caterer,Food & Events,Attapur,Hyderabad,099590 64264,4.9,162,Growth,"₹45,000",45000,Tue-Thu 11:00-16:00,Menu and package pages + a date-availability enquiry form. Enquiries die in WhatsApp with no record today.,34,22,19,10,https://www.google.com/maps/search/?api=1&query=Khaja%20Ustad%20Cooking%20%26%20Catering%20Services%20Karwan%2C%20Attapur%20Hyderabad
Hyderabad,49,A,85,Joshi's Me Kitchen,Caterer,Food & Events,Nizampet,Hyderabad,081067 67047,4.9,153,Growth,"₹45,000",45000,Tue-Thu 11:00-16:00,Menu and package pages + a date-availability enquiry form. Enquiries die in WhatsApp with no record today.,34,22,19,10,https://www.google.com/maps/search/?api=1&query=Joshi%27s%20Me%20Kitchen%20Nizampet%20Hyderabad
Hyderabad,50,A,85,Akshara Interior & Designers,Interior designer,Home & Interiors,Kukatpally,Hyderabad,096033 84384,4.5,138,Growth,"₹45,000",45000,Tue-Thu 11:00-16:00,"A project gallery with before/after and room type, plus a budget-range enquiry form. Buyers judge on photos first.",40,21,13,10,https://www.google.com/maps/search/?api=1&query=Akshara%20Interior%20%26%20Designers%20Kukatpally%20Hyderabad
Hyderabad,51,A,85,ShubhaVeduka Events & Caterers,Event planner,Food & Events,Manikonda,Hyderabad,090305 83039,4.9,67,Growth,"₹45,000",45000,Tue-Thu 11:00-16:00,Menu and package pages + a date-availability enquiry form. Enquiries die in WhatsApp with no record today.,38,18,19,10,https://www.google.com/maps/search/?api=1&query=ShubhaVeduka%20Events%20%26%20Caterers%20Puppalaguda%2C%20Manikonda%20Hyderabad
Hyderabad,52,A,85,R.S Tax Consultant,Tax consultant,Professional Services,Kukatpally,Hyderabad,086886 76488,5,49,Growth,"₹45,000",45000,Tue-Thu 11:00-13:00 / 16:00-18:00 (not before 1 Oct),"Services, registration credentials and a filing-deadline enquiry form. Clients verify a firm online before calling.",38,17,20,10,https://www.google.com/maps/search/?api=1&query=R.S%20Tax%20Consultant%20Kukatpally%20Hyderabad
Hyderabad,53,A,85,MI Events,Event planner,Food & Events,Tolichowki,Hyderabad,095028 24108,5,45,Growth,"₹45,000",45000,Tue-Thu 11:00-16:00,Menu and package pages + a date-availability enquiry form. Enquiries die in WhatsApp with no record today.,38,17,20,10,https://www.google.com/maps/search/?api=1&query=MI%20Events%20Tolichowki%20Hyderabad
Hyderabad,54,A,85,Manoj Uppuluri & Co,Certified public accountant,Professional Services,Miyapur,Hyderabad,078424 16901,4.9,38,Growth,"₹45,000",45000,Tue-Thu 11:00-13:00 / 16:00-18:00 (not before 1 Oct),"Services, registration credentials and a filing-deadline enquiry form. Clients verify a firm online before calling.",40,16,19,10,https://www.google.com/maps/search/?api=1&query=Manoj%20Uppuluri%20%26%20Co%20Miyapur%20Hyderabad
Hyderabad,55,A,85,KALP and Company Chartered Accountants,Chartered accountant,Professional Services,Secunderabad,Hyderabad,085002 24896,5,33,Growth,"₹45,000",45000,Tue-Thu 11:00-13:00 / 16:00-18:00 (not before 1 Oct),"Services, registration credentials and a filing-deadline enquiry form. Clients verify a firm online before calling.",40,15,20,10,https://www.google.com/maps/search/?api=1&query=KALP%20and%20Company%20Chartered%20Accountants%20Secunderabad%20Hyderabad
Hyderabad,56,A,85,Meela & Associates,Chartered accountant,Professional Services,Nizampet,Hyderabad,077026 55959,5,32,Growth,"₹45,000",45000,Tue-Thu 11:00-13:00 / 16:00-18:00 (not before 1 Oct),"Services, registration credentials and a filing-deadline enquiry form. Clients verify a firm online before calling.",40,15,20,10,https://www.google.com/maps/search/?api=1&query=Meela%20%26%20Associates%20Nizampet%20Hyderabad
Hyderabad,57,A,85,Elite Tax Associates,Chartered accountant,Professional Services,LB Nagar,Hyderabad,077026 94159,5,31,Growth,"₹45,000",45000,Tue-Thu 11:00-13:00 / 16:00-18:00 (not before 1 Oct),"Services, registration credentials and a filing-deadline enquiry form. Clients verify a firm online before calling.",40,15,20,10,https://www.google.com/maps/search/?api=1&query=Elite%20Tax%20Associates%20LB%20Nagar%20Hyderabad
Hyderabad,58,A,85,Vintage Spaces,Interior designer,Home & Interiors,Kukatpally,Hyderabad,079935 50555,5,30,Growth,"₹45,000",45000,Tue-Thu 11:00-16:00,"A project gallery with before/after and room type, plus a budget-range enquiry form. Buyers judge on photos first.",40,15,20,10,https://www.google.com/maps/search/?api=1&query=Vintage%20Spaces%20KPHB%2C%20Kukatpally%20Hyderabad
Hyderabad,59,B,84,SB Haleem and Caterers,Caterer,Food & Events,Tolichowki,Hyderabad,098856 07864,4.8,206,Growth,"₹45,000",45000,Tue-Thu 11:00-16:00,Menu and package pages + a date-availability enquiry form. Enquiries die in WhatsApp with no record today.,34,23,17,10,https://www.google.com/maps/search/?api=1&query=SB%20Haleem%20and%20Caterers%20Tolichowki%20Hyderabad
Hyderabad,60,B,84,Sri Balaji Catering,Caterer,Food & Events,Bachupally,Hyderabad,083411 34165,4.9,121,Growth,"₹45,000",45000,Tue-Thu 11:00-16:00,Menu and package pages + a date-availability enquiry form. Enquiries die in WhatsApp with no record today.,34,21,19,10,https://www.google.com/maps/search/?api=1&query=Sri%20Balaji%20Catering%20Bachupally%20Hyderabad
Hyderabad,61,B,84,Mega Catering & BBQ,Catering food and drink supplier,Food & Events,Bachupally,Hyderabad,093917 20704,5,102,Growth,"₹45,000",45000,Tue-Thu 11:00-16:00,Menu and package pages + a date-availability enquiry form. Enquiries die in WhatsApp with no record today.,34,20,20,10,https://www.google.com/maps/search/?api=1&query=Mega%20Catering%20%26%20BBQ%20Bachupally%20Hyderabad
Hyderabad,62,B,84,Shree Sainath Tiffins & Catering Service,Catering food and drink supplier,Food & Events,Alwal,Hyderabad,081066 27229,5,95,Growth,"₹45,000",45000,Tue-Thu 11:00-16:00,Menu and package pages + a date-availability enquiry form. Enquiries die in WhatsApp with no record today.,34,20,20,10,https://www.google.com/maps/search/?api=1&query=Shree%20Sainath%20Tiffins%20%26%20Catering%20Service%20Alwal%20Hyderabad
Hyderabad,63,B,84,Rupika Tent House & Events,Event planner,Food & Events,Gundlapochampally,Hyderabad,097006 78889,5,41,Growth,"₹45,000",45000,Tue-Thu 11:00-16:00,Menu and package pages + a date-availability enquiry form. Enquiries die in WhatsApp with no record today.,38,16,20,10,https://www.google.com/maps/search/?api=1&query=Rupika%20Tent%20House%20%26%20Events%20Gundlapochampally%20Hyderabad
Hyderabad,64,B,84,P V V and Co Chartered Accountants,Chartered accountant,Professional Services,Kukatpally,Hyderabad,091331 44660,5,23,Growth,"₹45,000",45000,Tue-Thu 11:00-13:00 / 16:00-18:00 (not before 1 Oct),"Services, registration credentials and a filing-deadline enquiry form. Clients verify a firm online before calling.",40,14,20,10,https://www.google.com/maps/search/?api=1&query=P%20V%20V%20and%20Co%20Chartered%20Accountants%20Kukatpally%20Hyderabad
Hyderabad,65,B,83,Sai Kausik Caterers & Events,Caterer,Food & Events,Madhapur,Hyderabad,098667 21555,4.5,392,Custom,"₹1,20,000+",120000,Tue-Thu 11:00-16:00,Menu and package pages + a date-availability enquiry form. Enquiries die in WhatsApp with no record today.,34,26,13,10,https://www.google.com/maps/search/?api=1&query=Sai%20Kausik%20Caterers%20%26%20Events%20Madhapur%20Hyderabad
Hyderabad,66,B,83,G.P. Tent House & Sounds & Events,Tent house supplier,Food & Events,Malkajgiri,Hyderabad,093901 06060,4.9,164,Growth,"₹45,000",45000,Tue-Thu 11:00-16:00,Menu and package pages + a date-availability enquiry form. Enquiries die in WhatsApp with no record today.,32,22,19,10,https://www.google.com/maps/search/?api=1&query=G.P.%20Tent%20House%20%26%20Sounds%20%26%20Events%20Malkajgiri%20Hyderabad
Hyderabad,67,B,83,Vindu Bhojanaalu,Catering food and drink supplier,Food & Events,Bachupally,Hyderabad,099088 30838,4.8,147,Growth,"₹45,000",45000,Tue-Thu 11:00-16:00,Menu and package pages + a date-availability enquiry form. Enquiries die in WhatsApp with no record today.,34,22,17,10,https://www.google.com/maps/search/?api=1&query=Vindu%20Bhojanaalu%20Bachupally%20Hyderabad
Hyderabad,68,B,83,Sri Satya Tent House,Tent house supplier,Food & Events,Nizampet,Hyderabad,099631 52777,5,137,Growth,"₹45,000",45000,Tue-Thu 11:00-16:00,Menu and package pages + a date-availability enquiry form. Enquiries die in WhatsApp with no record today.,32,21,20,10,https://www.google.com/maps/search/?api=1&query=Sri%20Satya%20Tent%20House%20Nizampet%20Hyderabad
Hyderabad,69,B,83,Padmavathi Tent House & Decorators,Tent house supplier,Food & Events,Kuntloor,Hyderabad,093814 22107,5,113,Growth,"₹45,000",45000,Tue-Thu 11:00-16:00,Menu and package pages + a date-availability enquiry form. Enquiries die in WhatsApp with no record today.,32,21,20,10,https://www.google.com/maps/search/?api=1&query=Padmavathi%20Tent%20House%20%26%20Decorators%20Kuntloor%20Hyderabad
Hyderabad,70,B,83,SR Caterers,Caterer,Food & Events,Chandanagar,Hyderabad,095050 48899,4.9,109,Growth,"₹45,000",45000,Tue-Thu 11:00-16:00,Menu and package pages + a date-availability enquiry form. Enquiries die in WhatsApp with no record today.,34,20,19,10,https://www.google.com/maps/search/?api=1&query=SR%20Caterers%20Chandanagar%20Hyderabad
Hyderabad,71,B,83,Venkata Vaishnavi Caterers,Caterer,Food & Events,Dilsukhnagar,Hyderabad,098664 16755,4.9,98,Growth,"₹45,000",45000,Tue-Thu 11:00-16:00,Menu and package pages + a date-availability enquiry form. Enquiries die in WhatsApp with no record today.,34,20,19,10,https://www.google.com/maps/search/?api=1&query=Venkata%20Vaishnavi%20Caterers%20Dilsukhnagar%20Hyderabad
Hyderabad,72,B,83,Niharika Caterers,Catering food and drink supplier,Food & Events,Attapur,Hyderabad,095153 03583,5,85,Growth,"₹45,000",45000,Tue-Thu 11:00-16:00,Menu and package pages + a date-availability enquiry form. Enquiries die in WhatsApp with no record today.,34,19,20,10,https://www.google.com/maps/search/?api=1&query=Niharika%20Caterers%20Attapur%20Hyderabad
Hyderabad,73,B,83,S S Taxx Consultant,Tax consultant,Professional Services,Secunderabad,Hyderabad,089855 00878,4.9,40,Growth,"₹45,000",45000,Tue-Thu 11:00-13:00 / 16:00-18:00 (not before 1 Oct),"Services, registration credentials and a filing-deadline enquiry form. Clients verify a firm online before calling.",38,16,19,10,https://www.google.com/maps/search/?api=1&query=S%20S%20Taxx%20Consultant%20Secunderabad%20Hyderabad
Hyderabad,74,B,83,Abhi Tax Consultancy Services,Tax consultant,Professional Services,LB Nagar,Hyderabad,080998 72334,5,34,Growth,"₹45,000",45000,Tue-Thu 11:00-13:00 / 16:00-18:00 (not before 1 Oct),"Services, registration credentials and a filing-deadline enquiry form. Clients verify a firm online before calling.",38,15,20,10,https://www.google.com/maps/search/?api=1&query=Abhi%20Tax%20Consultancy%20Services%20LB%20Nagar%20Hyderabad
Hyderabad,75,B,83,Harsha Tax Consultancy,Chartered accountant,Professional Services,Kukatpally,Hyderabad,091820 11016,5,20,Growth,"₹45,000",45000,Tue-Thu 11:00-13:00 / 16:00-18:00 (not before 1 Oct),"Services, registration credentials and a filing-deadline enquiry form. Clients verify a firm online before calling.",40,13,20,10,https://www.google.com/maps/search/?api=1&query=Harsha%20Tax%20Consultancy%20Kukatpally%20Hyderabad
Hyderabad,76,B,83,Dulipalli & Co,Chartered accountant,Professional Services,Madhapur,Hyderabad,070935 38833,5,17,Growth,"₹45,000",45000,Tue-Thu 11:00-13:00 / 16:00-18:00 (not before 1 Oct),"Services, registration credentials and a filing-deadline enquiry form. Clients verify a firm online before calling.",40,13,20,10,https://www.google.com/maps/search/?api=1&query=Dulipalli%20%26%20Co%20Madhapur%20Hyderabad
Hyderabad,77,B,82,Golden Tent House,Tent house supplier,Food & Events,Lingampally,Hyderabad,070755 99990,4.9,130,Growth,"₹45,000",45000,Tue-Thu 11:00-16:00,Menu and package pages + a date-availability enquiry form. Enquiries die in WhatsApp with no record today.,32,21,19,10,https://www.google.com/maps/search/?api=1&query=Golden%20Tent%20House%20Lingampally%20Hyderabad
Hyderabad,78,B,82,Sameeksha Business Consultancy,Tax consultant,Professional Services,Uppal,Hyderabad,090000 93350,4.9,32,Growth,"₹45,000",45000,Tue-Thu 11:00-13:00 / 16:00-18:00 (not before 1 Oct),"Services, registration credentials and a filing-deadline enquiry form. Clients verify a firm online before calling.",38,15,19,10,https://www.google.com/maps/search/?api=1&query=Sameeksha%20Business%20Consultancy%20Uppal%20Hyderabad
Hyderabad,79,B,82,F.R.I.E.N.D.S Tax Consultants,Tax consultant,Professional Services,Uppal,Hyderabad,085003 88368,5,27,Growth,"₹45,000",45000,Tue-Thu 11:00-13:00 / 16:00-18:00 (not before 1 Oct),"Services, registration credentials and a filing-deadline enquiry form. Clients verify a firm online before calling.",38,14,20,10,https://www.google.com/maps/search/?api=1&query=F.R.I.E.N.D.S%20Tax%20Consultants%20Uppal%20Hyderabad
Hyderabad,80,B,82,Parsharama Goud & Co,Chartered accountant,Professional Services,Nizampet,Hyderabad,086860 16696,5,16,Growth,"₹45,000",45000,Tue-Thu 11:00-13:00 / 16:00-18:00 (not before 1 Oct),"Services, registration credentials and a filing-deadline enquiry form. Clients verify a firm online before calling.",40,12,20,10,https://www.google.com/maps/search/?api=1&query=Parsharama%20Goud%20%26%20Co%20Nizampet%20Hyderabad
Hyderabad,81,B,82,Palla Vinod Kumar & Co,Chartered accountant,Professional Services,Gaddiannaram,Hyderabad,081214 16100,5,14,Growth,"₹45,000",45000,Tue-Thu 11:00-13:00 / 16:00-18:00 (not before 1 Oct),"Services, registration credentials and a filing-deadline enquiry form. Clients verify a firm online before calling.",40,12,20,10,https://www.google.com/maps/search/?api=1&query=Palla%20Vinod%20Kumar%20%26%20Co%20Gaddiannaram%20Hyderabad
Hyderabad,82,B,81,Savira Caterers & Catering Services,Caterer,Food & Events,Manikonda,Hyderabad,079897 63085,4.6,152,Growth,"₹45,000",45000,Tue-Thu 11:00-16:00,Menu and package pages + a date-availability enquiry form. Enquiries die in WhatsApp with no record today.,34,22,15,10,https://www.google.com/maps/search/?api=1&query=Savira%20Caterers%20%26%20Catering%20Services%20Manikonda%20Hyderabad
Hyderabad,83,B,81,Sree Deepika Caterers,Caterer,Food & Events,Kukatpally,Hyderabad,099125 74784,4.7,122,Growth,"₹45,000",45000,Tue-Thu 11:00-16:00,Menu and package pages + a date-availability enquiry form. Enquiries die in WhatsApp with no record today.,34,21,16,10,https://www.google.com/maps/search/?api=1&query=Sree%20Deepika%20Caterers%20Kukatpally%20Hyderabad
Hyderabad,84,B,81,Lakshmee Caterers,Caterer,Food & Events,Kukatpally,Hyderabad,090592 80580,4.7,112,Growth,"₹45,000",45000,Tue-Thu 11:00-16:00,Menu and package pages + a date-availability enquiry form. Enquiries die in WhatsApp with no record today.,34,21,16,10,https://www.google.com/maps/search/?api=1&query=Lakshmee%20Caterers%20KPHB%2C%20Kukatpally%20Hyderabad
Hyderabad,85,B,81,Lakshmi Putra Caterers and Events,Caterer,Food & Events,Dilsukhnagar,Hyderabad,099636 93908,5,53,Starter,"₹15,000",15000,Tue-Thu 11:00-16:00,Menu and package pages + a date-availability enquiry form. Enquiries die in WhatsApp with no record today.,34,17,20,10,https://www.google.com/maps/search/?api=1&query=Lakshmi%20Putra%20Caterers%20and%20Events%20Chaitanyapuri%2C%20Dilsukhnagar%20Hyderabad
Hyderabad,86,B,81,Sri Uma Catering,Catering food and drink supplier,Food & Events,LB Nagar,Hyderabad,090103 83718,5,45,Starter,"₹15,000",15000,Tue-Thu 11:00-16:00,Menu and package pages + a date-availability enquiry form. Enquiries die in WhatsApp with no record today.,34,17,20,10,https://www.google.com/maps/search/?api=1&query=Sri%20Uma%20Catering%20RK%20Puram%2C%20LB%20Nagar%20Hyderabad
Hyderabad,87,B,81,Sri Sai Caterers,Caterer,Food & Events,Malkajgiri,Hyderabad,098856 43206,5,45,Starter,"₹15,000",15000,Tue-Thu 11:00-16:00,Menu and package pages + a date-availability enquiry form. Enquiries die in WhatsApp with no record today.,34,17,20,10,https://www.google.com/maps/search/?api=1&query=Sri%20Sai%20Caterers%20Malkajgiri%20Hyderabad
Hyderabad,88,B,81,Ramesh & Pradeep Chartered Accountants,Chartered accountant,Professional Services,Dilsukhnagar,Hyderabad,088855 53509,4.8,25,Growth,"₹45,000",45000,Tue-Thu 11:00-13:00 / 16:00-18:00 (not before 1 Oct),"Services, registration credentials and a filing-deadline enquiry form. Clients verify a firm online before calling.",40,14,17,10,https://www.google.com/maps/search/?api=1&query=Ramesh%20%26%20Pradeep%20Chartered%20Accountants%20Dilsukhnagar%20Hyderabad
Hyderabad,89,B,81,Sheker Accounting and Tax Consultancy,Tax consultant,Professional Services,Kothapet,Hyderabad,099911 15867,5,20,Growth,"₹45,000",45000,Tue-Thu 11:00-13:00 / 16:00-18:00 (not before 1 Oct),"Services, registration credentials and a filing-deadline enquiry form. Clients verify a firm online before calling.",38,13,20,10,https://www.google.com/maps/search/?api=1&query=Sheker%20Accounting%20and%20Tax%20Consultancy%20Kothapet%20Hyderabad
Hyderabad,90,B,81,Tarun Marimganti & Associates,Tax consultant,Professional Services,Uppal,Hyderabad,083281 74243,5,17,Growth,"₹45,000",45000,Tue-Thu 11:00-13:00 / 16:00-18:00 (not before 1 Oct),"Services, registration credentials and a filing-deadline enquiry form. Clients verify a firm online before calling.",38,13,20,10,https://www.google.com/maps/search/?api=1&query=Tarun%20Marimganti%20%26%20Associates%20Uppal%20Hyderabad
Hyderabad,91,B,81,Prakrithi & Co Chartered Accountants,Chartered accountant,Professional Services,Nizampet,Hyderabad,099088 67610,4.9,15,Growth,"₹45,000",45000,Tue-Thu 11:00-13:00 / 16:00-18:00 (not before 1 Oct),"Services, registration credentials and a filing-deadline enquiry form. Clients verify a firm online before calling.",40,12,19,10,https://www.google.com/maps/search/?api=1&query=Prakrithi%20%26%20Co%20Chartered%20Accountants%20Nizampet%20Hyderabad
Hyderabad,92,B,81,Lalani & Co Chartered Accountants,Chartered accountant,Professional Services,Ameerpet,Hyderabad,088852 88598,5,11,Growth,"₹45,000",45000,Tue-Thu 11:00-13:00 / 16:00-18:00 (not before 1 Oct),"Services, registration credentials and a filing-deadline enquiry form. Clients verify a firm online before calling.",40,11,20,10,https://www.google.com/maps/search/?api=1&query=Lalani%20%26%20Co%20Chartered%20Accountants%20Ameerpet%20Hyderabad
Hyderabad,93,B,80,Vinayaka Caterers & Events,Caterer,Food & Events,Alwal,Hyderabad,090006 07416,4.6,147,Growth,"₹45,000",45000,Tue-Thu 11:00-16:00,Menu and package pages + a date-availability enquiry form. Enquiries die in WhatsApp with no record today.,34,22,15,10,https://www.google.com/maps/search/?api=1&query=Vinayaka%20Caterers%20%26%20Events%20Alwal%20Hyderabad
Hyderabad,94,B,80,SR Catering & Events,Restaurant supply store,Food & Events,Uppal,Hyderabad,096405 02139,4.9,134,Growth,"₹45,000",45000,Tue-Thu 11:00-16:00,Menu and package pages + a date-availability enquiry form. Enquiries die in WhatsApp with no record today.,30,21,19,10,https://www.google.com/maps/search/?api=1&query=SR%20Catering%20%26%20Events%20Uppal%20Hyderabad
Hyderabad,95,B,80,Muneiah & Co,Chartered accountant,Professional Services,Vengal Rao Nagar,Hyderabad,— none listed,4.9,121,Growth,"₹45,000",45000,Tue-Thu 11:00-13:00 / 16:00-18:00 (not before 1 Oct),"Services, registration credentials and a filing-deadline enquiry form. Clients verify a firm online before calling.",40,21,19,0,https://www.google.com/maps/search/?api=1&query=Muneiah%20%26%20Co%20Vengal%20Rao%20Nagar%20Hyderabad
Hyderabad,96,B,80,MBC Cook & Caterers,Caterer,Food & Events,Mehdipatnam,Hyderabad,099898 87433,4.7,90,Growth,"₹45,000",45000,Tue-Thu 11:00-16:00,Menu and package pages + a date-availability enquiry form. Enquiries die in WhatsApp with no record today.,34,20,16,10,https://www.google.com/maps/search/?api=1&query=MBC%20Cook%20%26%20Caterers%20Saptagiri%20Colony%2C%20Mehdipatnam%20Hyderabad
Hyderabad,97,B,80,Famous Tent House,Tent house supplier,Food & Events,Kukatpally,Hyderabad,079939 41447,4.9,85,Growth,"₹45,000",45000,Tue-Thu 11:00-16:00,Menu and package pages + a date-availability enquiry form. Enquiries die in WhatsApp with no record today.,32,19,19,10,https://www.google.com/maps/search/?api=1&query=Famous%20Tent%20House%20Kukatpally%20Hyderabad
Hyderabad,98,B,80,Vinayaka Tent House & Events,Tent house supplier,Food & Events,Secunderabad,Hyderabad,090008 58595,4.9,78,Growth,"₹45,000",45000,Tue-Thu 11:00-16:00,Menu and package pages + a date-availability enquiry form. Enquiries die in WhatsApp with no record today.,32,19,19,10,https://www.google.com/maps/search/?api=1&query=Vinayaka%20Tent%20House%20%26%20Events%20Bhavani%20Nagar%2C%20Secunderabad%20Hyderabad
Hyderabad,99,B,80,Nandi Tent House & Events,Tent house supplier,Food & Events,Miyapur,Hyderabad,070139 04377,4.9,78,Growth,"₹45,000",45000,Tue-Thu 11:00-16:00,Menu and package pages + a date-availability enquiry form. Enquiries die in WhatsApp with no record today.,32,19,19,10,https://www.google.com/maps/search/?api=1&query=Nandi%20Tent%20House%20%26%20Events%20Miyapur%20Hyderabad
Hyderabad,100,B,80,Manjula Tent House and Flower Decorations,Tent house supplier,Food & Events,Hyderabad,Hyderabad,097004 24305,4.9,77,Growth,"₹45,000",45000,Tue-Thu 11:00-16:00,Menu and package pages + a date-availability enquiry form. Enquiries die in WhatsApp with no record today.,32,19,19,10,https://www.google.com/maps/search/?api=1&query=Manjula%20Tent%20House%20and%20Flower%20Decorations%20Hyderabad%20Hyderabad
Hyderabad,101,B,80,Meghana Catering Services,Caterer,Food & Events,Nizampet,Hyderabad,063009 39160,4.8,77,Growth,"₹45,000",45000,Tue-Thu 11:00-16:00,Menu and package pages + a date-availability enquiry form. Enquiries die in WhatsApp with no record today.,34,19,17,10,https://www.google.com/maps/search/?api=1&query=Meghana%20Catering%20Services%20Nizampet%20Hyderabad
Hyderabad,102,B,80,Sai Vinayaka Tent House & Events,Tent house supplier,Food & Events,Kukatpally,Hyderabad,099593 39472,4.9,76,Growth,"₹45,000",45000,Tue-Thu 11:00-16:00,Menu and package pages + a date-availability enquiry form. Enquiries die in WhatsApp with no record today.,32,19,19,10,https://www.google.com/maps/search/?api=1&query=Sai%20Vinayaka%20Tent%20House%20%26%20Events%20Kukatpally%20Hyderabad
Hyderabad,103,B,80,Vennela Tent House,Tent house supplier,Food & Events,Dargah Rd,Hyderabad,098499 67559,5,64,Growth,"₹45,000",45000,Tue-Thu 11:00-16:00,Menu and package pages + a date-availability enquiry form. Enquiries die in WhatsApp with no record today.,32,18,20,10,https://www.google.com/maps/search/?api=1&query=Vennela%20Tent%20House%20Dargah%20Rd%20Hyderabad
Hyderabad,104,B,80,Supreme Tent House,Tent house supplier,Food & Events,Alwal,Hyderabad,090598 00131,5,58,Starter,"₹15,000",15000,Tue-Thu 11:00-16:00,Menu and package pages + a date-availability enquiry form. Enquiries die in WhatsApp with no record today.,32,18,20,10,https://www.google.com/maps/search/?api=1&query=Supreme%20Tent%20House%20Alwal%20Hyderabad
Hyderabad,105,B,80,Shree Surya Catering Services,Caterer,Food & Events,Kapra,Hyderabad,095028 88409,5,35,Starter,"₹15,000",15000,Tue-Thu 11:00-16:00,Menu and package pages + a date-availability enquiry form. Enquiries die in WhatsApp with no record today.,34,16,20,10,https://www.google.com/maps/search/?api=1&query=Shree%20Surya%20Catering%20Services%20Kapra%20Hyderabad
Hyderabad,106,B,80,Koneru & Associates Chartered Accountants,Chartered accountant,Professional Services,Kukatpally,Hyderabad,079955 44799,4.8,19,Growth,"₹45,000",45000,Tue-Thu 11:00-13:00 / 16:00-18:00 (not before 1 Oct),"Services, registration credentials and a filing-deadline enquiry form. Clients verify a firm online before calling.",40,13,17,10,https://www.google.com/maps/search/?api=1&query=Koneru%20%26%20Associates%20Chartered%20Accountants%20Kukatpally%20Hyderabad
Hyderabad,107,B,80,Shree Shyam Tax Consultants,Tax consultant,Professional Services,Srinagar Colony,Hyderabad,077999 38202,5,15,Growth,"₹45,000",45000,Tue-Thu 11:00-13:00 / 16:00-18:00 (not before 1 Oct),"Services, registration credentials and a filing-deadline enquiry form. Clients verify a firm online before calling.",38,12,20,10,https://www.google.com/maps/search/?api=1&query=Shree%20Shyam%20Tax%20Consultants%20Srinagar%20Colony%20Hyderabad
Hyderabad,108,B,80,XTAS Consultancy Hayathnagar,Tax consultant,Professional Services,Hayathnagar,Hyderabad,090631 72358,5,14,Growth,"₹45,000",45000,Tue-Thu 11:00-13:00 / 16:00-18:00 (not before 1 Oct),"Services, registration credentials and a filing-deadline enquiry form. Clients verify a firm online before calling.",38,12,20,10,https://www.google.com/maps/search/?api=1&query=XTAS%20Consultancy%20Hayathnagar%20Hayathnagar%20Hyderabad
Hyderabad,109,B,80,H.N. Sirvi & Associates,Chartered accountant,Professional Services,Secunderabad,Hyderabad,040 2771 6711,5,8,Growth,"₹45,000",45000,Tue-Thu 11:00-13:00 / 16:00-18:00 (not before 1 Oct),"Services, registration credentials and a filing-deadline enquiry form. Clients verify a firm online before calling.",40,10,20,10,https://www.google.com/maps/search/?api=1&query=H.N.%20Sirvi%20%26%20Associates%20Secunderabad%20Hyderabad
Hyderabad,110,B,79,Dwaraka Grand Veg & Non Veg Caterers,Caterer,Food & Events,Nizampet,Hyderabad,091210 31499,3.9,2808,Custom,"₹1,20,000+",120000,Tue-Thu 11:00-16:00,Menu and package pages + a date-availability enquiry form. Enquiries die in WhatsApp with no record today.,34,30,5,10,https://www.google.com/maps/search/?api=1&query=Dwaraka%20Grand%20Veg%20%26%20Non%20Veg%20Caterers%20Nizampet%20Hyderabad
Hyderabad,111,B,79,Friends Tiffins,Caterer,Food & Events,Bachupally,Hyderabad,090109 04344,4.2,330,Custom,"₹1,20,000+",120000,Tue-Thu 11:00-16:00,Menu and package pages + a date-availability enquiry form. Enquiries die in WhatsApp with no record today.,34,25,9,10,https://www.google.com/maps/search/?api=1&query=Friends%20Tiffins%20Nizampet%20Rd%2C%20Bachupally%20Hyderabad
Hyderabad,112,B,79,Anu Catering and Events,Caterer,Food & Events,Sainikpuri,Hyderabad,097010 69990,4.7,82,Growth,"₹45,000",45000,Tue-Thu 11:00-16:00,Menu and package pages + a date-availability enquiry form. Enquiries die in WhatsApp with no record today.,34,19,16,10,https://www.google.com/maps/search/?api=1&query=Anu%20Catering%20and%20Events%20Sainikpuri%20Hyderabad
Hyderabad,113,B,79,Gundreddy & Associates Chartered Accountants,Certified public accountant,Professional Services,Dilsukhnagar,Hyderabad,— none listed,5,79,Growth,"₹45,000",45000,Tue-Thu 11:00-13:00 / 16:00-18:00 (not before 1 Oct),"Services, registration credentials and a filing-deadline enquiry form. Clients verify a firm online before calling.",40,19,20,0,https://www.google.com/maps/search/?api=1&query=Gundreddy%20%26%20Associates%20Chartered%20Accountants%20Dilsukhnagar%20Hyderabad
Hyderabad,114,B,79,Abd Tent House,Tent house supplier,Food & Events,Hakeempet,Hyderabad,062810 29325,4.9,69,Growth,"₹45,000",45000,Tue-Thu 11:00-16:00,Menu and package pages + a date-availability enquiry form. Enquiries die in WhatsApp with no record today.,32,18,19,10,https://www.google.com/maps/search/?api=1&query=Abd%20Tent%20House%20Hakeempet%20Hyderabad
Hyderabad,115,B,79,Faheem Tent House,Tent house supplier,Food & Events,Narsingi,Hyderabad,083742 71362,4.9,68,Growth,"₹45,000",45000,Tue-Thu 11:00-16:00,Menu and package pages + a date-availability enquiry form. Enquiries die in WhatsApp with no record today.,32,18,19,10,https://www.google.com/maps/search/?api=1&query=Faheem%20Tent%20House%20Narsingi%20Hyderabad
Hyderabad,116,B,79,Jai Tulja Bhavani Tent House,Tent house supplier,Food & Events,Manikonda,Hyderabad,097055 54531,5,48,Starter,"₹15,000",15000,Tue-Thu 11:00-16:00,Menu and package pages + a date-availability enquiry form. Enquiries die in WhatsApp with no record today.,32,17,20,10,https://www.google.com/maps/search/?api=1&query=Jai%20Tulja%20Bhavani%20Tent%20House%20Alkapur%2C%20Manikonda%20Hyderabad
Hyderabad,117,B,79,Nawab Caterers & Events,Caterer,Food & Events,Tolichowki,Hyderabad,073869 87386,4.9,45,Starter,"₹15,000",15000,Tue-Thu 11:00-16:00,Menu and package pages + a date-availability enquiry form. Enquiries die in WhatsApp with no record today.,34,17,19,10,https://www.google.com/maps/search/?api=1&query=Nawab%20Caterers%20%26%20Events%20Tolichowki%20Hyderabad
Hyderabad,118,B,79,Telugu Inti Vindhu Catering,Caterer,Food & Events,Gachibowli,Hyderabad,099669 33030,4.9,40,Starter,"₹15,000",15000,Tue-Thu 11:00-16:00,Menu and package pages + a date-availability enquiry form. Enquiries die in WhatsApp with no record today.,34,16,19,10,https://www.google.com/maps/search/?api=1&query=Telugu%20Inti%20Vindhu%20Catering%20Gachibowli%20Hyderabad
Hyderabad,119,B,79,Lakshmi Balaji Home Foods And Caterers,Caterer,Food & Events,Nizampet,Hyderabad,090004 33532,4.9,38,Starter,"₹15,000",15000,Tue-Thu 11:00-16:00,Menu and package pages + a date-availability enquiry form. Enquiries die in WhatsApp with no record today.,34,16,19,10,https://www.google.com/maps/search/?api=1&query=Lakshmi%20Balaji%20Home%20Foods%20And%20Caterers%20Nizampet%20Hyderabad
Hyderabad,120,B,79,Vivid Creations,Interior designer,Home & Interiors,Dilsukhnagar,Hyderabad,098480 30729,4.6,26,Growth,"₹45,000",45000,Tue-Thu 11:00-16:00,"A project gallery with before/after and room type, plus a budget-range enquiry form. Buyers judge on photos first.",40,14,15,10,https://www.google.com/maps/search/?api=1&query=Vivid%20Creations%20Dilsukhnagar%20Hyderabad
Hyderabad,121,B,79,MNP Associates,Tax consultant,Professional Services,Dilsukhnagar,Hyderabad,095810 11887,4.9,15,Growth,"₹45,000",45000,Tue-Thu 11:00-13:00 / 16:00-18:00 (not before 1 Oct),"Services, registration credentials and a filing-deadline enquiry form. Clients verify a firm online before calling.",38,12,19,10,https://www.google.com/maps/search/?api=1&query=MNP%20Associates%20Dilsukhnagar%20Hyderabad
Hyderabad,122,B,79,TS Tax Consultants,Tax consultant,Professional Services,Dilsukhnagar,Hyderabad,079892 81751,5,12,Growth,"₹45,000",45000,Tue-Thu 11:00-13:00 / 16:00-18:00 (not before 1 Oct),"Services, registration credentials and a filing-deadline enquiry form. Clients verify a firm online before calling.",38,11,20,10,https://www.google.com/maps/search/?api=1&query=TS%20Tax%20Consultants%20Dilsukhnagar%20Hyderabad
Hyderabad,123,B,79,K S N B & Co,Chartered accountant,Professional Services,Kompally,Hyderabad,091334 98272,4.9,11,Growth,"₹45,000",45000,Tue-Thu 11:00-13:00 / 16:00-18:00 (not before 1 Oct),"Services, registration credentials and a filing-deadline enquiry form. Clients verify a firm online before calling.",40,11,19,10,https://www.google.com/maps/search/?api=1&query=K%20S%20N%20B%20%26%20Co%20Jayabheri%20Park%2C%20Kompally%20Hyderabad
Hyderabad,124,B,78,Vaishnavi Tent House Manikonda,Tent house supplier,Food & Events,Manikonda,Hyderabad,086869 80999,4.7,101,Growth,"₹45,000",45000,Tue-Thu 11:00-16:00,Menu and package pages + a date-availability enquiry form. Enquiries die in WhatsApp with no record today.,32,20,16,10,https://www.google.com/maps/search/?api=1&query=Vaishnavi%20Tent%20House%20Manikonda%20Manikonda%20Hyderabad
Hyderabad,125,B,78,U S K & Associates,Certified public accountant,Professional Services,Madhapur,Hyderabad,— none listed,4.9,94,Growth,"₹45,000",45000,Tue-Thu 11:00-13:00 / 16:00-18:00 (not before 1 Oct),"Services, registration credentials and a filing-deadline enquiry form. Clients verify a firm online before calling.",40,20,19,0,https://www.google.com/maps/search/?api=1&query=U%20S%20K%20%26%20Associates%20Madhapur%20Hyderabad
Hyderabad,126,B,78,Ganesh Tent House,Tent house supplier,Food & Events,Kukatpally,Hyderabad,090529 61181,4.9,55,Starter,"₹15,000",15000,Tue-Thu 11:00-16:00,Menu and package pages + a date-availability enquiry form. Enquiries die in WhatsApp with no record today.,32,17,19,10,https://www.google.com/maps/search/?api=1&query=Ganesh%20Tent%20House%20JNTU%2C%20Kukatpally%20Hyderabad
Hyderabad,127,B,78,Durga Tent House & Events,Tent house supplier,Food & Events,Manikonda,Hyderabad,085559 22681,4.9,52,Starter,"₹15,000",15000,Tue-Thu 11:00-16:00,Menu and package pages + a date-availability enquiry form. Enquiries die in WhatsApp with no record today.,32,17,19,10,https://www.google.com/maps/search/?api=1&query=Durga%20Tent%20House%20%26%20Events%20Manikonda%20Hyderabad
Hyderabad,128,B,78,Kss Tent House & Decorations,Tent house supplier,Food & Events,Ambedkar Nagar,Hyderabad,099890 88773,5,38,Starter,"₹15,000",15000,Tue-Thu 11:00-16:00,Menu and package pages + a date-availability enquiry form. Enquiries die in WhatsApp with no record today.,32,16,20,10,https://www.google.com/maps/search/?api=1&query=Kss%20Tent%20House%20%26%20Decorations%20Ambedkar%20Nagar%20Hyderabad
Hyderabad,129,B,78,Cherukuri Business Advisory Services,Tax consultant,Professional Services,Kompally,Hyderabad,099666 07651,4.6,37,Growth,"₹45,000",45000,Tue-Thu 11:00-13:00 / 16:00-18:00 (not before 1 Oct),"Services, registration credentials and a filing-deadline enquiry form. Clients verify a firm online before calling.",38,16,15,10,https://www.google.com/maps/search/?api=1&query=Cherukuri%20Business%20Advisory%20Services%20Suchitra%2C%20Kompally%20Hyderabad
Hyderabad,130,B,78,Pavan Tax Consultancy Services,Tax consultant,Professional Services,Kukatpally,Hyderabad,076708 85773,4.6,36,Growth,"₹45,000",45000,Tue-Thu 11:00-13:00 / 16:00-18:00 (not before 1 Oct),"Services, registration credentials and a filing-deadline enquiry form. Clients verify a firm online before calling.",38,16,15,10,https://www.google.com/maps/search/?api=1&query=Pavan%20Tax%20Consultancy%20Services%20Kukatpally%20Hyderabad
Hyderabad,131,B,78,Jai Durga Bhavani Tent House and Events,Tent house supplier,Food & Events,Jeedimetla,Hyderabad,089193 95330,5,35,Starter,"₹15,000",15000,Tue-Thu 11:00-16:00,Menu and package pages + a date-availability enquiry form. Enquiries die in WhatsApp with no record today.,32,16,20,10,https://www.google.com/maps/search/?api=1&query=Jai%20Durga%20Bhavani%20Tent%20House%20and%20Events%20Jeedimetla%20Hyderabad
Hyderabad,132,B,78,Royal Caterers,Catering food and drink supplier,Food & Events,LB Nagar,Hyderabad,099662 06580,4.9,32,Starter,"₹15,000",15000,Tue-Thu 11:00-16:00,Menu and package pages + a date-availability enquiry form. Enquiries die in WhatsApp with no record today.,34,15,19,10,https://www.google.com/maps/search/?api=1&query=Royal%20Caterers%20LB%20Nagar%20Hyderabad
Hyderabad,133,B,78,Khateeb Caterers,Caterer,Food & Events,Mehdipatnam,Hyderabad,087901 24701,4.9,31,Starter,"₹15,000",15000,Tue-Thu 11:00-16:00,Menu and package pages + a date-availability enquiry form. Enquiries die in WhatsApp with no record today.,34,15,19,10,https://www.google.com/maps/search/?api=1&query=Khateeb%20Caterers%20Tappa%20Chabutra%2C%20Mehdipatnam%20Hyderabad
Hyderabad,134,B,78,Brahmin Sampradaya Kitchen,Caterer,Food & Events,Nizampet,Hyderabad,080083 11994,5,22,Starter,"₹15,000",15000,Tue-Thu 11:00-16:00,Menu and package pages + a date-availability enquiry form. Enquiries die in WhatsApp with no record today.,34,14,20,10,https://www.google.com/maps/search/?api=1&query=Brahmin%20Sampradaya%20Kitchen%20Nizampet%20Hyderabad
Hyderabad,135,B,78,Nagarjuna and Co Tax Consultant,Tax consultant,Professional Services,HMT Hills,Hyderabad,074167 99555,4.9,12,Growth,"₹45,000",45000,Tue-Thu 11:00-13:00 / 16:00-18:00 (not before 1 Oct),"Services, registration credentials and a filing-deadline enquiry form. Clients verify a firm online before calling.",38,11,19,10,https://www.google.com/maps/search/?api=1&query=Nagarjuna%20and%20Co%20Tax%20Consultant%20HMT%20Hills%20Hyderabad
Hyderabad,136,B,78,Naveen & Co Tax Consultants,Tax consultant,Professional Services,Dilsukhnagar,Hyderabad,093462 35152,5,9,Growth,"₹45,000",45000,Tue-Thu 11:00-13:00 / 16:00-18:00 (not before 1 Oct),"Services, registration credentials and a filing-deadline enquiry form. Clients verify a firm online before calling.",38,10,20,10,https://www.google.com/maps/search/?api=1&query=Naveen%20%26%20Co%20Tax%20Consultants%20Dilsukhnagar%20Hyderabad
Hyderabad,137,B,78,CA Venkatesh Kandimalla,Chartered accountant,Professional Services,LB Nagar,Hyderabad,091600 00859,4.9,8,Growth,"₹45,000",45000,Tue-Thu 11:00-13:00 / 16:00-18:00 (not before 1 Oct),"Services, registration credentials and a filing-deadline enquiry form. Clients verify a firm online before calling.",40,10,19,10,https://www.google.com/maps/search/?api=1&query=CA%20Venkatesh%20Kandimalla%20LB%20Nagar%20Hyderabad
Hyderabad,138,B,78,Koteshwar & Company Chartered Accountants,Certified public accountant,Professional Services,Gaddiannaram,Hyderabad,099859 02244,5,6,Growth,"₹45,000",45000,Tue-Thu 11:00-13:00 / 16:00-18:00 (not before 1 Oct),"Services, registration credentials and a filing-deadline enquiry form. Clients verify a firm online before calling.",40,8,20,10,https://www.google.com/maps/search/?api=1&query=Koteshwar%20%26%20Company%20Chartered%20Accountants%20Gaddiannaram%20Hyderabad
Hyderabad,139,B,77,Telangana Caterers,Food manufacturer,Food & Events,Kompally,Hyderabad,073372 84444,4.9,69,Growth,"₹45,000",45000,Tue-Thu 11:00-16:00,Menu and package pages + a date-availability enquiry form. Enquiries die in WhatsApp with no record today.,30,18,19,10,https://www.google.com/maps/search/?api=1&query=Telangana%20Caterers%20Kompally%20Hyderabad
Hyderabad,140,B,77,Srinivasa Tent House OU Colony,Tent house supplier,Food & Events,OU Colony,Hyderabad,098483 13581,4.8,63,Growth,"₹45,000",45000,Tue-Thu 11:00-16:00,Menu and package pages + a date-availability enquiry form. Enquiries die in WhatsApp with no record today.,32,18,17,10,https://www.google.com/maps/search/?api=1&query=Srinivasa%20Tent%20House%20OU%20Colony%20OU%20Colony%20Hyderabad
Hyderabad,141,B,77,Eat & Meet Catering Services,Restaurant supply store,Food & Events,Chandanagar,Hyderabad,083400 40015,5,45,Starter,"₹15,000",15000,Tue-Thu 11:00-16:00,Menu and package pages + a date-availability enquiry form. Enquiries die in WhatsApp with no record today.,30,17,20,10,https://www.google.com/maps/search/?api=1&query=Eat%20%26%20Meet%20Catering%20Services%20Chandanagar%20Hyderabad
Hyderabad,142,B,77,Famous Tent House & Events,Tent house supplier,Food & Events,NRSA Colony,Hyderabad,088867 89024,5,34,Starter,"₹15,000",15000,Tue-Thu 11:00-16:00,Menu and package pages + a date-availability enquiry form. Enquiries die in WhatsApp with no record today.,32,15,20,10,https://www.google.com/maps/search/?api=1&query=Famous%20Tent%20House%20%26%20Events%20NRSA%20Colony%20Hyderabad
Hyderabad,143,B,77,Sri Balaji Tent House and Events,Tent house supplier,Food & Events,Alwal,Hyderabad,081062 17412,5,29,Starter,"₹15,000",15000,Tue-Thu 11:00-16:00,Menu and package pages + a date-availability enquiry form. Enquiries die in WhatsApp with no record today.,32,15,20,10,https://www.google.com/maps/search/?api=1&query=Sri%20Balaji%20Tent%20House%20and%20Events%20Alwal%20Hyderabad
Hyderabad,144,B,77,S-Qube Catterers,Caterer,Food & Events,Attapur,Hyderabad,098666 60066,4.9,28,Starter,"₹15,000",15000,Tue-Thu 11:00-16:00,Menu and package pages + a date-availability enquiry form. Enquiries die in WhatsApp with no record today.,34,15,19,10,https://www.google.com/maps/search/?api=1&query=S-Qube%20Catterers%20Attapur%20Hyderabad
Hyderabad,145,B,77,Parameshwari Tent House,Tent house supplier,Food & Events,Miyapur,Hyderabad,089199 48228,5,28,Starter,"₹15,000",15000,Tue-Thu 11:00-16:00,Menu and package pages + a date-availability enquiry form. Enquiries die in WhatsApp with no record today.,32,15,20,10,https://www.google.com/maps/search/?api=1&query=Parameshwari%20Tent%20House%20Miyapur%20Hyderabad
Hyderabad,146,B,77,City Tent and Supplying Company,Tent house supplier,Food & Events,Alwal,Hyderabad,091607 79520,5,28,Starter,"₹15,000",15000,Tue-Thu 11:00-16:00,Menu and package pages + a date-availability enquiry form. Enquiries die in WhatsApp with no record today.,32,15,20,10,https://www.google.com/maps/search/?api=1&query=City%20Tent%20and%20Supplying%20Company%20Indira%20Nagar%2C%20Alwal%20Hyderabad
Hyderabad,147,B,77,Shivani Caterers,Caterer,Food & Events,LB Nagar,Hyderabad,098492 67475,5,21,Starter,"₹15,000",15000,Tue-Thu 11:00-16:00,Menu and package pages + a date-availability enquiry form. Enquiries die in WhatsApp with no record today.,34,13,20,10,https://www.google.com/maps/search/?api=1&query=Shivani%20Caterers%20LB%20Nagar%20Hyderabad
Hyderabad,148,B,77,The Indian Plate Catering,Catering food and drink supplier,Food & Events,Bachupally,Hyderabad,097401 57852,5,18,Starter,"₹15,000",15000,Tue-Thu 11:00-16:00,Menu and package pages + a date-availability enquiry form. Enquiries die in WhatsApp with no record today.,34,13,20,10,https://www.google.com/maps/search/?api=1&query=The%20Indian%20Plate%20Catering%20Bachupally%20Hyderabad
Hyderabad,149,B,77,B Srinivasa Rao and Co,Chartered accountant,Professional Services,Ameerpet,Hyderabad,040 6673 7406,4.6,16,Growth,"₹45,000",45000,Tue-Thu 11:00-13:00 / 16:00-18:00 (not before 1 Oct),"Services, registration credentials and a filing-deadline enquiry form. Clients verify a firm online before calling.",40,12,15,10,https://www.google.com/maps/search/?api=1&query=B%20Srinivasa%20Rao%20and%20Co%20Ameerpet%20Hyderabad
Hyderabad,150,B,77,M V Sarma Chartered Accountant,Certified public accountant,Professional Services,Dilsukhnagar,Hyderabad,094404 86644,5,4,Growth,"₹45,000",45000,Tue-Thu 11:00-13:00 / 16:00-18:00 (not before 1 Oct),"Services, registration credentials and a filing-deadline enquiry form. Clients verify a firm online before calling.",40,7,20,10,https://www.google.com/maps/search/?api=1&query=M%20V%20Sarma%20Chartered%20Accountant%20Dilsukhnagar%20Hyderabad
Hyderabad,151,B,76,Durga Caterers,Caterer,Food & Events,Uppal,Hyderabad,090305 11159,4.6,55,Starter,"₹15,000",15000,Tue-Thu 11:00-16:00,Menu and package pages + a date-availability enquiry form. Enquiries die in WhatsApp with no record today.,34,17,15,10,https://www.google.com/maps/search/?api=1&query=Durga%20Caterers%20Uppal%20Hyderabad
Hyderabad,152,B,76,K Shashider & Co Chartered Accountants,Certified public accountant,Professional Services,Kukatpally,Hyderabad,— none listed,5,41,Growth,"₹45,000",45000,Tue-Thu 11:00-13:00 / 16:00-18:00 (not before 1 Oct),"Services, registration credentials and a filing-deadline enquiry form. Clients verify a firm online before calling.",40,16,20,0,https://www.google.com/maps/search/?api=1&query=K%20Shashider%20%26%20Co%20Chartered%20Accountants%20Kukatpally%20Hyderabad
Hyderabad,153,B,76,Bhajrangi Tent House,Tent house supplier,Food & Events,Moti Nagar,Hyderabad,091770 07496,4.9,31,Starter,"₹15,000",15000,Tue-Thu 11:00-16:00,Menu and package pages + a date-availability enquiry form. Enquiries die in WhatsApp with no record today.,32,15,19,10,https://www.google.com/maps/search/?api=1&query=Bhajrangi%20Tent%20House%20Moti%20Nagar%20Hyderabad
Hyderabad,154,B,76,Supreme Caterers,Caterer,Food & Events,Alwal,Hyderabad,090598 00131,4.8,29,Starter,"₹15,000",15000,Tue-Thu 11:00-16:00,Menu and package pages + a date-availability enquiry form. Enquiries die in WhatsApp with no record today.,34,15,17,10,https://www.google.com/maps/search/?api=1&query=Supreme%20Caterers%20Alwal%20Hyderabad
Hyderabad,155,B,76,Sri Mahalaxmi Caterers,Caterer,Food & Events,Vanasthalipuram,Hyderabad,096669 20781,4.9,23,Starter,"₹15,000",15000,Tue-Thu 11:00-16:00,Menu and package pages + a date-availability enquiry form. Enquiries die in WhatsApp with no record today.,34,14,19,10,https://www.google.com/maps/search/?api=1&query=Sri%20Mahalaxmi%20Caterers%20Vanasthalipuram%20Hyderabad
Hyderabad,156,B,76,Sri Shiva Sai Tent House Sounds & Lightings,Tent house supplier,Food & Events,Vanasthalipuram,Hyderabad,097000 18369,5,22,Starter,"₹15,000",15000,Tue-Thu 11:00-16:00,Menu and package pages + a date-availability enquiry form. Enquiries die in WhatsApp with no record today.,32,14,20,10,https://www.google.com/maps/search/?api=1&query=Sri%20Shiva%20Sai%20Tent%20House%20Sounds%20%26%20Lightings%20RTC%20Colony%2C%20Vanasthalipuram%20Hyderabad
Hyderabad,157,B,76,Sampradaya Caterers & Events,Caterer,Food & Events,Vanasthalipuram,Hyderabad,093464 88923,4.9,21,Starter,"₹15,000",15000,Tue-Thu 11:00-16:00,Menu and package pages + a date-availability enquiry form. Enquiries die in WhatsApp with no record today.,34,13,19,10,https://www.google.com/maps/search/?api=1&query=Sampradaya%20Caterers%20%26%20Events%20Vanasthalipuram%20Hyderabad
Hyderabad,158,B,76,Siri Events & Caterings,Event planner,Food & Events,Vanasthalipuram,Hyderabad,070755 36468,4.7,14,Growth,"₹45,000",45000,Tue-Thu 11:00-16:00,Menu and package pages + a date-availability enquiry form. Enquiries die in WhatsApp with no record today.,38,12,16,10,https://www.google.com/maps/search/?api=1&query=Siri%20Events%20%26%20Caterings%20Vanasthalipuram%20Hyderabad
Hyderabad,159,B,75,Madhavi Tent House,Tent house supplier,Food & Events,Kompally,Hyderabad,094400 66248,4.7,45,Starter,"₹15,000",15000,Tue-Thu 11:00-16:00,Menu and package pages + a date-availability enquiry form. Enquiries die in WhatsApp with no record today.,32,17,16,10,https://www.google.com/maps/search/?api=1&query=Madhavi%20Tent%20House%20Kompally%20Hyderabad
Hyderabad,160,B,75,Sri Sai Srinivasa Caterers,Caterer,Food & Events,Malkajgiri,Hyderabad,095731 79307,4.6,41,Starter,"₹15,000",15000,Tue-Thu 11:00-16:00,Menu and package pages + a date-availability enquiry form. Enquiries die in WhatsApp with no record today.,34,16,15,10,https://www.google.com/maps/search/?api=1&query=Sri%20Sai%20Srinivasa%20Caterers%20Malkajgiri%20Hyderabad
Hyderabad,161,B,75,Sadhana Tent House,Tent house supplier,Food & Events,Chandanagar,Hyderabad,093911 31186,4.8,40,Starter,"₹15,000",15000,Tue-Thu 11:00-16:00,Menu and package pages + a date-availability enquiry form. Enquiries die in WhatsApp with no record today.,32,16,17,10,https://www.google.com/maps/search/?api=1&query=Sadhana%20Tent%20House%20Chandanagar%20Hyderabad
Hyderabad,162,B,75,Tax Savvy,Chartered accountant,Professional Services,Miyapur,Hyderabad,— none listed,5,28,Growth,"₹45,000",45000,Tue-Thu 11:00-13:00 / 16:00-18:00 (not before 1 Oct),"Services, registration credentials and a filing-deadline enquiry form. Clients verify a firm online before calling.",40,15,20,0,https://www.google.com/maps/search/?api=1&query=Tax%20Savvy%20Miyapur%20Hyderabad
Hyderabad,163,B,75,Varahi Tent House,Tent house supplier,Food & Events,Vanasthalipuram,Hyderabad,090004 73078,4.9,27,Starter,"₹15,000",15000,Tue-Thu 11:00-16:00,Menu and package pages + a date-availability enquiry form. Enquiries die in WhatsApp with no record today.,32,14,19,10,https://www.google.com/maps/search/?api=1&query=Varahi%20Tent%20House%20Vanasthalipuram%20Hyderabad
Hyderabad,164,B,75,HF Caterers,Caterer,Food & Events,Gachibowli,Hyderabad,077948 41254,5,11,Starter,"₹15,000",15000,Tue-Thu 11:00-16:00,Menu and package pages + a date-availability enquiry form. Enquiries die in WhatsApp with no record today.,34,11,20,10,https://www.google.com/maps/search/?api=1&query=HF%20Caterers%20Gachibowli%20Hyderabad
Hyderabad,165,B,75,Suresh Reddy & Associates,Certified public accountant,Professional Services,Dilsukhnagar,Hyderabad,090108 38696,4.6,9,Growth,"₹45,000",45000,Tue-Thu 11:00-13:00 / 16:00-18:00 (not before 1 Oct),"Services, registration credentials and a filing-deadline enquiry form. Clients verify a firm online before calling.",40,10,15,10,https://www.google.com/maps/search/?api=1&query=Suresh%20Reddy%20%26%20Associates%20Dilsukhnagar%20Hyderabad
Hyderabad,166,B,74,Al-Maharaja Caterers,Catering food and drink supplier,Food & Events,Mehdipatnam,Hyderabad,099661 02062,4.3,77,Growth,"₹45,000",45000,Tue-Thu 11:00-16:00,Menu and package pages + a date-availability enquiry form. Enquiries die in WhatsApp with no record today.,34,19,11,10,https://www.google.com/maps/search/?api=1&query=Al-Maharaja%20Caterers%20Vijay%20Nagar%20Colony%2C%20Mehdipatnam%20Hyderabad
Hyderabad,167,B,74,Bandhan Catering Services,Restaurant supply store,Food & Events,Kondapur,Hyderabad,077290 96666,4.7,59,Starter,"₹15,000",15000,Tue-Thu 11:00-16:00,Menu and package pages + a date-availability enquiry form. Enquiries die in WhatsApp with no record today.,30,18,16,10,https://www.google.com/maps/search/?api=1&query=Bandhan%20Catering%20Services%20Kondapur%20Hyderabad
Hyderabad,168,B,74,Sri Venkateshwara Caterers,Caterer,Food & Events,Vanasthalipuram,Hyderabad,080746 71567,4.5,49,Starter,"₹15,000",15000,Tue-Thu 11:00-16:00,Menu and package pages + a date-availability enquiry form. Enquiries die in WhatsApp with no record today.,34,17,13,10,https://www.google.com/maps/search/?api=1&query=Sri%20Venkateshwara%20Caterers%20Vanasthalipuram%20Hyderabad
Hyderabad,169,B,74,Sri Ayyappa Catering Services,Food manufacturer,Food & Events,Miyapur,Hyderabad,096660 51222,4.9,30,Starter,"₹15,000",15000,Tue-Thu 11:00-16:00,Menu and package pages + a date-availability enquiry form. Enquiries die in WhatsApp with no record today.,30,15,19,10,https://www.google.com/maps/search/?api=1&query=Sri%20Ayyappa%20Catering%20Services%20Miyapur%20Hyderabad
Hyderabad,170,B,74,Sri Durga Tent House & Sound,Tent house supplier,Food & Events,Miyapur,Hyderabad,098482 21761,4.8,29,Starter,"₹15,000",15000,Tue-Thu 11:00-16:00,Menu and package pages + a date-availability enquiry form. Enquiries die in WhatsApp with no record today.,32,15,17,10,https://www.google.com/maps/search/?api=1&query=Sri%20Durga%20Tent%20House%20%26%20Sound%20Miyapur%20Hyderabad
Hyderabad,171,B,74,Sri Sai Caterers & Events,Caterer,Food & Events,Kompally,Hyderabad,093900 67795,4.7,24,Starter,"₹15,000",15000,Tue-Thu 11:00-16:00,Menu and package pages + a date-availability enquiry form. Enquiries die in WhatsApp with no record today.,34,14,16,10,https://www.google.com/maps/search/?api=1&query=Sri%20Sai%20Caterers%20%26%20Events%20Kompally%20Hyderabad
Hyderabad,172,B,74,Surya Caterers,Caterer,Food & Events,Uppal,Hyderabad,074788 86888,4.8,19,Starter,"₹15,000",15000,Tue-Thu 11:00-16:00,Menu and package pages + a date-availability enquiry form. Enquiries die in WhatsApp with no record today.,34,13,17,10,https://www.google.com/maps/search/?api=1&query=Surya%20Caterers%20Uppal%20Hyderabad
Hyderabad,173,B,74,Sree Rajesh Caterers,Caterer,Food & Events,Miyapur,Hyderabad,088855 41199,4.8,16,Starter,"₹15,000",15000,Tue-Thu 11:00-16:00,Menu and package pages + a date-availability enquiry form. Enquiries die in WhatsApp with no record today.,34,12,17,10,https://www.google.com/maps/search/?api=1&query=Sree%20Rajesh%20Caterers%20Miyapur%20Hyderabad
Hyderabad,174,B,74,Rahman Tent House & Caterers,Tent house supplier,Food & Events,N Lalaguda,Hyderabad,093463 67981,5,16,Starter,"₹15,000",15000,Tue-Thu 11:00-16:00,Menu and package pages + a date-availability enquiry form. Enquiries die in WhatsApp with no record today.,32,12,20,10,https://www.google.com/maps/search/?api=1&query=Rahman%20Tent%20House%20%26%20Caterers%20N%20Lalaguda%20Hyderabad
Hyderabad,175,B,74,Sai Amrutha Caterers,Caterer,Food & Events,Kompally,Hyderabad,073304 43299,4.9,14,Starter,"₹15,000",15000,Tue-Thu 11:00-16:00,Menu and package pages + a date-availability enquiry form. Enquiries die in WhatsApp with no record today.,34,12,19,10,https://www.google.com/maps/search/?api=1&query=Sai%20Amrutha%20Caterers%20Kompally%20Hyderabad
Hyderabad,176,B,74,Maa Tent House & Decorations,Tent house supplier,Food & Events,Dilsukhnagar,Hyderabad,076608 11605,5,14,Starter,"₹15,000",15000,Tue-Thu 11:00-16:00,Menu and package pages + a date-availability enquiry form. Enquiries die in WhatsApp with no record today.,32,12,20,10,https://www.google.com/maps/search/?api=1&query=Maa%20Tent%20House%20%26%20Decorations%20Dilsukhnagar%20Hyderabad
Hyderabad,177,B,74,Padmavathi Tent House,Tent house supplier,Food & Events,Dilsukhnagar,Hyderabad,077318 98733,5,14,Starter,"₹15,000",15000,Tue-Thu 11:00-16:00,Menu and package pages + a date-availability enquiry form. Enquiries die in WhatsApp with no record today.,32,12,20,10,https://www.google.com/maps/search/?api=1&query=Padmavathi%20Tent%20House%20Dilsukhnagar%20Hyderabad
Hyderabad,178,B,74,Aaharam Caterers,Caterer,Food & Events,Kompally,Hyderabad,081218 51515,5,8,Starter,"₹15,000",15000,Tue-Thu 11:00-16:00,Menu and package pages + a date-availability enquiry form. Enquiries die in WhatsApp with no record today.,34,10,20,10,https://www.google.com/maps/search/?api=1&query=Aaharam%20Caterers%20Dulapally%2C%20Kompally%20Hyderabad
Hyderabad,179,B,74,Madhura Consultancy,Tax consultant,Professional Services,LB Nagar,Hyderabad,083674 51119,5,3,Growth,"₹45,000",45000,Tue-Thu 11:00-13:00 / 16:00-18:00 (not before 1 Oct),"Services, registration credentials and a filing-deadline enquiry form. Clients verify a firm online before calling.",38,6,20,10,https://www.google.com/maps/search/?api=1&query=Madhura%20Consultancy%20LB%20Nagar%20Hyderabad
Hyderabad,180,C,73,Vaishnavi Caterers,Caterer,Food & Events,Kothapet,Hyderabad,098480 23143,4.1,140,Growth,"₹45,000",45000,Tue-Thu 11:00-16:00,Menu and package pages + a date-availability enquiry form. Enquiries die in WhatsApp with no record today.,34,21,8,10,https://www.google.com/maps/search/?api=1&query=Vaishnavi%20Caterers%20Kothapet%20Hyderabad
Hyderabad,181,C,73,M.A.R Catering Service,Restaurant supply store,Food & Events,Ameenpur,Hyderabad,093901 00345,4.5,88,Growth,"₹45,000",45000,Tue-Thu 11:00-16:00,Menu and package pages + a date-availability enquiry form. Enquiries die in WhatsApp with no record today.,30,19,13,10,https://www.google.com/maps/search/?api=1&query=M.A.R%20Catering%20Service%20Ameenpur%20Hyderabad
Hyderabad,182,C,73,Sv Biryani & Caterers,Restaurant,Food & Events,Alwal,Hyderabad,070970 28704,4.7,84,Growth,"₹45,000",45000,Tue-Thu 11:00-16:00,Menu and package pages + a date-availability enquiry form. Enquiries die in WhatsApp with no record today.,28,19,16,10,https://www.google.com/maps/search/?api=1&query=Sv%20Biryani%20%26%20Caterers%20Alwal%20Hyderabad
Hyderabad,183,C,73,Alkapuri Tiffins & Caterers,Caterer,Food & Events,Kothapet,Hyderabad,076619 58888,4.2,84,Growth,"₹45,000",45000,Tue-Thu 11:00-16:00,Menu and package pages + a date-availability enquiry form. Enquiries die in WhatsApp with no record today.,34,19,9,10,https://www.google.com/maps/search/?api=1&query=Alkapuri%20Tiffins%20%26%20Caterers%20Kothapet%20Hyderabad
Hyderabad,184,C,73,Shree Sai Tent House,Tent house supplier,Food & Events,Kukatpally,Hyderabad,093461 07905,4.6,38,Starter,"₹15,000",15000,Tue-Thu 11:00-16:00,Menu and package pages + a date-availability enquiry form. Enquiries die in WhatsApp with no record today.,32,16,15,10,https://www.google.com/maps/search/?api=1&query=Shree%20Sai%20Tent%20House%20Kukatpally%20Hyderabad
Hyderabad,185,C,73,Dakshin Catering Services,Catering food and drink supplier,Food & Events,Madhapur,Hyderabad,090004 87888,4.5,36,Starter,"₹15,000",15000,Tue-Thu 11:00-16:00,Menu and package pages + a date-availability enquiry form. Enquiries die in WhatsApp with no record today.,34,16,13,10,https://www.google.com/maps/search/?api=1&query=Dakshin%20Catering%20Services%20Madhapur%20Hyderabad
Hyderabad,186,C,73,Kousika Caterers,Caterer,Food & Events,Vanasthalipuram,Hyderabad,091777 73139,4.5,33,Starter,"₹15,000",15000,Tue-Thu 11:00-16:00,Menu and package pages + a date-availability enquiry form. Enquiries die in WhatsApp with no record today.,34,15,13,10,https://www.google.com/maps/search/?api=1&query=Kousika%20Caterers%20NGO%20Colony%2C%20Vanasthalipuram%20Hyderabad
Hyderabad,187,C,73,Ramu Tent House,Tent house supplier,Food & Events,Miyapur,Hyderabad,063046 92608,4.7,28,Starter,"₹15,000",15000,Tue-Thu 11:00-16:00,Menu and package pages + a date-availability enquiry form. Enquiries die in WhatsApp with no record today.,32,15,16,10,https://www.google.com/maps/search/?api=1&query=Ramu%20Tent%20House%20Miyapur%20Hyderabad
Hyderabad,188,C,73,Vanitha Tent House,Tent house supplier,Food & Events,Bolarum,Hyderabad,090106 94871,4.8,21,Starter,"₹15,000",15000,Tue-Thu 11:00-16:00,Menu and package pages + a date-availability enquiry form. Enquiries die in WhatsApp with no record today.,32,13,17,10,https://www.google.com/maps/search/?api=1&query=Vanitha%20Tent%20House%20Bolarum%20Hyderabad
Hyderabad,189,C,73,Naga Sai Ram Caterers,Catering food and drink supplier,Food & Events,Vanasthalipuram,Hyderabad,098498 34589,4.7,18,Starter,"₹15,000",15000,Tue-Thu 11:00-16:00,Menu and package pages + a date-availability enquiry form. Enquiries die in WhatsApp with no record today.,34,13,16,10,https://www.google.com/maps/search/?api=1&query=Naga%20Sai%20Ram%20Caterers%20Vanasthalipuram%20Hyderabad
Hyderabad,190,C,73,Sravan Kumar & Associates,Chartered accountant,Professional Services,Kompally,Hyderabad,— none listed,5,17,Growth,"₹45,000",45000,Tue-Thu 11:00-13:00 / 16:00-18:00 (not before 1 Oct),"Services, registration credentials and a filing-deadline enquiry form. Clients verify a firm online before calling.",40,13,20,0,https://www.google.com/maps/search/?api=1&query=Sravan%20Kumar%20%26%20Associates%20Kompally%20Hyderabad
Hyderabad,191,C,73,Sri Venkateshwara Tent House,Tent house supplier,Food & Events,Dilsukhnagar,Hyderabad,092475 65509,4.9,16,Starter,"₹15,000",15000,Tue-Thu 11:00-16:00,Menu and package pages + a date-availability enquiry form. Enquiries die in WhatsApp with no record today.,32,12,19,10,https://www.google.com/maps/search/?api=1&query=Sri%20Venkateshwara%20Tent%20House%20Dilsukhnagar%20Hyderabad
Hyderabad,192,C,73,Sri Sai Balaji Tent House,Tent house supplier,Food & Events,Miyapur,Hyderabad,093908 11112,4.9,15,Starter,"₹15,000",15000,Tue-Thu 11:00-16:00,Menu and package pages + a date-availability enquiry form. Enquiries die in WhatsApp with no record today.,32,12,19,10,https://www.google.com/maps/search/?api=1&query=Sri%20Sai%20Balaji%20Tent%20House%20Miyapur%20Hyderabad
Hyderabad,193,C,73,Regal Tent House,Tent house supplier,Food & Events,Secunderabad,Hyderabad,097006 64305,5,13,Starter,"₹15,000",15000,Tue-Thu 11:00-16:00,Menu and package pages + a date-availability enquiry form. Enquiries die in WhatsApp with no record today.,32,11,20,10,https://www.google.com/maps/search/?api=1&query=Regal%20Tent%20House%20Secunderabad%20Hyderabad
Hyderabad,194,C,73,Gopal And Company Auditors & Tax Consultants,Certified public accountant,Professional Services,Dilsukhnagar,Hyderabad,093910 29085,4.4,11,Growth,"₹45,000",45000,Tue-Thu 11:00-13:00 / 16:00-18:00 (not before 1 Oct),"Services, registration credentials and a filing-deadline enquiry form. Clients verify a firm online before calling.",40,11,12,10,https://www.google.com/maps/search/?api=1&query=Gopal%20And%20Company%20Auditors%20%26%20Tax%20Consultants%20Dilsukhnagar%20Hyderabad
Hyderabad,195,C,73,Qrm Tent House Attapur,Tent house supplier,Food & Events,Attapur,Hyderabad,099667 75196,5,11,Starter,"₹15,000",15000,Tue-Thu 11:00-16:00,Menu and package pages + a date-availability enquiry form. Enquiries die in WhatsApp with no record today.,32,11,20,10,https://www.google.com/maps/search/?api=1&query=Qrm%20Tent%20House%20Attapur%20Attapur%20Hyderabad
Hyderabad,196,C,73,Pegada & Associates,Certified public accountant,Professional Services,Dilsukhnagar,Hyderabad,097051 37918,4.5,8,Growth,"₹45,000",45000,Tue-Thu 11:00-13:00 / 16:00-18:00 (not before 1 Oct),"Services, registration credentials and a filing-deadline enquiry form. Clients verify a firm online before calling.",40,10,13,10,https://www.google.com/maps/search/?api=1&query=Pegada%20%26%20Associates%20Dilsukhnagar%20Hyderabad
Hyderabad,197,C,72,Master Caterers,Caterer,Food & Events,Kukatpally,Hyderabad,— none listed,4.9,89,Growth,"₹45,000",45000,Tue-Thu 11:00-16:00,Menu and package pages + a date-availability enquiry form. Enquiries die in WhatsApp with no record today.,34,20,19,0,https://www.google.com/maps/search/?api=1&query=Master%20Caterers%20Kukatpally%20Hyderabad
Hyderabad,198,C,72,Sri Sai Raj Tent House,Tent house supplier,Food & Events,Secunderabad,Hyderabad,077993 39156,4.5,41,Starter,"₹15,000",15000,Tue-Thu 11:00-16:00,Menu and package pages + a date-availability enquiry form. Enquiries die in WhatsApp with no record today.,32,16,13,10,https://www.google.com/maps/search/?api=1&query=Sri%20Sai%20Raj%20Tent%20House%20Secunderabad%20Hyderabad
Hyderabad,199,C,72,Qhayam Supplying Company,Tent house supplier,Food & Events,N Lallaguda,Hyderabad,094406 94539,4.7,27,Starter,"₹15,000",15000,Tue-Thu 11:00-16:00,Menu and package pages + a date-availability enquiry form. Enquiries die in WhatsApp with no record today.,32,14,16,10,https://www.google.com/maps/search/?api=1&query=Qhayam%20Supplying%20Company%20N%20Lallaguda%20Hyderabad
Hyderabad,200,C,72,Lakshmi Narisimha Tent House & Lighting,Tent house supplier,Food & Events,Miyapur,Hyderabad,090002 58639,4.7,24,Starter,"₹15,000",15000,Tue-Thu 11:00-16:00,Menu and package pages + a date-availability enquiry form. Enquiries die in WhatsApp with no record today.,32,14,16,10,https://www.google.com/maps/search/?api=1&query=Lakshmi%20Narisimha%20Tent%20House%20%26%20Lighting%20Mayuri%20Nagar%2C%20Miyapur%20Hyderabad
Hyderabad,201,C,72,S. P. Tent House and Decorations,Tent house supplier,Food & Events,Hyderabad,Hyderabad,070954 77147,4.7,23,Starter,"₹15,000",15000,Tue-Thu 11:00-16:00,Menu and package pages + a date-availability enquiry form. Enquiries die in WhatsApp with no record today.,32,14,16,10,https://www.google.com/maps/search/?api=1&query=S.%20P.%20Tent%20House%20and%20Decorations%20Hyderabad%20Hyderabad
Hyderabad,202,C,72,Navdurga Tent House & Decorators,Tent house supplier,Food & Events,Dilsukhnagar,Hyderabad,093945 56888,4.8,17,Starter,"₹15,000",15000,Tue-Thu 11:00-16:00,Menu and package pages + a date-availability enquiry form. Enquiries die in WhatsApp with no record today.,32,13,17,10,https://www.google.com/maps/search/?api=1&query=Navdurga%20Tent%20House%20%26%20Decorators%20Dilsukhnagar%20Hyderabad
Hyderabad,203,C,72,Sri Renuka Ellamma Tent House,Tent house supplier,Food & Events,Uppal,Hyderabad,095051 81754,4.8,16,Starter,"₹15,000",15000,Tue-Thu 11:00-16:00,Menu and package pages + a date-availability enquiry form. Enquiries die in WhatsApp with no record today.,32,12,17,10,https://www.google.com/maps/search/?api=1&query=Sri%20Renuka%20Ellamma%20Tent%20House%20Uppal%20Hyderabad
Hyderabad,204,C,72,Veerabhadra Tent House,Tent house supplier,Food & Events,Malkajgiri,Hyderabad,093466 13727,4.9,14,Starter,"₹15,000",15000,Tue-Thu 11:00-16:00,Menu and package pages + a date-availability enquiry form. Enquiries die in WhatsApp with no record today.,32,12,19,10,https://www.google.com/maps/search/?api=1&query=Veerabhadra%20Tent%20House%20Malkajgiri%20Hyderabad
Hyderabad,205,C,72,Sri Mallikarjuna Tent House,Tent house supplier,Food & Events,LB Nagar,Hyderabad,087909 58583,4.9,12,Starter,"₹15,000",15000,Tue-Thu 11:00-16:00,Menu and package pages + a date-availability enquiry form. Enquiries die in WhatsApp with no record today.,32,11,19,10,https://www.google.com/maps/search/?api=1&query=Sri%20Mallikarjuna%20Tent%20House%20LB%20Nagar%20Hyderabad
Hyderabad,206,C,72,Sri Balaji Sounds & Tent House,Tent house supplier,Food & Events,Miyapur,Hyderabad,080963 83960,4.9,12,Starter,"₹15,000",15000,Tue-Thu 11:00-16:00,Menu and package pages + a date-availability enquiry form. Enquiries die in WhatsApp with no record today.,32,11,19,10,https://www.google.com/maps/search/?api=1&query=Sri%20Balaji%20Sounds%20%26%20Tent%20House%20Miyapur%20Hyderabad
Hyderabad,207,C,72,Sri Ramalingeswara Tent House,Tent house supplier,Food & Events,Miyapur,Hyderabad,063043 60510,5,10,Starter,"₹15,000",15000,Tue-Thu 11:00-16:00,Menu and package pages + a date-availability enquiry form. Enquiries die in WhatsApp with no record today.,32,10,20,10,https://www.google.com/maps/search/?api=1&query=Sri%20Ramalingeswara%20Tent%20House%20Miyapur%20Hyderabad
Hyderabad,208,C,72,Decent Tent House,Tent house supplier,Food & Events,Uppal,Hyderabad,093815 35117,5,8,Starter,"₹15,000",15000,Tue-Thu 11:00-16:00,Menu and package pages + a date-availability enquiry form. Enquiries die in WhatsApp with no record today.,32,10,20,10,https://www.google.com/maps/search/?api=1&query=Decent%20Tent%20House%20Beerappagadda%2C%20Uppal%20Hyderabad
Hyderabad,209,C,72,SR Tent House and Cool Water,Tent house supplier,Food & Events,Uppal,Hyderabad,076708 26721,5,8,Starter,"₹15,000",15000,Tue-Thu 11:00-16:00,Menu and package pages + a date-availability enquiry form. Enquiries die in WhatsApp with no record today.,32,10,20,10,https://www.google.com/maps/search/?api=1&query=SR%20Tent%20House%20and%20Cool%20Water%20Uppal%20Hyderabad
Hyderabad,210,C,72,Sai Durga Tent House,Tent house supplier,Food & Events,Nizampet,Hyderabad,096188 09537,5,8,Starter,"₹15,000",15000,Tue-Thu 11:00-16:00,Menu and package pages + a date-availability enquiry form. Enquiries die in WhatsApp with no record today.,32,10,20,10,https://www.google.com/maps/search/?api=1&query=Sai%20Durga%20Tent%20House%20Nizampet%20Hyderabad
Hyderabad,211,C,72,Shurfa Catering,Catering food and drink supplier,Food & Events,Tolichowki,Hyderabad,091214 39782,5,6,Starter,"₹15,000",15000,Tue-Thu 11:00-16:00,Menu and package pages + a date-availability enquiry form. Enquiries die in WhatsApp with no record today.,34,8,20,10,https://www.google.com/maps/search/?api=1&query=Shurfa%20Catering%20Tolichowki%20Hyderabad
Hyderabad,212,C,71,Venkatadri Caterers,Caterer,Food & Events,Chandanagar,Hyderabad,098496 64139,4.4,32,Starter,"₹15,000",15000,Tue-Thu 11:00-16:00,Menu and package pages + a date-availability enquiry form. Enquiries die in WhatsApp with no record today.,34,15,12,10,https://www.google.com/maps/search/?api=1&query=Venkatadri%20Caterers%20Chandanagar%20Hyderabad
Hyderabad,213,C,71,VM Tent House,Event planner,Food & Events,Bachupally,Hyderabad,— none listed,4.9,27,Growth,"₹45,000",45000,Tue-Thu 11:00-16:00,Menu and package pages + a date-availability enquiry form. Enquiries die in WhatsApp with no record today.,38,14,19,0,https://www.google.com/maps/search/?api=1&query=VM%20Tent%20House%20Bachupally%20Hyderabad
Hyderabad,214,C,71,Kodem's Kitchen,Caterer,Food & Events,Bachupally,Hyderabad,077029 99699,4.5,21,Starter,"₹15,000",15000,Tue-Thu 11:00-16:00,Menu and package pages + a date-availability enquiry form. Enquiries die in WhatsApp with no record today.,34,13,13,10,https://www.google.com/maps/search/?api=1&query=Kodem%27s%20Kitchen%20Bachupally%20Hyderabad
Hyderabad,215,C,71,Siri Tent House,Tent house supplier,Food & Events,Nizampet,Hyderabad,099125 65636,4.8,13,Starter,"₹15,000",15000,Tue-Thu 11:00-16:00,Menu and package pages + a date-availability enquiry form. Enquiries die in WhatsApp with no record today.,32,11,17,10,https://www.google.com/maps/search/?api=1&query=Siri%20Tent%20House%20Mayuri%20Nagar%2C%20Nizampet%20Hyderabad
Hyderabad,216,C,71,M. Naresh Kumar & Co,Chartered accountant,Professional Services,Vanasthalipuram,Hyderabad,— none listed,5,12,Growth,"₹45,000",45000,Tue-Thu 11:00-13:00 / 16:00-18:00 (not before 1 Oct),"Services, registration credentials and a filing-deadline enquiry form. Clients verify a firm online before calling.",40,11,20,0,https://www.google.com/maps/search/?api=1&query=M.%20Naresh%20Kumar%20%26%20Co%20Vanasthalipuram%20Hyderabad
Hyderabad,217,C,71,Sri Srinivasa Tent House,Tent house supplier,Food & Events,Kukatpally,Hyderabad,073829 96664,4.9,10,Starter,"₹15,000",15000,Tue-Thu 11:00-16:00,Menu and package pages + a date-availability enquiry form. Enquiries die in WhatsApp with no record today.,32,10,19,10,https://www.google.com/maps/search/?api=1&query=Sri%20Srinivasa%20Tent%20House%20Kukatpally%20Hyderabad
Hyderabad,218,C,71,Sri Balaji Tent House and Events Old Alwal,Tent house supplier,Food & Events,Old Alwal,Hyderabad,096763 24137,5,7,Starter,"₹15,000",15000,Tue-Thu 11:00-16:00,Menu and package pages + a date-availability enquiry form. Enquiries die in WhatsApp with no record today.,32,9,20,10,https://www.google.com/maps/search/?api=1&query=Sri%20Balaji%20Tent%20House%20and%20Events%20Old%20Alwal%20Old%20Alwal%20Hyderabad
Hyderabad,219,C,70,Sri Vasavi Catering Services,Restaurant supply store,Food & Events,Gachibowli,Hyderabad,091000 04345,4.3,92,Growth,"₹45,000",45000,Tue-Thu 11:00-16:00,Menu and package pages + a date-availability enquiry form. Enquiries die in WhatsApp with no record today.,30,20,11,10,https://www.google.com/maps/search/?api=1&query=Sri%20Vasavi%20Catering%20Services%20Gachibowli%20Hyderabad
Hyderabad,220,C,70,Sri Krishna Caterers,Caterer,Food & Events,Malkajgiri,Hyderabad,— none listed,4.8,79,Growth,"₹45,000",45000,Tue-Thu 11:00-16:00,Menu and package pages + a date-availability enquiry form. Enquiries die in WhatsApp with no record today.,34,19,17,0,https://www.google.com/maps/search/?api=1&query=Sri%20Krishna%20Caterers%20Malkajgiri%20Hyderabad
Hyderabad,221,C,70,Ravi Tent House,Tent house supplier,Food & Events,Kukatpally,Hyderabad,090301 59876,4.6,21,Starter,"₹15,000",15000,Tue-Thu 11:00-16:00,Menu and package pages + a date-availability enquiry form. Enquiries die in WhatsApp with no record today.,32,13,15,10,https://www.google.com/maps/search/?api=1&query=Ravi%20Tent%20House%20Kukatpally%20Hyderabad
Hyderabad,222,C,70,Naveen Tent House,Tent house supplier,Food & Events,Kompally,Hyderabad,095733 92123,4.6,19,Starter,"₹15,000",15000,Tue-Thu 11:00-16:00,Menu and package pages + a date-availability enquiry form. Enquiries die in WhatsApp with no record today.,32,13,15,10,https://www.google.com/maps/search/?api=1&query=Naveen%20Tent%20House%20Kompally%20Hyderabad
Hyderabad,223,C,70,K.V Tent House,Tent house supplier,Food & Events,Uppal,Hyderabad,094903 96942,4.7,16,Starter,"₹15,000",15000,Tue-Thu 11:00-16:00,Menu and package pages + a date-availability enquiry form. Enquiries die in WhatsApp with no record today.,32,12,16,10,https://www.google.com/maps/search/?api=1&query=K.V%20Tent%20House%20Chilka%20Nagar%2C%20Uppal%20Hyderabad
Hyderabad,224,C,70,Jai Sri Ram Tent House,Tent house supplier,Food & Events,Uppal,Hyderabad,099129 20235,4.8,12,Starter,"₹15,000",15000,Tue-Thu 11:00-16:00,Menu and package pages + a date-availability enquiry form. Enquiries die in WhatsApp with no record today.,32,11,17,10,https://www.google.com/maps/search/?api=1&query=Jai%20Sri%20Ram%20Tent%20House%20Uppal%20Hyderabad
Hyderabad,225,C,70,Sri Sai Tent House KPHB,Tent house supplier,Food & Events,Kukatpally,Hyderabad,098857 77766,5,6,Starter,"₹15,000",15000,Tue-Thu 11:00-16:00,Menu and package pages + a date-availability enquiry form. Enquiries die in WhatsApp with no record today.,32,8,20,10,https://www.google.com/maps/search/?api=1&query=Sri%20Sai%20Tent%20House%20KPHB%20KPHB%2C%20Kukatpally%20Hyderabad
Hyderabad,226,C,70,Raghavendra Tent House,Tent house supplier,Food & Events,Old Alwal,Hyderabad,093948 69526,5,6,Starter,"₹15,000",15000,Tue-Thu 11:00-16:00,Menu and package pages + a date-availability enquiry form. Enquiries die in WhatsApp with no record today.,32,8,20,10,https://www.google.com/maps/search/?api=1&query=Raghavendra%20Tent%20House%20Old%20Alwal%20Hyderabad
Hyderabad,227,C,70,SriSatyaVinayaka Tent House,Tent house supplier,Food & Events,Nizampet,Hyderabad,095507 74892,5,6,Starter,"₹15,000",15000,Tue-Thu 11:00-16:00,Menu and package pages + a date-availability enquiry form. Enquiries die in WhatsApp with no record today.,32,8,20,10,https://www.google.com/maps/search/?api=1&query=SriSatyaVinayaka%20Tent%20House%20Nizampet%20Hyderabad
Hyderabad,228,C,70,VIDI Events and Tent House,Tent house supplier,Food & Events,Kukatpally,Hyderabad,091212 72999,5,5,Starter,"₹15,000",15000,Tue-Thu 11:00-16:00,Menu and package pages + a date-availability enquiry form. Enquiries die in WhatsApp with no record today.,32,8,20,10,https://www.google.com/maps/search/?api=1&query=VIDI%20Events%20and%20Tent%20House%20Green%20Hills%2C%20Kukatpally%20Hyderabad
Hyderabad,229,C,69,Impressive Caterers,Caterer,Food & Events,Sainikpuri,Hyderabad,— none listed,4.6,119,Growth,"₹45,000",45000,Tue-Thu 11:00-16:00,Menu and package pages + a date-availability enquiry form. Enquiries die in WhatsApp with no record today.,34,21,15,0,https://www.google.com/maps/search/?api=1&query=Impressive%20Caterers%20Sainikpuri%20Hyderabad
Hyderabad,230,C,69,Sri Lakshmi Caterers,Caterer,Food & Events,Chandanagar,Hyderabad,095537 74826,4.1,48,Starter,"₹15,000",15000,Tue-Thu 11:00-16:00,Menu and package pages + a date-availability enquiry form. Enquiries die in WhatsApp with no record today.,34,17,8,10,https://www.google.com/maps/search/?api=1&query=Sri%20Lakshmi%20Caterers%20Chandanagar%20Hyderabad
Hyderabad,231,C,69,Cmr Tent House,Tent house supplier,Food & Events,Nizampet,Hyderabad,099898 21179,4.6,17,Starter,"₹15,000",15000,Tue-Thu 11:00-16:00,Menu and package pages + a date-availability enquiry form. Enquiries die in WhatsApp with no record today.,32,13,15,10,https://www.google.com/maps/search/?api=1&query=Cmr%20Tent%20House%20Nizampet%20Hyderabad
Hyderabad,232,C,69,Abhiram Tent House,Tent house supplier,Food & Events,Mansurabad,Hyderabad,097048 76819,5,4,Starter,"₹15,000",15000,Tue-Thu 11:00-16:00,Menu and package pages + a date-availability enquiry form. Enquiries die in WhatsApp with no record today.,32,7,20,10,https://www.google.com/maps/search/?api=1&query=Abhiram%20Tent%20House%20Mansurabad%20Hyderabad
Hyderabad,233,C,69,Sri Venkateswara Tent House,Tent house supplier,Food & Events,Nizampet,Hyderabad,080191 32273,5,4,Starter,"₹15,000",15000,Tue-Thu 11:00-16:00,Menu and package pages + a date-availability enquiry form. Enquiries die in WhatsApp with no record today.,32,7,20,10,https://www.google.com/maps/search/?api=1&query=Sri%20Venkateswara%20Tent%20House%20Nizampet%20Hyderabad
Hyderabad,234,C,69,Satya Maruthi Tent House,Tent house supplier,Food & Events,Nizampet,Hyderabad,093946 87381,5,4,Starter,"₹15,000",15000,Tue-Thu 11:00-16:00,Menu and package pages + a date-availability enquiry form. Enquiries die in WhatsApp with no record today.,32,7,20,10,https://www.google.com/maps/search/?api=1&query=Satya%20Maruthi%20Tent%20House%20Nizampet%20Hyderabad
Hyderabad,235,C,68,Balakrishna Tent House,Tent house supplier,Food & Events,Attapur,Hyderabad,096661 53896,3.9,105,Growth,"₹45,000",45000,Tue-Thu 11:00-16:00,Menu and package pages + a date-availability enquiry form. Enquiries die in WhatsApp with no record today.,32,20,5,10,https://www.google.com/maps/search/?api=1&query=Balakrishna%20Tent%20House%20Rambagh%2C%20Attapur%20Hyderabad
Hyderabad,236,C,68,Annapurna Catering,Catering food and drink supplier,Food & Events,Chandanagar,Hyderabad,— none listed,4.7,65,Growth,"₹45,000",45000,Tue-Thu 11:00-16:00,Menu and package pages + a date-availability enquiry form. Enquiries die in WhatsApp with no record today.,34,18,16,0,https://www.google.com/maps/search/?api=1&query=Annapurna%20Catering%20Chandanagar%20Hyderabad
Hyderabad,237,C,68,Samudrala's Annapurna Caterings,Caterer,Food & Events,Bachupally,Hyderabad,— none listed,4.9,31,Starter,"₹15,000",15000,Tue-Thu 11:00-16:00,Menu and package pages + a date-availability enquiry form. Enquiries die in WhatsApp with no record today.,34,15,19,0,https://www.google.com/maps/search/?api=1&query=Samudrala%27s%20Annapurna%20Caterings%20Bachupally%20Hyderabad
Hyderabad,238,C,68,Sai Nidhi Caterers,Caterer,Food & Events,Manikonda,Hyderabad,099854 51165,4.2,28,Starter,"₹15,000",15000,Tue-Thu 11:00-16:00,Menu and package pages + a date-availability enquiry form. Enquiries die in WhatsApp with no record today.,34,15,9,10,https://www.google.com/maps/search/?api=1&query=Sai%20Nidhi%20Caterers%20KNR%20Hills%2C%20Manikonda%20Hyderabad
Hyderabad,239,C,68,DHL Packers And Movers Kukatpally,Transportation service,Retail & Services,Kukatpally,Hyderabad,086889 95001,4.7,24,Starter,"₹15,000",15000,Tue-Thu 11:00-16:00,"Services, coverage area and a callback form so enquiries stop dying in missed calls.",28,14,16,10,https://www.google.com/maps/search/?api=1&query=DHL%20Packers%20And%20Movers%20Kukatpally%20Kukatpally%20Hyderabad
Hyderabad,240,C,68,Aaron Caterers,Caterer,Food & Events,Sainikpuri,Hyderabad,— none listed,5,22,Starter,"₹15,000",15000,Tue-Thu 11:00-16:00,Menu and package pages + a date-availability enquiry form. Enquiries die in WhatsApp with no record today.,34,14,20,0,https://www.google.com/maps/search/?api=1&query=Aaron%20Caterers%20Sainikpuri%20Hyderabad
Hyderabad,241,C,68,Devi Tent House,Tent house supplier,Food & Events,Nizampet,Hyderabad,099088 15689,4.6,14,Starter,"₹15,000",15000,Tue-Thu 11:00-16:00,Menu and package pages + a date-availability enquiry form. Enquiries die in WhatsApp with no record today.,32,12,15,10,https://www.google.com/maps/search/?api=1&query=Devi%20Tent%20House%20Nizampet%20Hyderabad
Hyderabad,242,C,68,Vijay Tent House,Tent house supplier,Food & Events,Malkajgiri,Hyderabad,098483 25708,4.6,13,Starter,"₹15,000",15000,Tue-Thu 11:00-16:00,Menu and package pages + a date-availability enquiry form. Enquiries die in WhatsApp with no record today.,32,11,15,10,https://www.google.com/maps/search/?api=1&query=Vijay%20Tent%20House%20Laxmi%20Nagar%2C%20Malkajgiri%20Hyderabad
Hyderabad,243,C,68,Satish Jeksani & Associates,Accountant,Professional Services,Chaitanyapuri,Hyderabad,093911 30861,4.4,5,Growth,"₹45,000",45000,Tue-Thu 11:00-13:00 / 16:00-18:00 (not before 1 Oct),"Services, registration credentials and a filing-deadline enquiry form. Clients verify a firm online before calling.",38,8,12,10,https://www.google.com/maps/search/?api=1&query=Satish%20Jeksani%20%26%20Associates%20Chaitanyapuri%20Hyderabad
Hyderabad,244,C,67,MS Catering & Events,Food manufacturer,Food & Events,Madhapur,Hyderabad,— none listed,5,45,Starter,"₹15,000",15000,Tue-Thu 11:00-16:00,Menu and package pages + a date-availability enquiry form. Enquiries die in WhatsApp with no record today.,30,17,20,0,https://www.google.com/maps/search/?api=1&query=MS%20Catering%20%26%20Events%20Madhapur%20Hyderabad
Hyderabad,245,C,67,Panchamruta Caterers,Restaurant supply store,Food & Events,Vanasthalipuram,Hyderabad,096426 35551,4.6,15,Starter,"₹15,000",15000,Tue-Thu 11:00-16:00,Menu and package pages + a date-availability enquiry form. Enquiries die in WhatsApp with no record today.,30,12,15,10,https://www.google.com/maps/search/?api=1&query=Panchamruta%20Caterers%20Vanasthalipuram%20Hyderabad
Hyderabad,246,C,67,Sri Ranga Tent House,Tent house supplier,Food & Events,Miyapur,Hyderabad,099593 37284,4.7,7,Starter,"₹15,000",15000,Tue-Thu 11:00-16:00,Menu and package pages + a date-availability enquiry form. Enquiries die in WhatsApp with no record today.,32,9,16,10,https://www.google.com/maps/search/?api=1&query=Sri%20Ranga%20Tent%20House%20Miyapur%20Hyderabad
Hyderabad,247,C,66,Suchitra Kompally,Catering food and drink supplier,Food & Events,Kompally,Hyderabad,— none listed,5,15,Starter,"₹15,000",15000,Tue-Thu 11:00-16:00,Menu and package pages + a date-availability enquiry form. Enquiries die in WhatsApp with no record today.,34,12,20,0,https://www.google.com/maps/search/?api=1&query=Suchitra%20Kompally%20Kompally%20Hyderabad
Hyderabad,248,C,66,Andhra Kodi Palav,Caterer,Food & Events,Chandanagar,Hyderabad,— none listed,5,15,Starter,"₹15,000",15000,Tue-Thu 11:00-16:00,Menu and package pages + a date-availability enquiry form. Enquiries die in WhatsApp with no record today.,34,12,20,0,https://www.google.com/maps/search/?api=1&query=Andhra%20Kodi%20Palav%20Chandanagar%20Hyderabad
Hyderabad,249,C,66,M.H. Tent House,Tent house supplier,Food & Events,Manikonda,Hyderabad,099496 69440,4.4,14,Starter,"₹15,000",15000,Tue-Thu 11:00-16:00,Menu and package pages + a date-availability enquiry form. Enquiries die in WhatsApp with no record today.,32,12,12,10,https://www.google.com/maps/search/?api=1&query=M.H.%20Tent%20House%20Manikonda%20Hyderabad
Hyderabad,250,C,66,Sri Bhargavi Tent House,Tent house supplier,Food & Events,Uppal,Hyderabad,099484 89007,4.5,11,Starter,"₹15,000",15000,Tue-Thu 11:00-16:00,Menu and package pages + a date-availability enquiry form. Enquiries die in WhatsApp with no record today.,32,11,13,10,https://www.google.com/maps/search/?api=1&query=Sri%20Bhargavi%20Tent%20House%20Chilka%20Nagar%2C%20Uppal%20Hyderabad
Hyderabad,251,C,66,Sri Nirmala Tent House,Tent house supplier,Food & Events,Miyapur,Hyderabad,093468 98402,4.5,10,Starter,"₹15,000",15000,Tue-Thu 11:00-16:00,Menu and package pages + a date-availability enquiry form. Enquiries die in WhatsApp with no record today.,32,10,13,10,https://www.google.com/maps/search/?api=1&query=Sri%20Nirmala%20Tent%20House%20Miyapur%20Hyderabad
Hyderabad,252,C,66,Sri Kanaka Durga Tent House,Tent house supplier,Food & Events,Rangadhama Nagar,Hyderabad,099080 31763,4.6,7,Starter,"₹15,000",15000,Tue-Thu 11:00-16:00,Menu and package pages + a date-availability enquiry form. Enquiries die in WhatsApp with no record today.,32,9,15,10,https://www.google.com/maps/search/?api=1&query=Sri%20Kanaka%20Durga%20Tent%20House%20Rangadhama%20Nagar%20Hyderabad
Hyderabad,253,C,66,New India Tent House,Tent house supplier,Food & Events,LB Nagar,Hyderabad,093910 42054,4.8,4,Starter,"₹15,000",15000,Tue-Thu 11:00-16:00,Menu and package pages + a date-availability enquiry form. Enquiries die in WhatsApp with no record today.,32,7,17,10,https://www.google.com/maps/search/?api=1&query=New%20India%20Tent%20House%20LB%20Nagar%20Hyderabad
Hyderabad,254,C,66,Vasavi Tent House,Tent house supplier,Food & Events,Padmarao Nagar,Hyderabad,088976 74464,4.8,4,Starter,"₹15,000",15000,Tue-Thu 11:00-16:00,Menu and package pages + a date-availability enquiry form. Enquiries die in WhatsApp with no record today.,32,7,17,10,https://www.google.com/maps/search/?api=1&query=Vasavi%20Tent%20House%20Padmarao%20Nagar%20Hyderabad
Hyderabad,255,C,65,Omega Caterers,Restaurant supply store,Food & Events,Kondapur,Hyderabad,— none listed,4.4,191,Growth,"₹45,000",45000,Tue-Thu 11:00-16:00,Menu and package pages + a date-availability enquiry form. Enquiries die in WhatsApp with no record today.,30,23,12,0,https://www.google.com/maps/search/?api=1&query=Omega%20Caterers%20Kondapur%20Hyderabad
Hyderabad,256,C,65,Namdhari Tent House & Decorators,Tent house supplier,Food & Events,Hyderabad,Hyderabad,093993 30609,3.9,58,Starter,"₹15,000",15000,Tue-Thu 11:00-16:00,Menu and package pages + a date-availability enquiry form. Enquiries die in WhatsApp with no record today.,32,18,5,10,https://www.google.com/maps/search/?api=1&query=Namdhari%20Tent%20House%20%26%20Decorators%20Hyderabad%20Hyderabad
Hyderabad,257,C,65,Kings Kohinoor Caterers,Caterer,Food & Events,Mehdipatnam,Hyderabad,— none listed,4.7,32,Starter,"₹15,000",15000,Tue-Thu 11:00-16:00,Menu and package pages + a date-availability enquiry form. Enquiries die in WhatsApp with no record today.,34,15,16,0,https://www.google.com/maps/search/?api=1&query=Kings%20Kohinoor%20Caterers%20Mehdipatnam%20Hyderabad
Hyderabad,258,C,65,Prabha Caterers,Meal delivery,Food & Events,Attapur,Hyderabad,— none listed,5,30,Starter,"₹15,000",15000,Tue-Thu 11:00-16:00,Menu and package pages + a date-availability enquiry form. Enquiries die in WhatsApp with no record today.,30,15,20,0,https://www.google.com/maps/search/?api=1&query=Prabha%20Caterers%20Attapur%20Hyderabad
Hyderabad,259,C,65,Gayathri Catering Services,Caterer,Food & Events,Mehdipatnam,Hyderabad,040 2352 4823,4,24,Starter,"₹15,000",15000,Tue-Thu 11:00-16:00,Menu and package pages + a date-availability enquiry form. Enquiries die in WhatsApp with no record today.,34,14,7,10,https://www.google.com/maps/search/?api=1&query=Gayathri%20Catering%20Services%20Ring%20Road%2C%20Mehdipatnam%20Hyderabad
Hyderabad,260,C,65,Sri Karthikeya's Kitchen,Caterer,Food & Events,Shaikpet,Hyderabad,— none listed,4.9,18,Starter,"₹15,000",15000,Tue-Thu 11:00-16:00,Menu and package pages + a date-availability enquiry form. Enquiries die in WhatsApp with no record today.,34,13,19,0,https://www.google.com/maps/search/?api=1&query=Sri%20Karthikeya%27s%20Kitchen%20Shaikpet%20Hyderabad
Hyderabad,261,C,65,Truptee Caterers,Caterer,Food & Events,Dilsukhnagar,Hyderabad,— none listed,5,12,Starter,"₹15,000",15000,Tue-Thu 11:00-16:00,Menu and package pages + a date-availability enquiry form. Enquiries die in WhatsApp with no record today.,34,11,20,0,https://www.google.com/maps/search/?api=1&query=Truptee%20Caterers%20Dilsukhnagar%20Hyderabad
Hyderabad,262,C,65,Gayatri Tent House and Sounds,Tent house supplier,Food & Events,Alwal,Hyderabad,094400 50074,4.5,8,Starter,"₹15,000",15000,Tue-Thu 11:00-16:00,Menu and package pages + a date-availability enquiry form. Enquiries die in WhatsApp with no record today.,32,10,13,10,https://www.google.com/maps/search/?api=1&query=Gayatri%20Tent%20House%20and%20Sounds%20Alwal%20Hyderabad
Hyderabad,263,C,64,The Masterpiece Caterer,Caterer,Food & Events,Gachibowli,Hyderabad,098480 00927,4,22,Starter,"₹15,000",15000,Tue-Thu 11:00-16:00,Menu and package pages + a date-availability enquiry form. Enquiries die in WhatsApp with no record today.,34,14,7,10,https://www.google.com/maps/search/?api=1&query=The%20Masterpiece%20Caterer%20Gachibowli%20Hyderabad
Hyderabad,264,C,64,Balaji Tent House,Tent house supplier,Food & Events,Secunderabad,Hyderabad,092475 72611,4.2,19,Starter,"₹15,000",15000,Tue-Thu 11:00-16:00,Menu and package pages + a date-availability enquiry form. Enquiries die in WhatsApp with no record today.,32,13,9,10,https://www.google.com/maps/search/?api=1&query=Balaji%20Tent%20House%20Secunderabad%20Hyderabad
Hyderabad,265,C,64,Kalagura Caterers,Caterer,Food & Events,Vanasthalipuram,Hyderabad,— none listed,4.9,12,Starter,"₹15,000",15000,Tue-Thu 11:00-16:00,Menu and package pages + a date-availability enquiry form. Enquiries die in WhatsApp with no record today.,34,11,19,0,https://www.google.com/maps/search/?api=1&query=Kalagura%20Caterers%20Vanasthalipuram%20Hyderabad
Hyderabad,266,C,64,Nawabi Zaiqa Kitchen and Caterers,Caterer,Food & Events,Tolichowki,Hyderabad,— none listed,5,10,Starter,"₹15,000",15000,Tue-Thu 11:00-16:00,Menu and package pages + a date-availability enquiry form. Enquiries die in WhatsApp with no record today.,34,10,20,0,https://www.google.com/maps/search/?api=1&query=Nawabi%20Zaiqa%20Kitchen%20and%20Caterers%20Tolichowki%20Hyderabad
Hyderabad,267,C,64,Sri Balaji AtoZ Tenthouse,Tent house supplier,Food & Events,Vanasthalipuram,Hyderabad,093930 00532,4.5,6,Starter,"₹15,000",15000,Tue-Thu 11:00-16:00,Menu and package pages + a date-availability enquiry form. Enquiries die in WhatsApp with no record today.,32,8,13,10,https://www.google.com/maps/search/?api=1&query=Sri%20Balaji%20AtoZ%20Tenthouse%20Vanasthalipuram%20Hyderabad
Hyderabad,268,C,63,Sri Sai Jyothi Caterers,Caterer,Food & Events,Kothapet,Hyderabad,— none listed,4.3,70,Growth,"₹45,000",45000,Tue-Thu 11:00-16:00,Menu and package pages + a date-availability enquiry form. Enquiries die in WhatsApp with no record today.,34,19,11,0,https://www.google.com/maps/search/?api=1&query=Sri%20Sai%20Jyothi%20Caterers%20Kothapet%20Hyderabad
Hyderabad,269,C,63,Varahi Caterers,Caterer,Food & Events,LB Nagar,Hyderabad,— none listed,4.7,18,Starter,"₹15,000",15000,Tue-Thu 11:00-16:00,Menu and package pages + a date-availability enquiry form. Enquiries die in WhatsApp with no record today.,34,13,16,0,https://www.google.com/maps/search/?api=1&query=Varahi%20Caterers%20NTR%20Nagar%2C%20LB%20Nagar%20Hyderabad
Hyderabad,270,C,63,New Royal Tent House,Tent house supplier,Food & Events,LB Nagar,Hyderabad,— none listed,5,13,Starter,"₹15,000",15000,Tue-Thu 11:00-16:00,Menu and package pages + a date-availability enquiry form. Enquiries die in WhatsApp with no record today.,32,11,20,0,https://www.google.com/maps/search/?api=1&query=New%20Royal%20Tent%20House%20LB%20Nagar%20Hyderabad
Hyderabad,271,C,63,Sai Kasturi Delight & Caterers,Caterer,Food & Events,Attapur,Hyderabad,— none listed,4.9,10,Starter,"₹15,000",15000,Tue-Thu 11:00-16:00,Menu and package pages + a date-availability enquiry form. Enquiries die in WhatsApp with no record today.,34,10,19,0,https://www.google.com/maps/search/?api=1&query=Sai%20Kasturi%20Delight%20%26%20Caterers%20Attapur%20Hyderabad
Hyderabad,272,C,62,New Delux Supply Company,Tent house supplier,Food & Events,Kukatpally,Hyderabad,— none listed,4.8,17,Starter,"₹15,000",15000,Tue-Thu 11:00-16:00,Menu and package pages + a date-availability enquiry form. Enquiries die in WhatsApp with no record today.,32,13,17,0,https://www.google.com/maps/search/?api=1&query=New%20Delux%20Supply%20Company%20Kukatpally%20Hyderabad
Hyderabad,273,C,62,Sri Bhavani Tent House,Tent house supplier,Food & Events,Malkajgiri,Hyderabad,063032 50276,4.3,8,Starter,"₹15,000",15000,Tue-Thu 11:00-16:00,Menu and package pages + a date-availability enquiry form. Enquiries die in WhatsApp with no record today.,32,10,11,10,https://www.google.com/maps/search/?api=1&query=Sri%20Bhavani%20Tent%20House%20Malkajgiri%20Hyderabad
Hyderabad,274,C,62,Sri Sai Tent House Chaitanyapuri,Event planner,Food & Events,Chaitanyapuri,Hyderabad,098666 49700,4,5,Growth,"₹45,000",45000,Tue-Thu 11:00-16:00,Menu and package pages + a date-availability enquiry form. Enquiries die in WhatsApp with no record today.,38,8,7,10,https://www.google.com/maps/search/?api=1&query=Sri%20Sai%20Tent%20House%20Chaitanyapuri%20Chaitanyapuri%20Hyderabad
Hyderabad,275,C,61,Chary Tent House Supplying,Tent house supplier,Food & Events,Kompally,Hyderabad,099089 72345,4.3,6,Starter,"₹15,000",15000,Tue-Thu 11:00-16:00,Menu and package pages + a date-availability enquiry form. Enquiries die in WhatsApp with no record today.,32,8,11,10,https://www.google.com/maps/search/?api=1&query=Chary%20Tent%20House%20Supplying%20Kompally%20Hyderabad
Hyderabad,276,C,61,Prabhu Tent House,Tent house supplier,Food & Events,Manikonda,Hyderabad,099490 65900,4.3,6,Starter,"₹15,000",15000,Tue-Thu 11:00-16:00,Menu and package pages + a date-availability enquiry form. Enquiries die in WhatsApp with no record today.,32,8,11,10,https://www.google.com/maps/search/?api=1&query=Prabhu%20Tent%20House%20Manikonda%20Hyderabad
Hyderabad,277,C,60,Giriraj Caters,Caterer,Food & Events,Attapur,Hyderabad,— none listed,4.6,14,Starter,"₹15,000",15000,Tue-Thu 11:00-16:00,Menu and package pages + a date-availability enquiry form. Enquiries die in WhatsApp with no record today.,34,12,15,0,https://www.google.com/maps/search/?api=1&query=Giriraj%20Caters%20Attapur%20Hyderabad
Hyderabad,278,C,60,Amani's,Caterer,Food & Events,Kondapur,Hyderabad,— none listed,4.6,12,Starter,"₹15,000",15000,Tue-Thu 11:00-16:00,Menu and package pages + a date-availability enquiry form. Enquiries die in WhatsApp with no record today.,34,11,15,0,https://www.google.com/maps/search/?api=1&query=Amani%27s%20Kondapur%20Hyderabad
Hyderabad,279,C,60,Shams Sai Tent House,Tent house supplier,Food & Events,Old Alwal,Hyderabad,— none listed,5,6,Starter,"₹15,000",15000,Tue-Thu 11:00-16:00,Menu and package pages + a date-availability enquiry form. Enquiries die in WhatsApp with no record today.,32,8,20,0,https://www.google.com/maps/search/?api=1&query=Shams%20Sai%20Tent%20House%20Old%20Alwal%20Hyderabad
Hyderabad,280,C,60,Jai Hanuman Tent House,Tent house supplier,Food & Events,Dilsukhnagar,Hyderabad,— none listed,5,5,Starter,"₹15,000",15000,Tue-Thu 11:00-16:00,Menu and package pages + a date-availability enquiry form. Enquiries die in WhatsApp with no record today.,32,8,20,0,https://www.google.com/maps/search/?api=1&query=Jai%20Hanuman%20Tent%20House%20Dilsukhnagar%20Hyderabad
Hyderabad,281,C,59,EVB Reddy & Associates,Certified public accountant,Professional Services,Gaddiannaram,Hyderabad,— none listed,4.3,6,Growth,"₹45,000",45000,Tue-Thu 11:00-13:00 / 16:00-18:00 (not before 1 Oct),"Services, registration credentials and a filing-deadline enquiry form. Clients verify a firm online before calling.",40,8,11,0,https://www.google.com/maps/search/?api=1&query=EVB%20Reddy%20%26%20Associates%20Gaddiannaram%20Hyderabad
Hyderabad,282,C,58,Sri Varshini Catering Services,Food manufacturer,Food & Events,LB Nagar,Hyderabad,— none listed,4.6,22,Starter,"₹15,000",15000,Tue-Thu 11:00-16:00,Menu and package pages + a date-availability enquiry form. Enquiries die in WhatsApp with no record today.,30,14,15,0,https://www.google.com/maps/search/?api=1&query=Sri%20Varshini%20Catering%20Services%20LB%20Nagar%20Hyderabad
Hyderabad,283,C,58,Sri Kasi Annapurna Catering,Caterer,Food & Events,Manikonda,Hyderabad,— none listed,4.3,19,Starter,"₹15,000",15000,Tue-Thu 11:00-16:00,Menu and package pages + a date-availability enquiry form. Enquiries die in WhatsApp with no record today.,34,13,11,0,https://www.google.com/maps/search/?api=1&query=Sri%20Kasi%20Annapurna%20Catering%20Manikonda%20Hyderabad
Hyderabad,284,C,58,Sri Laxmi Venkateshwara Tent House,Tent house supplier,Food & Events,Bapuji Nagar,Hyderabad,— none listed,5,3,Starter,"₹15,000",15000,Tue-Thu 11:00-16:00,Menu and package pages + a date-availability enquiry form. Enquiries die in WhatsApp with no record today.,32,6,20,0,https://www.google.com/maps/search/?api=1&query=Sri%20Laxmi%20Venkateshwara%20Tent%20House%20Bapuji%20Nagar%20Hyderabad
Hyderabad,285,C,56,Hyderabad Tent House,Tent house supplier,Food & Events,Secunderabad,Hyderabad,099664 10664,3.5,26,Starter,"₹15,000",15000,Tue-Thu 11:00-16:00,Menu and package pages + a date-availability enquiry form. Enquiries die in WhatsApp with no record today.,32,14,0,10,https://www.google.com/maps/search/?api=1&query=Hyderabad%20Tent%20House%20Secunderabad%20Hyderabad
Hyderabad,286,C,56,SrTent House,Tent house supplier,Food & Events,Nizampet,Hyderabad,— none listed,4.5,10,Starter,"₹15,000",15000,Tue-Thu 11:00-16:00,Menu and package pages + a date-availability enquiry form. Enquiries die in WhatsApp with no record today.,32,10,13,0,https://www.google.com/maps/search/?api=1&query=SrTent%20House%20Nizampet%20Hyderabad
Hyderabad,287,C,56,Sri Laxmi Narasimha Swamy Tent House,Tent house supplier,Food & Events,Dayanand Nagar,Hyderabad,092475 85984,4,5,Starter,"₹15,000",15000,Tue-Thu 11:00-16:00,Menu and package pages + a date-availability enquiry form. Enquiries die in WhatsApp with no record today.,32,8,7,10,https://www.google.com/maps/search/?api=1&query=Sri%20Laxmi%20Narasimha%20Swamy%20Tent%20House%20Dayanand%20Nagar%20Hyderabad
Hyderabad,288,C,55,Royal Caterers and Wedding Cars,Travel agency,Food & Events,Attapur,Hyderabad,— none listed,4.4,21,Starter,"₹15,000",15000,Tue-Thu 11:00-16:00,Menu and package pages + a date-availability enquiry form. Enquiries die in WhatsApp with no record today.,30,13,12,0,https://www.google.com/maps/search/?api=1&query=Royal%20Caterers%20and%20Wedding%20Cars%20Kishan%20Bagh%2C%20Attapur%20Hyderabad
Hyderabad,289,C,55,Balaji Tent House And Sounds,Tent house supplier,Food & Events,Malkajgiri,Hyderabad,098483 54970,4,3,Starter,"₹15,000",15000,Tue-Thu 11:00-16:00,Menu and package pages + a date-availability enquiry form. Enquiries die in WhatsApp with no record today.,32,6,7,10,https://www.google.com/maps/search/?api=1&query=Balaji%20Tent%20House%20And%20Sounds%20Malkajgiri%20Hyderabad
Hyderabad,290,C,54,Sujatha Tent House,Tent house supplier,Food & Events,Secunderabad,Hyderabad,081438 08659,3.4,14,Starter,"₹15,000",15000,Tue-Thu 11:00-16:00,Menu and package pages + a date-availability enquiry form. Enquiries die in WhatsApp with no record today.,32,12,0,10,https://www.google.com/maps/search/?api=1&query=Sujatha%20Tent%20House%20Secunderabad%20Hyderabad
Hyderabad,291,C,53,Sri Manikanta Tenthouse,Tent house supplier,Food & Events,Puppalaguda,Hyderabad,— none listed,4.4,7,Starter,"₹15,000",15000,Tue-Thu 11:00-16:00,Menu and package pages + a date-availability enquiry form. Enquiries die in WhatsApp with no record today.,32,9,12,0,https://www.google.com/maps/search/?api=1&query=Sri%20Manikanta%20Tenthouse%20Puppalaguda%20Hyderabad
Hyderabad,292,C,53,Abhinav Caterers,Caterer,Food & Events,Vanasthalipuram,Hyderabad,— none listed,4.3,6,Starter,"₹15,000",15000,Tue-Thu 11:00-16:00,Menu and package pages + a date-availability enquiry form. Enquiries die in WhatsApp with no record today.,34,8,11,0,https://www.google.com/maps/search/?api=1&query=Abhinav%20Caterers%20Sahebnagar%2C%20Vanasthalipuram%20Hyderabad
Hyderabad,293,C,52,Ayyappa Tent House,Tent house supplier,Food & Events,Attapur,Hyderabad,093470 91676,3.3,9,Starter,"₹15,000",15000,Tue-Thu 11:00-16:00,Menu and package pages + a date-availability enquiry form. Enquiries die in WhatsApp with no record today.,32,10,0,10,https://www.google.com/maps/search/?api=1&query=Ayyappa%20Tent%20House%20Attapur%20Hyderabad
Hyderabad,294,C,52,Bhavani Tent House,Tent house supplier,Food & Events,Malkajgiri,Hyderabad,— none listed,4.3,7,Starter,"₹15,000",15000,Tue-Thu 11:00-16:00,Menu and package pages + a date-availability enquiry form. Enquiries die in WhatsApp with no record today.,32,9,11,0,https://www.google.com/maps/search/?api=1&query=Bhavani%20Tent%20House%20Malkajgiri%20Hyderabad
Hyderabad,295,C,51,K.M. Tent House,Tent house supplier,Food & Events,Uppal,Hyderabad,098668 60200,3.7,3,Starter,"₹15,000",15000,Tue-Thu 11:00-16:00,Menu and package pages + a date-availability enquiry form. Enquiries die in WhatsApp with no record today.,32,6,3,10,https://www.google.com/maps/search/?api=1&query=K.M.%20Tent%20House%20Chilka%20Nagar%2C%20Uppal%20Hyderabad
Hyderabad,296,C,50,Sri Sudershan Tent House,Tent house supplier,Food & Events,W Marredpally,Hyderabad,095737 44400,3,5,Starter,"₹15,000",15000,Tue-Thu 11:00-16:00,Menu and package pages + a date-availability enquiry form. Enquiries die in WhatsApp with no record today.,32,8,0,10,https://www.google.com/maps/search/?api=1&query=Sri%20Sudershan%20Tent%20House%20W%20Marredpally%20Hyderabad
Hyderabad,297,C,50,Sri Rama Tent House,Tent house supplier,Food & Events,Mirjalguda,Hyderabad,098855 54464,3.4,5,Starter,"₹15,000",15000,Tue-Thu 11:00-16:00,Menu and package pages + a date-availability enquiry form. Enquiries die in WhatsApp with no record today.,32,8,0,10,https://www.google.com/maps/search/?api=1&query=Sri%20Rama%20Tent%20House%20Mirjalguda%20Hyderabad
Hyderabad,298,C,49,M.M Tent House,Tent house supplier,Food & Events,Attapur,Hyderabad,096666 61407,2.8,4,Starter,"₹15,000",15000,Tue-Thu 11:00-16:00,Menu and package pages + a date-availability enquiry form. Enquiries die in WhatsApp with no record today.,32,7,0,10,https://www.google.com/maps/search/?api=1&query=M.M%20Tent%20House%20Attapur%20Hyderabad
Hyderabad,299,C,47,Sri Sai Tent House Chandanagar,Tent house supplier,Food & Events,Chandanagar,Hyderabad,— none listed,4,6,Starter,"₹15,000",15000,Tue-Thu 11:00-16:00,Menu and package pages + a date-availability enquiry form. Enquiries die in WhatsApp with no record today.,32,8,7,0,https://www.google.com/maps/search/?api=1&query=Sri%20Sai%20Tent%20House%20Chandanagar%20Chandanagar%20Hyderabad
Hyderabad,300,C,47,Sri Aditya Tent House,Home goods store,Home & Interiors,Vanasthalipuram,Hyderabad,— none listed,4.3,3,Starter,"₹15,000",15000,Tue-Thu 11:00-16:00,"A project gallery with before/after and room type, plus a budget-range enquiry form. Buyers judge on photos first.",30,6,11,0,https://www.google.com/maps/search/?api=1&query=Sri%20Aditya%20Tent%20House%20Vanasthalipuram%20Hyderabad
Hyderabad,301,C,41,SR Tent House and Events,Tent house supplier,Food & Events,Uppal,Hyderabad,— none listed,3.7,3,Starter,"₹15,000",15000,Tue-Thu 11:00-16:00,Menu and package pages + a date-availability enquiry form. Enquiries die in WhatsApp with no record today.,32,6,3,0,https://www.google.com/maps/search/?api=1&query=SR%20Tent%20House%20and%20Events%20Uppal%20Hyderabad
Hyderabad,302,C,41,Sanitech Tent House,Tent house supplier,Food & Events,Kompally,Hyderabad,— none listed,3.7,3,Starter,"₹15,000",15000,Tue-Thu 11:00-16:00,Menu and package pages + a date-availability enquiry form. Enquiries die in WhatsApp with no record today.,32,6,3,0,https://www.google.com/maps/search/?api=1&query=Sanitech%20Tent%20House%20Kompally%20Hyderabad
Mira Road-Vasai-Virar,1,A,95,Getwell labs and Diagnostic Center,Diagnostic centre,Health & Wellness,Manvelpada Virar,Virar,098670 40421,4.9,3476,Custom,"₹1,20,000+",120000,Tue-Thu 11:00-13:00 / 15:00-17:00 (after morning collection rush),"Practitioner credentials, treatments and online booking. Patients search the area before they phone.",36,30,19,10,https://www.google.com/maps/search/?api=1&query=Getwell%20labs%20and%20Diagnostic%20Center%20Manvelpada%20Virar
Mira Road-Vasai-Virar,2,A,94,Naveen Jha & Associates,Chartered accountant,Professional Services,Global City Virar,Virar,098739 57475,5,256,Custom,"₹1,20,000+",120000,Tue-Thu 11:00-13:00 / 16:00-18:00 (not before 1 Oct),"Services, registration credentials and a deadline-driven enquiry form. Clients verify a firm online before they call.",40,24,20,10,https://www.google.com/maps/search/?api=1&query=Naveen%20Jha%20%26%20Associates%20Global%20City%20Virar
Mira Road-Vasai-Virar,3,A,93,Arnold Lobo - Compere in Mumbai,Event management company,Food & Events,Mira Road,Mira Road / Bhayandar,096640 09909,5,293,Custom,"₹1,20,000+",120000,Tue-Thu 11:00-16:00,Menu and package pages plus a date-availability enquiry form. Enquiries die in WhatsApp with no record today.,38,25,20,10,https://www.google.com/maps/search/?api=1&query=Arnold%20Lobo%20-%20Compere%20in%20Mumbai%20Mira%20Road
Mira Road-Vasai-Virar,4,A,92,Prakash Shinde Motor Training School,Driving school,Education & Training,Station Road Bhayandar,Mira Road / Bhayandar,099675 76555,4.9,822,Custom,"₹1,20,000+",120000,Tue-Thu 11:00-13:00 / 15:00-17:00 (between batches),"Curriculum, fees, faculty and an admission-enquiry form. Parents shortlist online, then visit.",34,29,19,10,https://www.google.com/maps/search/?api=1&query=Prakash%20Shinde%20Motor%20Training%20School%20Station%20Road%20Bhayandar
Mira Road-Vasai-Virar,5,A,91,Gupta Motor Training School,Driving school,Education & Training,GCC Club Road Mira Road,Mira Road / Bhayandar,077385 58053,4.9,710,Custom,"₹1,20,000+",120000,Tue-Thu 11:00-13:00 / 15:00-17:00 (between batches),"Curriculum, fees, faculty and an admission-enquiry form. Parents shortlist online, then visit.",34,29,19,10,https://www.google.com/maps/search/?api=1&query=Gupta%20Motor%20Training%20School%20GCC%20Club%20Road%20Mira%20Road
Mira Road-Vasai-Virar,6,A,91,Pankaj Interior,Interior designer,Home & Interiors,Mira Road,Mira Road / Bhayandar,098214 36148,4.9,152,Growth,"₹45,000",45000,Tue-Thu 11:00-13:00 / 15:00-18:00,"A project gallery with before/after by room type, plus a budget-range enquiry form. Buyers judge on photos first.",40,22,19,10,https://www.google.com/maps/search/?api=1&query=Pankaj%20Interior%20Mira%20Road
Mira Road-Vasai-Virar,7,A,91,Premsheela Gupta & Co.,Chartered accountant,Professional Services,Mira Road,Mira Road / Bhayandar,097699 30717,5,137,Growth,"₹45,000",45000,Tue-Thu 11:00-13:00 / 16:00-18:00 (not before 1 Oct),"Services, registration credentials and a deadline-driven enquiry form. Clients verify a firm online before they call.",40,21,20,10,https://www.google.com/maps/search/?api=1&query=Premsheela%20Gupta%20%26%20Co.%20Mira%20Road
Mira Road-Vasai-Virar,8,A,91,R R Dave & Company,Chartered accountant,Professional Services,Ambadi Road Vasai East,Vasai,098697 27900,5,129,Growth,"₹45,000",45000,Tue-Thu 11:00-13:00 / 16:00-18:00 (not before 1 Oct),"Services, registration credentials and a deadline-driven enquiry form. Clients verify a firm online before they call.",40,21,20,10,https://www.google.com/maps/search/?api=1&query=R%20R%20Dave%20%26%20Company%20Ambadi%20Road%20Vasai%20East
Mira Road-Vasai-Virar,9,A,90,Grow Skills Academy,Education center,Education & Training,Nalasopara,Nalasopara,082650 61271,4.8,741,Custom,"₹1,20,000+",120000,Tue-Thu 11:00-13:00 / 15:00-17:00 (before evening batches),"Curriculum, fees, faculty and an admission-enquiry form. Parents shortlist online, then visit.",34,29,17,10,https://www.google.com/maps/search/?api=1&query=Grow%20Skills%20Academy%20Nalasopara
Mira Road-Vasai-Virar,10,A,90,Patil Bandhu Motor Training School,Driving school,Education & Training,Manvelpada Virar,Virar,095612 27623,4.9,576,Custom,"₹1,20,000+",120000,Tue-Thu 11:00-13:00 / 15:00-17:00 (between batches),"Curriculum, fees, faculty and an admission-enquiry form. Parents shortlist online, then visit.",34,28,19,10,https://www.google.com/maps/search/?api=1&query=Patil%20Bandhu%20Motor%20Training%20School%20Manvelpada%20Virar
Mira Road-Vasai-Virar,11,A,90,Vedant Two Wheeler Training Centre,Driving school,Education & Training,Viva College Road Virar,Virar,090282 87239,5,365,Custom,"₹1,20,000+",120000,Tue-Thu 11:00-13:00 / 15:00-17:00 (between batches),"Curriculum, fees, faculty and an admission-enquiry form. Parents shortlist online, then visit.",34,26,20,10,https://www.google.com/maps/search/?api=1&query=Vedant%20Two%20Wheeler%20Training%20Centre%20Viva%20College%20Road%20Virar
Mira Road-Vasai-Virar,12,A,90,Add Kolors to Life,Physiotherapy centre,Health & Wellness,Bhayandar,Mira Road / Bhayandar,098334 57914,4.9,354,Custom,"₹1,20,000+",120000,Tue-Thu 11:00-13:00 / 16:00-19:00,"Practitioner credentials, treatments and online booking. Patients search the area before they phone.",36,25,19,10,https://www.google.com/maps/search/?api=1&query=Add%20Kolors%20to%20Life%20Bhayandar
Mira Road-Vasai-Virar,13,A,90,Parent Bless Physical Therapy & Advance Pain Management Hub,Physiotherapy centre,Health & Wellness,Nalasopara-Vasai Link Road,Vasai,075587 66940,5,266,Custom,"₹1,20,000+",120000,Tue-Thu 11:00-13:00 / 16:00-19:00,"Practitioner credentials, treatments and online booking. Patients search the area before they phone.",36,24,20,10,https://www.google.com/maps/search/?api=1&query=Parent%20Bless%20Physical%20Therapy%20%26%20Advance%20Pain%20Management%20Hub%20Nalasopara-Vasai%20Link%20Road
Mira Road-Vasai-Virar,14,A,90,Bhamani & Associates,Chartered accountant,Professional Services,Mira Road,Mira Road / Bhayandar,087670 54504,5,108,Growth,"₹45,000",45000,Tue-Thu 11:00-13:00 / 16:00-18:00 (not before 1 Oct),"Services, registration credentials and a deadline-driven enquiry form. Clients verify a firm online before they call.",40,20,20,10,https://www.google.com/maps/search/?api=1&query=Bhamani%20%26%20Associates%20Mira%20Road
Mira Road-Vasai-Virar,15,A,90,SONI PUNIT & ASSOCIATES,Certified public accountant,Professional Services,Bhayandar,Mira Road / Bhayandar,082917 01780,5,108,Growth,"₹45,000",45000,Tue-Thu 11:00-13:00 / 16:00-18:00 (not before 1 Oct),"Services, registration credentials and a deadline-driven enquiry form. Clients verify a firm online before they call.",40,20,20,10,https://www.google.com/maps/search/?api=1&query=SONI%20PUNIT%20%26%20ASSOCIATES%20Bhayandar
Mira Road-Vasai-Virar,16,A,89,Shyam Decor and Disposal,Party store,Food & Events,Viva College Road Virar,Virar,077982 71539,5,476,Growth,"₹45,000",45000,Tue-Thu 11:00-16:00,Menu and package pages plus a date-availability enquiry form. Enquiries die in WhatsApp with no record today.,32,27,20,10,https://www.google.com/maps/search/?api=1&query=Shyam%20Decor%20and%20Disposal%20Viva%20College%20Road%20Virar
Mira Road-Vasai-Virar,17,A,89,Faith Diagnostic Centre,Diagnostic centre,Health & Wellness,Global City Virar,Virar,098670 40421,4.7,451,Custom,"₹1,20,000+",120000,Tue-Thu 11:00-13:00 / 15:00-17:00 (after morning collection rush),"Practitioner credentials, treatments and online booking. Patients search the area before they phone.",36,27,16,10,https://www.google.com/maps/search/?api=1&query=Faith%20Diagnostic%20Centre%20Global%20City%20Virar
Mira Road-Vasai-Virar,18,A,89,SHRI SP COACHING CLASSES,Coaching centre,Education & Training,Tirupati Nagar Virar,Virar,081690 11862,4.9,431,Custom,"₹1,20,000+",120000,Tue-Thu 11:00-13:00 / 15:00-17:00 (before evening batches),"Curriculum, fees, faculty and an admission-enquiry form. Parents shortlist online, then visit.",34,26,19,10,https://www.google.com/maps/search/?api=1&query=SHRI%20SP%20COACHING%20CLASSES%20Tirupati%20Nagar%20Virar
Mira Road-Vasai-Virar,19,A,89,Yash Motor Training School,Driving school,Education & Training,Virar,Virar,091122 35665,4.9,420,Custom,"₹1,20,000+",120000,Tue-Thu 11:00-13:00 / 15:00-17:00 (between batches),"Curriculum, fees, faculty and an admission-enquiry form. Parents shortlist online, then visit.",34,26,19,10,https://www.google.com/maps/search/?api=1&query=Yash%20Motor%20Training%20School%20Virar
Mira Road-Vasai-Virar,20,A,89,NEHA TUTORIALS,Coaching centre,Education & Training,Virar West,Virar,088505 00831,4.9,405,Custom,"₹1,20,000+",120000,Tue-Thu 11:00-13:00 / 15:00-17:00 (before evening batches),"Curriculum, fees, faculty and an admission-enquiry form. Parents shortlist online, then visit.",34,26,19,10,https://www.google.com/maps/search/?api=1&query=NEHA%20TUTORIALS%20Virar%20West
Mira Road-Vasai-Virar,21,A,89,Aakaar Education,Coaching centre,Education & Training,Jawaharlal Nehru Road Vasai East,Vasai,079728 31303,4.9,400,Custom,"₹1,20,000+",120000,Tue-Thu 11:00-13:00 / 15:00-17:00 (before evening batches),"Curriculum, fees, faculty and an admission-enquiry form. Parents shortlist online, then visit.",34,26,19,10,https://www.google.com/maps/search/?api=1&query=Aakaar%20Education%20Jawaharlal%20Nehru%20Road%20Vasai%20East
Mira Road-Vasai-Virar,22,A,89,Raj Properties in miraroad,Real estate agency,Retail & Services,Kanakia Marigold Mira Road,Mira Road / Bhayandar,098692 54948,4.8,332,Custom,"₹1,20,000+",120000,Tue-Thu 11:00-16:00,"Services, coverage area and a callback form so enquiries stop dying in missed calls.",36,25,17,10,https://www.google.com/maps/search/?api=1&query=Raj%20Properties%20in%20miraroad%20Kanakia%20Marigold%20Mira%20Road
Mira Road-Vasai-Virar,23,A,89,SHREE SHUBH MOTOR TRAINING SCHOOL,Driving school,Education & Training,Mira Road,Mira Road / Bhayandar,097694 66828,5,317,Custom,"₹1,20,000+",120000,Tue-Thu 11:00-13:00 / 15:00-17:00 (between batches),"Curriculum, fees, faculty and an admission-enquiry form. Parents shortlist online, then visit.",34,25,20,10,https://www.google.com/maps/search/?api=1&query=SHREE%20SHUBH%20MOTOR%20TRAINING%20SCHOOL%20Mira%20Road
Mira Road-Vasai-Virar,24,A,89,Balaji Physio spine Matrix Dr Ravi Naik,Physiotherapy centre,Health & Wellness,Bhabola Naka Vasai,Vasai,096652 24946,4.9,268,Custom,"₹1,20,000+",120000,Tue-Thu 11:00-13:00 / 16:00-19:00,"Practitioner credentials, treatments and online booking. Patients search the area before they phone.",36,24,19,10,https://www.google.com/maps/search/?api=1&query=Balaji%20Physio%20spine%20Matrix%20Dr%20Ravi%20Naik%20Bhabola%20Naka%20Vasai
Mira Road-Vasai-Virar,25,A,89,SPC Physiotherapy Clinic : Vasai East,Physiotherapy centre,Health & Wellness,Vasai East,Vasai,072083 84631,4.9,266,Custom,"₹1,20,000+",120000,Tue-Thu 11:00-13:00 / 16:00-19:00,"Practitioner credentials, treatments and online booking. Patients search the area before they phone.",36,24,19,10,https://www.google.com/maps/search/?api=1&query=SPC%20Physiotherapy%20Clinic%20%3A%20Vasai%20East%20Vasai%20East
Mira Road-Vasai-Virar,26,A,89,Bane's,Dental clinic,Health & Wellness,Ambadi Road Vasai,Vasai,081497 05602,4.9,262,Custom,"₹1,20,000+",120000,Tue-Thu 11:00-13:00 / 16:00-19:00,"Practitioner credentials, treatments and online booking. Patients search the area before they phone.",36,24,19,10,https://www.google.com/maps/search/?api=1&query=Bane%27s%20Ambadi%20Road%20Vasai
Mira Road-Vasai-Virar,27,A,89,PhysioFit + Physiotherapy Clinic,Physiotherapy centre,Health & Wellness,Stella Road Vasai,Vasai,095116 98317,5,197,Growth,"₹45,000",45000,Tue-Thu 11:00-13:00 / 16:00-19:00,"Practitioner credentials, treatments and online booking. Patients search the area before they phone.",36,23,20,10,https://www.google.com/maps/search/?api=1&query=PhysioFit%20%2B%20Physiotherapy%20Clinic%20Stella%20Road%20Vasai
Mira Road-Vasai-Virar,28,A,89,Classy Events,Event management company,Food & Events,150 Feet Road Mira Road,Mira Road / Bhayandar,099875 85730,4.9,190,Growth,"₹45,000",45000,Tue-Thu 11:00-16:00,Menu and package pages plus a date-availability enquiry form. Enquiries die in WhatsApp with no record today.,38,23,19,10,https://www.google.com/maps/search/?api=1&query=Classy%20Events%20150%20Feet%20Road%20Mira%20Road
Mira Road-Vasai-Virar,29,A,89,Dr Romi's Advance Physiotherapy Care Center,Physiotherapy centre,Health & Wellness,Global City Virar,Virar,091378 39673,5,186,Growth,"₹45,000",45000,Tue-Thu 11:00-13:00 / 16:00-19:00,"Practitioner credentials, treatments and online booking. Patients search the area before they phone.",36,23,20,10,https://www.google.com/maps/search/?api=1&query=Dr%20Romi%27s%20Advance%20Physiotherapy%20Care%20Center%20Global%20City%20Virar
Mira Road-Vasai-Virar,30,A,89,JM Eventz club,Event management company,Food & Events,Vasai,Vasai,090046 00970,4.9,183,Growth,"₹45,000",45000,Tue-Thu 11:00-16:00,Menu and package pages plus a date-availability enquiry form. Enquiries die in WhatsApp with no record today.,38,23,19,10,https://www.google.com/maps/search/?api=1&query=JM%20Eventz%20club%20Vasai
Mira Road-Vasai-Virar,31,A,89,RJ Consultancy Services,Tax consultant,Professional Services,Mira Road,Mira Road / Bhayandar,097682 23910,4.9,156,Growth,"₹45,000",45000,Tue-Thu 11:00-13:00 / 16:00-18:00 (not before 1 Oct),"Services, registration credentials and a deadline-driven enquiry form. Clients verify a firm online before they call.",38,22,19,10,https://www.google.com/maps/search/?api=1&query=RJ%20Consultancy%20Services%20Mira%20Road
Mira Road-Vasai-Virar,32,A,89,Durgesh Solanki & Associates,Chartered accountant,Professional Services,Station Road Nalasopara,Nalasopara,070217 71799,5,85,Growth,"₹45,000",45000,Tue-Thu 11:00-13:00 / 16:00-18:00 (not before 1 Oct),"Services, registration credentials and a deadline-driven enquiry form. Clients verify a firm online before they call.",40,19,20,10,https://www.google.com/maps/search/?api=1&query=Durgesh%20Solanki%20%26%20Associates%20Station%20Road%20Nalasopara
Mira Road-Vasai-Virar,33,A,88,ASCENT CLASSES,Coaching centre,Education & Training,Gaothan Road Virar,Virar,098701 97165,4.9,321,Custom,"₹1,20,000+",120000,Tue-Thu 11:00-13:00 / 15:00-17:00 (before evening batches),"Curriculum, fees, faculty and an admission-enquiry form. Parents shortlist online, then visit.",34,25,19,10,https://www.google.com/maps/search/?api=1&query=ASCENT%20CLASSES%20Gaothan%20Road%20Virar
Mira Road-Vasai-Virar,34,A,88,Ganesh Coaching Classes,Coaching centre,Education & Training,Vasai,Vasai,072763 88828,4.9,314,Custom,"₹1,20,000+",120000,Tue-Thu 11:00-13:00 / 15:00-17:00 (before evening batches),"Curriculum, fees, faculty and an admission-enquiry form. Parents shortlist online, then visit.",34,25,19,10,https://www.google.com/maps/search/?api=1&query=Ganesh%20Coaching%20Classes%20Vasai
Mira Road-Vasai-Virar,35,A,88,Perfect 4U Property Solutions,Real estate consultant,Retail & Services,Virar,Virar,086682 29606,4.9,217,Growth,"₹45,000",45000,Tue-Thu 11:00-16:00,"Services, coverage area and a callback form so enquiries stop dying in missed calls.",36,23,19,10,https://www.google.com/maps/search/?api=1&query=Perfect%204U%20Property%20Solutions%20Virar
Mira Road-Vasai-Virar,36,A,88,Seagull Properties,Real estate agency,Retail & Services,Bhayandar,Mira Road / Bhayandar,091460 01102,4.9,192,Growth,"₹45,000",45000,Tue-Thu 11:00-16:00,"Services, coverage area and a callback form so enquiries stop dying in missed calls.",36,23,19,10,https://www.google.com/maps/search/?api=1&query=Seagull%20Properties%20Bhayandar
Mira Road-Vasai-Virar,37,A,88,Events & Entertainment,Event management company,Food & Events,Vasai,Vasai,095294 99278,4.9,148,Growth,"₹45,000",45000,Tue-Thu 11:00-16:00,Menu and package pages plus a date-availability enquiry form. Enquiries die in WhatsApp with no record today.,38,22,19,10,https://www.google.com/maps/search/?api=1&query=Events%20%26%20Entertainment%20Vasai
Mira Road-Vasai-Virar,38,A,88,CA S. P. MISHRA & ASSOCIATES CHARTERED ACCOUNTANTS,Certified public accountant,Professional Services,Nalasopara East,Nalasopara,098922 35496,4.9,88,Growth,"₹45,000",45000,Tue-Thu 11:00-13:00 / 16:00-18:00 (not before 1 Oct),"Services, registration credentials and a deadline-driven enquiry form. Clients verify a firm online before they call.",40,19,19,10,https://www.google.com/maps/search/?api=1&query=CA%20S.%20P.%20MISHRA%20%26%20ASSOCIATES%20CHARTERED%20ACCOUNTANTS%20Nalasopara%20East
Mira Road-Vasai-Virar,39,A,88,SOHIL ROZANI & ASSOCIATES CHARTERED ACCOUNTANTS,Chartered accountant,Professional Services,Vasai West,Vasai,096072 66682,5,68,Growth,"₹45,000",45000,Tue-Thu 11:00-13:00 / 16:00-18:00 (not before 1 Oct),"Services, registration credentials and a deadline-driven enquiry form. Clients verify a firm online before they call.",40,18,20,10,https://www.google.com/maps/search/?api=1&query=SOHIL%20ROZANI%20%26%20ASSOCIATES%20CHARTERED%20ACCOUNTANTS%20Vasai%20West
Mira Road-Vasai-Virar,40,A,87,NIDAN EXCELLENCE DIAGNOSTIC CENTRE - GRP HEALTHCARE,Diagnostic centre,Health & Wellness,MTNL Road Mira Road,Mira Road / Bhayandar,089767 27214,4.3,1524,Custom,"₹1,20,000+",120000,Tue-Thu 11:00-13:00 / 15:00-17:00 (after morning collection rush),"Practitioner credentials, treatments and online booking. Patients search the area before they phone.",36,30,11,10,https://www.google.com/maps/search/?api=1&query=NIDAN%20EXCELLENCE%20DIAGNOSTIC%20CENTRE%20-%20GRP%20HEALTHCARE%20MTNL%20Road%20Mira%20Road
Mira Road-Vasai-Virar,41,A,87,Madhu's Homemade tiffin n catering services,Caterer,Food & Events,Mira Road East,Mira Road / Bhayandar,090293 48339,4.8,409,Custom,"₹1,20,000+",120000,Tue-Thu 11:00-16:00,Menu and package pages plus a date-availability enquiry form. Enquiries die in WhatsApp with no record today.,34,26,17,10,https://www.google.com/maps/search/?api=1&query=Madhu%27s%20Homemade%20tiffin%20n%20catering%20services%20Mira%20Road%20East
Mira Road-Vasai-Virar,42,A,87,VISION ACADEMY,Coaching centre,Education & Training,Juchandra Naigaon East,Vasai,080807 09772,4.9,277,Custom,"₹1,20,000+",120000,Tue-Thu 11:00-13:00 / 15:00-17:00 (before evening batches),"Curriculum, fees, faculty and an admission-enquiry form. Parents shortlist online, then visit.",34,24,19,10,https://www.google.com/maps/search/?api=1&query=VISION%20ACADEMY%20Juchandra%20Naigaon%20East
Mira Road-Vasai-Virar,43,A,87,DYNAMIC COACHING CLASSES,Coaching centre,Education & Training,Gaothan Road Virar,Virar,081492 04999,4.9,276,Custom,"₹1,20,000+",120000,Tue-Thu 11:00-13:00 / 15:00-17:00 (before evening batches),"Curriculum, fees, faculty and an admission-enquiry form. Parents shortlist online, then visit.",34,24,19,10,https://www.google.com/maps/search/?api=1&query=DYNAMIC%20COACHING%20CLASSES%20Gaothan%20Road%20Virar
Mira Road-Vasai-Virar,44,A,87,Kumawat Classes,Coaching centre,Education & Training,BP Road Bhayandar,Mira Road / Bhayandar,098213 07631,4.9,261,Custom,"₹1,20,000+",120000,Tue-Thu 11:00-13:00 / 15:00-17:00 (before evening batches),"Curriculum, fees, faculty and an admission-enquiry form. Parents shortlist online, then visit.",34,24,19,10,https://www.google.com/maps/search/?api=1&query=Kumawat%20Classes%20BP%20Road%20Bhayandar
Mira Road-Vasai-Virar,45,A,87,NAYAK'S ACADEMY,Coaching centre,Education & Training,Vasai,Vasai,089997 01766,4.9,249,Growth,"₹45,000",45000,Tue-Thu 11:00-13:00 / 15:00-17:00 (before evening batches),"Curriculum, fees, faculty and an admission-enquiry form. Parents shortlist online, then visit.",34,24,19,10,https://www.google.com/maps/search/?api=1&query=NAYAK%27S%20ACADEMY%20Vasai
Mira Road-Vasai-Virar,46,A,87,Sharda Coaching Centre,Coaching centre,Education & Training,MIDC Road Mira Road,Mira Road / Bhayandar,097691 46922,5,223,Growth,"₹45,000",45000,Tue-Thu 11:00-13:00 / 15:00-17:00 (before evening batches),"Curriculum, fees, faculty and an admission-enquiry form. Parents shortlist online, then visit.",34,23,20,10,https://www.google.com/maps/search/?api=1&query=Sharda%20Coaching%20Centre%20MIDC%20Road%20Mira%20Road
Mira Road-Vasai-Virar,47,A,87,Advance Plus Academy,Coaching centre,Education & Training,Nalasopara,Nalasopara,097667 75566,5,204,Growth,"₹45,000",45000,Tue-Thu 11:00-13:00 / 15:00-17:00 (before evening batches),"Curriculum, fees, faculty and an admission-enquiry form. Parents shortlist online, then visit.",34,23,20,10,https://www.google.com/maps/search/?api=1&query=Advance%20Plus%20Academy%20Nalasopara
Mira Road-Vasai-Virar,48,A,87,"Dr Maaz,s Gurukrupa Physiotherapy Clinic",Physiotherapy centre,Health & Wellness,Virar East,Virar,080807 05038,4.9,166,Growth,"₹45,000",45000,Tue-Thu 11:00-13:00 / 16:00-19:00,"Practitioner credentials, treatments and online booking. Patients search the area before they phone.",36,22,19,10,https://www.google.com/maps/search/?api=1&query=Dr%20Maaz%2Cs%20Gurukrupa%20Physiotherapy%20Clinic%20Virar%20East
Mira Road-Vasai-Virar,49,A,87,Om Sai Real Estate Agency,Real estate agent,Retail & Services,Virar,Virar,084596 36770,4.9,158,Growth,"₹45,000",45000,Tue-Thu 11:00-16:00,"Services, coverage area and a callback form so enquiries stop dying in missed calls.",36,22,19,10,https://www.google.com/maps/search/?api=1&query=Om%20Sai%20Real%20Estate%20Agency%20Virar
Mira Road-Vasai-Virar,50,A,87,J K Maru Real Estate & Financial Consultancy,Real estate agency,Retail & Services,Vasai,Vasai,090969 83388,4.9,152,Growth,"₹45,000",45000,Tue-Thu 11:00-16:00,"Services, coverage area and a callback form so enquiries stop dying in missed calls.",36,22,19,10,https://www.google.com/maps/search/?api=1&query=J%20K%20Maru%20Real%20Estate%20%26%20Financial%20Consultancy%20Vasai
Mira Road-Vasai-Virar,51,A,87,Delta Interior,Interior designer,Home & Interiors,MIDC Road Mira Road,Mira Road / Bhayandar,080880 08000,5,44,Growth,"₹45,000",45000,Tue-Thu 11:00-13:00 / 15:00-18:00,"A project gallery with before/after by room type, plus a budget-range enquiry form. Buyers judge on photos first.",40,17,20,10,https://www.google.com/maps/search/?api=1&query=Delta%20Interior%20MIDC%20Road%20Mira%20Road
Mira Road-Vasai-Virar,52,A,86,NP COACHING CLASSES,Coaching centre,Education & Training,Viva College Road Virar,Virar,093226 16120,4.7,372,Custom,"₹1,20,000+",120000,Tue-Thu 11:00-13:00 / 15:00-17:00 (before evening batches),"Curriculum, fees, faculty and an admission-enquiry form. Parents shortlist online, then visit.",34,26,16,10,https://www.google.com/maps/search/?api=1&query=NP%20COACHING%20CLASSES%20Viva%20College%20Road%20Virar
Mira Road-Vasai-Virar,53,A,86,RV Suruchi,Catering food and drink supplier,Food & Events,Vasai,Vasai,098507 03931,4.9,239,Growth,"₹45,000",45000,Tue-Thu 11:00-16:00,Menu and package pages plus a date-availability enquiry form. Enquiries die in WhatsApp with no record today.,34,24,19,10,https://www.google.com/maps/search/?api=1&query=RV%20Suruchi%20Vasai
Mira Road-Vasai-Virar,54,A,86,Yogesh Motor Driving School,Driving school,Education & Training,Panju Vasai,Vasai,098928 58975,5,170,Growth,"₹45,000",45000,Tue-Thu 11:00-13:00 / 15:00-17:00 (between batches),"Curriculum, fees, faculty and an admission-enquiry form. Parents shortlist online, then visit.",34,22,20,10,https://www.google.com/maps/search/?api=1&query=Yogesh%20Motor%20Driving%20School%20Panju%20Vasai
Mira Road-Vasai-Virar,55,A,86,BONE N JOINT PHYSIOTHERAPY,Physiotherapy centre,Health & Wellness,Global City Virar,Virar,084467 09236,4.9,148,Growth,"₹45,000",45000,Tue-Thu 11:00-13:00 / 16:00-19:00,"Practitioner credentials, treatments and online booking. Patients search the area before they phone.",36,22,19,10,https://www.google.com/maps/search/?api=1&query=BONE%20N%20JOINT%20PHYSIOTHERAPY%20Global%20City%20Virar
Mira Road-Vasai-Virar,56,A,86,Dr.Divya's physiotherapy centre,Physiotherapy centre,Health & Wellness,Ambadi Road Vasai,Vasai,099212 09151,4.9,135,Growth,"₹45,000",45000,Tue-Thu 11:00-13:00 / 16:00-19:00,"Practitioner credentials, treatments and online booking. Patients search the area before they phone.",36,21,19,10,https://www.google.com/maps/search/?api=1&query=Dr.Divya%27s%20physiotherapy%20centre%20Ambadi%20Road%20Vasai
Mira Road-Vasai-Virar,57,A,86,Bone n joint physiotherapy Advance in neuro Rehabilitation,Physiotherapy centre,Health & Wellness,Bolinj Virar West,Virar,084467 09236,4.9,132,Growth,"₹45,000",45000,Tue-Thu 11:00-13:00 / 16:00-19:00,"Practitioner credentials, treatments and online booking. Patients search the area before they phone.",36,21,19,10,https://www.google.com/maps/search/?api=1&query=Bone%20n%20joint%20physiotherapy%20Advance%20in%20neuro%20Rehabilitation%20Bolinj%20Virar%20West
Mira Road-Vasai-Virar,58,A,86,Shri Nakoda Decorator and Caterer,Event management company,Food & Events,Ramdev Park Mira Road,Mira Road / Bhayandar,089765 55272,4.8,114,Growth,"₹45,000",45000,Tue-Thu 11:00-16:00,Menu and package pages plus a date-availability enquiry form. Enquiries die in WhatsApp with no record today.,38,21,17,10,https://www.google.com/maps/search/?api=1&query=Shri%20Nakoda%20Decorator%20and%20Caterer%20Ramdev%20Park%20Mira%20Road
Mira Road-Vasai-Virar,59,A,86,fairyland play school,Preschool,Education & Training,Tulinj Road Nalasopara,Nalasopara,080073 17571,5,108,Growth,"₹45,000",45000,Tue-Thu 11:00-13:00 (before pickup),"Curriculum, fees, faculty and an admission-enquiry form. Parents shortlist online, then visit.",36,20,20,10,https://www.google.com/maps/search/?api=1&query=fairyland%20play%20school%20Tulinj%20Road%20Nalasopara
Mira Road-Vasai-Virar,60,A,86,Joshi Estate Agency,Real estate agent,Retail & Services,Viva College Road Virar,Virar,099608 25675,5,98,Growth,"₹45,000",45000,Tue-Thu 11:00-16:00,"Services, coverage area and a callback form so enquiries stop dying in missed calls.",36,20,20,10,https://www.google.com/maps/search/?api=1&query=Joshi%20Estate%20Agency%20Viva%20College%20Road%20Virar
Mira Road-Vasai-Virar,61,A,86,USK EVENTS (Udaan Sapno Ki),Event management company,Food & Events,Stella Road Vasai,Vasai,099600 70918,4.9,82,Growth,"₹45,000",45000,Tue-Thu 11:00-16:00,Menu and package pages plus a date-availability enquiry form. Enquiries die in WhatsApp with no record today.,38,19,19,10,https://www.google.com/maps/search/?api=1&query=USK%20EVENTS%20%28Udaan%20Sapno%20Ki%29%20Stella%20Road%20Vasai
Mira Road-Vasai-Virar,62,A,86,Events Addict,Event management company,Food & Events,Mira Road,Mira Road / Bhayandar,099306 26978,4.9,80,Growth,"₹45,000",45000,Tue-Thu 11:00-16:00,Menu and package pages plus a date-availability enquiry form. Enquiries die in WhatsApp with no record today.,38,19,19,10,https://www.google.com/maps/search/?api=1&query=Events%20Addict%20Mira%20Road
Mira Road-Vasai-Virar,63,A,85,VP Academy (CA Coaching),Coaching centre,Education & Training,Jesal Park Bhayandar,Mira Road / Bhayandar,090295 84074,4.8,252,Custom,"₹1,20,000+",120000,Tue-Thu 11:00-13:00 / 15:00-17:00 (before evening batches),"Curriculum, fees, faculty and an admission-enquiry form. Parents shortlist online, then visit.",34,24,17,10,https://www.google.com/maps/search/?api=1&query=VP%20Academy%20%28CA%20Coaching%29%20Jesal%20Park%20Bhayandar
Mira Road-Vasai-Virar,64,A,85,Brilliant Tutorials,Coaching centre,Education & Training,Poonam Gardens Mira Road East,Mira Road / Bhayandar,080974 67746,4.8,227,Growth,"₹45,000",45000,Tue-Thu 11:00-13:00 / 15:00-17:00 (before evening batches),"Curriculum, fees, faculty and an admission-enquiry form. Parents shortlist online, then visit.",34,24,17,10,https://www.google.com/maps/search/?api=1&query=Brilliant%20Tutorials%20Poonam%20Gardens%20Mira%20Road%20East
Mira Road-Vasai-Virar,65,A,85,Blancy Motor Training School,Driving school,Education & Training,Kiravli Vasai,Vasai,097021 57315,4.9,163,Growth,"₹45,000",45000,Tue-Thu 11:00-13:00 / 15:00-17:00 (between batches),"Curriculum, fees, faculty and an admission-enquiry form. Parents shortlist online, then visit.",34,22,19,10,https://www.google.com/maps/search/?api=1&query=Blancy%20Motor%20Training%20School%20Kiravli%20Vasai
Mira Road-Vasai-Virar,66,A,85,Milton decorates and Caterers,Caterer,Food & Events,Kaularwadi Vasai,Vasai,099232 90817,4.9,162,Growth,"₹45,000",45000,Tue-Thu 11:00-16:00,Menu and package pages plus a date-availability enquiry form. Enquiries die in WhatsApp with no record today.,34,22,19,10,https://www.google.com/maps/search/?api=1&query=Milton%20decorates%20and%20Caterers%20Kaularwadi%20Vasai
Mira Road-Vasai-Virar,67,A,85,Annapurna Caterers By Rajeshree Patil,Catering food and drink supplier,Food & Events,Vasai,Vasai,073910 17359,5,124,Growth,"₹45,000",45000,Tue-Thu 11:00-16:00,Menu and package pages plus a date-availability enquiry form. Enquiries die in WhatsApp with no record today.,34,21,20,10,https://www.google.com/maps/search/?api=1&query=Annapurna%20Caterers%20By%20Rajeshree%20Patil%20Vasai
Mira Road-Vasai-Virar,68,A,85,Cambridge Montessori Preschool Virar West,Preschool,Education & Training,Global City Virar West,Virar,072495 32811,4.9,110,Growth,"₹45,000",45000,Tue-Thu 11:00-13:00 (before pickup),"Curriculum, fees, faculty and an admission-enquiry form. Parents shortlist online, then visit.",36,20,19,10,https://www.google.com/maps/search/?api=1&query=Cambridge%20Montessori%20Preschool%20Virar%20West%20Global%20City%20Virar%20West
Mira Road-Vasai-Virar,69,A,85,The Tree House Preschool Smart One's Academy,Preschool,Education & Training,Vinay Unique Virar,Virar,097641 98110,4.9,110,Growth,"₹45,000",45000,Tue-Thu 11:00-13:00 (before pickup),"Curriculum, fees, faculty and an admission-enquiry form. Parents shortlist online, then visit.",36,20,19,10,https://www.google.com/maps/search/?api=1&query=The%20Tree%20House%20Preschool%20Smart%20One%27s%20Academy%20Vinay%20Unique%20Virar
Mira Road-Vasai-Virar,70,A,85,Bhagyashree Properties,Real estate agent,Retail & Services,Bhayandar,Mira Road / Bhayandar,088283 85318,4.9,110,Growth,"₹45,000",45000,Tue-Thu 11:00-16:00,"Services, coverage area and a callback form so enquiries stop dying in missed calls.",36,20,19,10,https://www.google.com/maps/search/?api=1&query=Bhagyashree%20Properties%20Bhayandar
Mira Road-Vasai-Virar,71,A,85,Kaavish Properties,Real estate consultant,Retail & Services,Nalasopara-Vasai Link Road,Vasai,091675 14807,4.9,103,Growth,"₹45,000",45000,Tue-Thu 11:00-16:00,"Services, coverage area and a callback form so enquiries stop dying in missed calls.",36,20,19,10,https://www.google.com/maps/search/?api=1&query=Kaavish%20Properties%20Nalasopara-Vasai%20Link%20Road
Mira Road-Vasai-Virar,72,A,85,Dream physiotherapy clinic,Physiotherapy centre,Health & Wellness,Vasai,Vasai,099705 54045,5,79,Growth,"₹45,000",45000,Tue-Thu 11:00-13:00 / 16:00-19:00,"Practitioner credentials, treatments and online booking. Patients search the area before they phone.",36,19,20,10,https://www.google.com/maps/search/?api=1&query=Dream%20physiotherapy%20clinic%20Vasai
Mira Road-Vasai-Virar,73,A,85,Magicmania Events & Entertainments,Event management company,Food & Events,Yashwant Vihar Virar,Virar,077748 07898,4.9,69,Growth,"₹45,000",45000,Tue-Thu 11:00-16:00,Menu and package pages plus a date-availability enquiry form. Enquiries die in WhatsApp with no record today.,38,18,19,10,https://www.google.com/maps/search/?api=1&query=Magicmania%20Events%20%26%20Entertainments%20Yashwant%20Vihar%20Virar
Mira Road-Vasai-Virar,74,A,85,InstaTax CA,Chartered accountant,Professional Services,Bhayandar,Mira Road / Bhayandar,073042 89404,4.9,47,Growth,"₹45,000",45000,Tue-Thu 11:00-13:00 / 16:00-18:00 (not before 1 Oct),"Services, registration credentials and a deadline-driven enquiry form. Clients verify a firm online before they call.",40,17,19,10,https://www.google.com/maps/search/?api=1&query=InstaTax%20CA%20Bhayandar
Mira Road-Vasai-Virar,75,A,85,GVM MANAGEMENT CONSULTANCY LLP,Certified public accountant,Professional Services,Yashwant Viva Nalasopara,Nalasopara,089567 04144,4.9,46,Growth,"₹45,000",45000,Tue-Thu 11:00-13:00 / 16:00-18:00 (not before 1 Oct),"Services, registration credentials and a deadline-driven enquiry form. Clients verify a firm online before they call.",40,17,19,10,https://www.google.com/maps/search/?api=1&query=GVM%20MANAGEMENT%20CONSULTANCY%20LLP%20Yashwant%20Viva%20Nalasopara
Mira Road-Vasai-Virar,76,B,84,Moreshwar Enterprises,Travel agency,Retail & Services,90 Feet Road Nalasopara,Nalasopara,0250 200 0000,4.9,230,Growth,"₹45,000",45000,Tue-Thu 11:00-16:00,"Services, coverage area and a callback form so enquiries stop dying in missed calls.",32,24,19,10,https://www.google.com/maps/search/?api=1&query=Moreshwar%20Enterprises%2090%20Feet%20Road%20Nalasopara
Mira Road-Vasai-Virar,77,B,84,Kiran Motor Training School,Driving school,Education & Training,Mira Bhayandar Link Road,Mira Road / Bhayandar,093225 31101,4.7,228,Growth,"₹45,000",45000,Tue-Thu 11:00-13:00 / 15:00-17:00 (between batches),"Curriculum, fees, faculty and an admission-enquiry form. Parents shortlist online, then visit.",34,24,16,10,https://www.google.com/maps/search/?api=1&query=Kiran%20Motor%20Training%20School%20Mira%20Bhayandar%20Link%20Road
Mira Road-Vasai-Virar,78,B,84,MyYatra,Travel agency,Retail & Services,Yashwant Smart City Vasai East,Vasai,079770 67047,4.9,226,Growth,"₹45,000",45000,Tue-Thu 11:00-16:00,"Services, coverage area and a callback form so enquiries stop dying in missed calls.",32,24,19,10,https://www.google.com/maps/search/?api=1&query=MyYatra%20Yashwant%20Smart%20City%20Vasai%20East
Mira Road-Vasai-Virar,79,B,84,SURAKSHA TOUR AND TRAVEL,Travel agency,Retail & Services,Gala Nagar Nalasopara,Nalasopara,091685 49822,4.9,201,Growth,"₹45,000",45000,Tue-Thu 11:00-16:00,"Services, coverage area and a callback form so enquiries stop dying in missed calls.",32,23,19,10,https://www.google.com/maps/search/?api=1&query=SURAKSHA%20TOUR%20AND%20TRAVEL%20Gala%20Nagar%20Nalasopara
Mira Road-Vasai-Virar,80,B,84,IMAGE DIAGNOSTICS AND HEALTHCARE SERVICES,Diagnostic centre,Health & Wellness,Nalasopara-Vasai Link Road,Vasai,077588 86595,4.6,195,Growth,"₹45,000",45000,Tue-Thu 11:00-13:00 / 15:00-17:00 (after morning collection rush),"Practitioner credentials, treatments and online booking. Patients search the area before they phone.",36,23,15,10,https://www.google.com/maps/search/?api=1&query=IMAGE%20DIAGNOSTICS%20AND%20HEALTHCARE%20SERVICES%20Nalasopara-Vasai%20Link%20Road
Mira Road-Vasai-Virar,81,B,84,BALAJI COMMERCE CLASSES,Coaching centre,Education & Training,Mira Road,Mira Road / Bhayandar,074002 00333,4.8,181,Growth,"₹45,000",45000,Tue-Thu 11:00-13:00 / 15:00-17:00 (before evening batches),"Curriculum, fees, faculty and an admission-enquiry form. Parents shortlist online, then visit.",34,23,17,10,https://www.google.com/maps/search/?api=1&query=BALAJI%20COMMERCE%20CLASSES%20Mira%20Road
Mira Road-Vasai-Virar,82,B,84,Suvidhaa pest control,Pest control service,Retail & Services,Kanakia Road Mira Road,Mira Road / Bhayandar,088983 39837,5,148,Growth,"₹45,000",45000,Tue-Thu 11:00-16:00,"Services, coverage area and a callback form so enquiries stop dying in missed calls.",32,22,20,10,https://www.google.com/maps/search/?api=1&query=Suvidhaa%20pest%20control%20Kanakia%20Road%20Mira%20Road
Mira Road-Vasai-Virar,83,B,84,VINAYAK SCIENCE ACADEMY,Coaching centre,Education & Training,Station Road Nalasopara,Nalasopara,097739 37032,4.9,142,Growth,"₹45,000",45000,Tue-Thu 11:00-13:00 / 15:00-17:00 (before evening batches),"Curriculum, fees, faculty and an admission-enquiry form. Parents shortlist online, then visit.",34,22,19,10,https://www.google.com/maps/search/?api=1&query=VINAYAK%20SCIENCE%20ACADEMY%20Station%20Road%20Nalasopara
Mira Road-Vasai-Virar,84,B,84,Sahu Motor Training School,Driving school,Education & Training,Hawai Pada Nalasopara East,Nalasopara,070282 41177,4.9,137,Growth,"₹45,000",45000,Tue-Thu 11:00-13:00 / 15:00-17:00 (between batches),"Curriculum, fees, faculty and an admission-enquiry form. Parents shortlist online, then visit.",34,21,19,10,https://www.google.com/maps/search/?api=1&query=Sahu%20Motor%20Training%20School%20Hawai%20Pada%20Nalasopara%20East
Mira Road-Vasai-Virar,85,B,84,SHREE DENTAL CLINIC,Dental clinic,Health & Wellness,Yashwant Gaurav Nalasopara,Nalasopara,086686 45583,4.8,128,Growth,"₹45,000",45000,Tue-Thu 11:00-13:00 / 16:00-19:00,"Practitioner credentials, treatments and online booking. Patients search the area before they phone.",36,21,17,10,https://www.google.com/maps/search/?api=1&query=SHREE%20DENTAL%20CLINIC%20Yashwant%20Gaurav%20Nalasopara
Mira Road-Vasai-Virar,86,B,84,Dentocare dental clinic Dr. Manish,Dental clinic,Health & Wellness,Ambadi Road Vasai,Vasai,095619 19808,4.8,128,Growth,"₹45,000",45000,Tue-Thu 11:00-13:00 / 16:00-19:00,"Practitioner credentials, treatments and online booking. Patients search the area before they phone.",36,21,17,10,https://www.google.com/maps/search/?api=1&query=Dentocare%20dental%20clinic%20Dr.%20Manish%20Ambadi%20Road%20Vasai
Mira Road-Vasai-Virar,87,B,84,Premier Coaching Classes,Coaching centre,Education & Training,Pavitradham Vasai East,Vasai,086918 85917,4.9,128,Growth,"₹45,000",45000,Tue-Thu 11:00-13:00 / 15:00-17:00 (before evening batches),"Curriculum, fees, faculty and an admission-enquiry form. Parents shortlist online, then visit.",34,21,19,10,https://www.google.com/maps/search/?api=1&query=Premier%20Coaching%20Classes%20Pavitradham%20Vasai%20East
Mira Road-Vasai-Virar,88,B,84,Arihant Tutorials,Coaching centre,Education & Training,90 Feet Road Bhayandar,Mira Road / Bhayandar,086919 88444,4.9,122,Growth,"₹45,000",45000,Tue-Thu 11:00-13:00 / 15:00-17:00 (before evening batches),"Curriculum, fees, faculty and an admission-enquiry form. Parents shortlist online, then visit.",34,21,19,10,https://www.google.com/maps/search/?api=1&query=Arihant%20Tutorials%2090%20Feet%20Road%20Bhayandar
Mira Road-Vasai-Virar,89,B,84,Shivanshi. Classes,Coaching centre,Education & Training,Bhau Nagar Virar,Virar,080871 90276,5,110,Growth,"₹45,000",45000,Tue-Thu 11:00-13:00 / 15:00-17:00 (before evening batches),"Curriculum, fees, faculty and an admission-enquiry form. Parents shortlist online, then visit.",34,20,20,10,https://www.google.com/maps/search/?api=1&query=Shivanshi.%20Classes%20Bhau%20Nagar%20Virar
Mira Road-Vasai-Virar,90,B,84,Dr. Anuja's Advanced Physiotherapy Clinic,Physiotherapy centre,Health & Wellness,Virar,Virar,099755 59145,4.9,79,Growth,"₹45,000",45000,Tue-Thu 11:00-13:00 / 16:00-19:00,"Practitioner credentials, treatments and online booking. Patients search the area before they phone.",36,19,19,10,https://www.google.com/maps/search/?api=1&query=Dr.%20Anuja%27s%20Advanced%20Physiotherapy%20Clinic%20Virar
Mira Road-Vasai-Virar,91,B,84,ARK EVENT & PARTY PLANNER,Event management company,Food & Events,Yashwant Gaurav Nalasopara,Nalasopara,092258 07866,4.8,66,Growth,"₹45,000",45000,Tue-Thu 11:00-16:00,Menu and package pages plus a date-availability enquiry form. Enquiries die in WhatsApp with no record today.,38,18,17,10,https://www.google.com/maps/search/?api=1&query=ARK%20EVENT%20%26%20PARTY%20PLANNER%20Yashwant%20Gaurav%20Nalasopara
Mira Road-Vasai-Virar,92,B,84,Tender care clinic - Physiotherapist in Mira Road,Physiotherapy centre,Health & Wellness,Gokul Village Mira Road,Mira Road / Bhayandar,084249 49777,5,61,Growth,"₹45,000",45000,Tue-Thu 11:00-13:00 / 16:00-19:00,"Practitioner credentials, treatments and online booking. Patients search the area before they phone.",36,18,20,10,https://www.google.com/maps/search/?api=1&query=Tender%20care%20clinic%20-%20Physiotherapist%20in%20Mira%20Road%20Gokul%20Village%20Mira%20Road
Mira Road-Vasai-Virar,93,B,84,Saroj Dental Nalasopara,Dental clinic,Health & Wellness,Gala Nagar Nalasopara,Nalasopara,099605 99869,5,56,Growth,"₹45,000",45000,Tue-Thu 11:00-13:00 / 16:00-19:00,"Practitioner credentials, treatments and online booking. Patients search the area before they phone.",36,18,20,10,https://www.google.com/maps/search/?api=1&query=Saroj%20Dental%20Nalasopara%20Gala%20Nagar%20Nalasopara
Mira Road-Vasai-Virar,94,B,84,Pranay Pandya & Associates,Chartered accountant,Professional Services,Nalasopara,Nalasopara,099755 99829,4.9,32,Growth,"₹45,000",45000,Tue-Thu 11:00-13:00 / 16:00-18:00 (not before 1 Oct),"Services, registration credentials and a deadline-driven enquiry form. Clients verify a firm online before they call.",40,15,19,10,https://www.google.com/maps/search/?api=1&query=Pranay%20Pandya%20%26%20Associates%20Nalasopara
Mira Road-Vasai-Virar,95,B,84,CA Navneet A Upadhyay & Associates,Chartered accountant,Professional Services,Cinemax Road Mira Road,Mira Road / Bhayandar,086558 23122,5,26,Growth,"₹45,000",45000,Tue-Thu 11:00-13:00 / 16:00-18:00 (not before 1 Oct),"Services, registration credentials and a deadline-driven enquiry form. Clients verify a firm online before they call.",40,14,20,10,https://www.google.com/maps/search/?api=1&query=CA%20Navneet%20A%20Upadhyay%20%26%20Associates%20Cinemax%20Road%20Mira%20Road
Mira Road-Vasai-Virar,96,B,84,Pirani & Associates Chartered Accountants,Chartered accountant,Professional Services,Sainagar Vasai,Vasai,072498 84441,5,25,Growth,"₹45,000",45000,Tue-Thu 11:00-13:00 / 16:00-18:00 (not before 1 Oct),"Services, registration credentials and a deadline-driven enquiry form. Clients verify a firm online before they call.",40,14,20,10,https://www.google.com/maps/search/?api=1&query=Pirani%20%26%20Associates%20Chartered%20Accountants%20Sainagar%20Vasai
Mira Road-Vasai-Virar,97,B,84,CA Hans P. Jain & Company (Chartered Accountants),Chartered accountant,Professional Services,Navghar Road Bhayandar,Mira Road / Bhayandar,090296 85460,5,23,Growth,"₹45,000",45000,Tue-Thu 11:00-13:00 / 16:00-18:00 (not before 1 Oct),"Services, registration credentials and a deadline-driven enquiry form. Clients verify a firm online before they call.",40,14,20,10,https://www.google.com/maps/search/?api=1&query=CA%20Hans%20P.%20Jain%20%26%20Company%20%28Chartered%20Accountants%29%20Navghar%20Road%20Bhayandar
Mira Road-Vasai-Virar,98,B,83,Sai Jyot Pest Control Service Nalasopara,Pest control service,Retail & Services,Station Road Nalasopara,Nalasopara,090296 66125,4.6,435,Growth,"₹45,000",45000,Tue-Thu 11:00-16:00,"Services, coverage area and a callback form so enquiries stop dying in missed calls.",32,26,15,10,https://www.google.com/maps/search/?api=1&query=Sai%20Jyot%20Pest%20Control%20Service%20Nalasopara%20Station%20Road%20Nalasopara
Mira Road-Vasai-Virar,99,B,83,A P Diagnostic and Health Care Centre,Diagnostic centre,Health & Wellness,Patel Plaza Mira Road,Mira Road / Bhayandar,093216 34881,4.5,213,Growth,"₹45,000",45000,Tue-Thu 11:00-13:00 / 15:00-17:00 (after morning collection rush),"Practitioner credentials, treatments and online booking. Patients search the area before they phone.",36,23,13,10,https://www.google.com/maps/search/?api=1&query=A%20P%20Diagnostic%20and%20Health%20Care%20Centre%20Patel%20Plaza%20Mira%20Road
Mira Road-Vasai-Virar,100,B,83,Dhara Driving School,Driving school,Education & Training,Vasai,Vasai,093228 17053,4.7,190,Growth,"₹45,000",45000,Tue-Thu 11:00-13:00 / 15:00-17:00 (between batches),"Curriculum, fees, faculty and an admission-enquiry form. Parents shortlist online, then visit.",34,23,16,10,https://www.google.com/maps/search/?api=1&query=Dhara%20Driving%20School%20Vasai
Mira Road-Vasai-Virar,101,B,83,Evershine Motor Training School,Driving school,Education & Training,Vasai,Vasai,093255 06171,4.8,145,Growth,"₹45,000",45000,Tue-Thu 11:00-13:00 / 15:00-17:00 (between batches),"Curriculum, fees, faculty and an admission-enquiry form. Parents shortlist online, then visit.",34,22,17,10,https://www.google.com/maps/search/?api=1&query=Evershine%20Motor%20Training%20School%20Vasai
Mira Road-Vasai-Virar,102,B,83,Sai Mintu Motor Training School,Driving school,Education & Training,Kanakia Road Mira Road,Mira Road / Bhayandar,089761 05632,4.8,136,Growth,"₹45,000",45000,Tue-Thu 11:00-13:00 / 15:00-17:00 (between batches),"Curriculum, fees, faculty and an admission-enquiry form. Parents shortlist online, then visit.",34,21,17,10,https://www.google.com/maps/search/?api=1&query=Sai%20Mintu%20Motor%20Training%20School%20Kanakia%20Road%20Mira%20Road
Mira Road-Vasai-Virar,103,B,83,Omkar tour & travels,Travel agency,Retail & Services,Vasai,Vasai,081696 70132,5,133,Growth,"₹45,000",45000,Tue-Thu 11:00-16:00,"Services, coverage area and a callback form so enquiries stop dying in missed calls.",32,21,20,10,https://www.google.com/maps/search/?api=1&query=Omkar%20tour%20%26%20travels%20Vasai
Mira Road-Vasai-Virar,104,B,83,Gurukul Premium Academy,Coaching centre,Education & Training,Raut Arcade Virar,Virar,077700 44299,4.9,108,Growth,"₹45,000",45000,Tue-Thu 11:00-13:00 / 15:00-17:00 (before evening batches),"Curriculum, fees, faculty and an admission-enquiry form. Parents shortlist online, then visit.",34,20,19,10,https://www.google.com/maps/search/?api=1&query=Gurukul%20Premium%20Academy%20Raut%20Arcade%20Virar
Mira Road-Vasai-Virar,105,B,83,JAI SHREE LAXMINARAYAN,Caterer,Food & Events,Virar East,Virar,093223 74480,4.9,105,Growth,"₹45,000",45000,Tue-Thu 11:00-16:00,Menu and package pages plus a date-availability enquiry form. Enquiries die in WhatsApp with no record today.,34,20,19,10,https://www.google.com/maps/search/?api=1&query=JAI%20SHREE%20LAXMINARAYAN%20Virar%20East
Mira Road-Vasai-Virar,106,B,83,BFITNESS PHYSIOTHERAPY CLINIC,Physiotherapy centre,Health & Wellness,Nalasopara West,Nalasopara,086687 40147,4.8,98,Growth,"₹45,000",45000,Tue-Thu 11:00-13:00 / 16:00-19:00,"Practitioner credentials, treatments and online booking. Patients search the area before they phone.",36,20,17,10,https://www.google.com/maps/search/?api=1&query=BFITNESS%20PHYSIOTHERAPY%20CLINIC%20Nalasopara%20West
Mira Road-Vasai-Virar,107,B,83,Sai Classes,Coaching centre,Education & Training,Swaminarayan Road Mira Road,Mira Road / Bhayandar,099306 62911,5,82,Growth,"₹45,000",45000,Tue-Thu 11:00-13:00 / 15:00-17:00 (before evening batches),"Curriculum, fees, faculty and an admission-enquiry form. Parents shortlist online, then visit.",34,19,20,10,https://www.google.com/maps/search/?api=1&query=Sai%20Classes%20Swaminarayan%20Road%20Mira%20Road
Mira Road-Vasai-Virar,108,B,83,Dr Samruddhi's Wellness Clinic,Physiotherapy centre,Health & Wellness,Virar,Virar,088053 49954,4.9,74,Growth,"₹45,000",45000,Tue-Thu 11:00-13:00 / 16:00-19:00,"Practitioner credentials, treatments and online booking. Patients search the area before they phone.",36,19,19,10,https://www.google.com/maps/search/?api=1&query=Dr%20Samruddhi%27s%20Wellness%20Clinic%20Virar
Mira Road-Vasai-Virar,109,B,83,Amrita physiotherapy clinic Dr Vivek singh,Physiotherapy centre,Health & Wellness,Nalasopara East,Nalasopara,077090 40755,4.9,66,Growth,"₹45,000",45000,Tue-Thu 11:00-13:00 / 16:00-19:00,"Practitioner credentials, treatments and online booking. Patients search the area before they phone.",36,18,19,10,https://www.google.com/maps/search/?api=1&query=Amrita%20physiotherapy%20clinic%20Dr%20Vivek%20singh%20Nalasopara%20East
Mira Road-Vasai-Virar,110,B,83,Amit consultancy services,Tax consultant,Professional Services,Ghodbunder Road Mira Road,Mira Road / Bhayandar,086554 72177,4.9,45,Growth,"₹45,000",45000,Tue-Thu 11:00-13:00 / 16:00-18:00 (not before 1 Oct),"Services, registration credentials and a deadline-driven enquiry form. Clients verify a firm online before they call.",38,17,19,10,https://www.google.com/maps/search/?api=1&query=Amit%20consultancy%20services%20Ghodbunder%20Road%20Mira%20Road
Mira Road-Vasai-Virar,111,B,83,KH tax consultancy services,Tax consultant,Professional Services,Mira Road,Mira Road / Bhayandar,099309 33663,4.9,43,Growth,"₹45,000",45000,Tue-Thu 11:00-13:00 / 16:00-18:00 (not before 1 Oct),"Services, registration credentials and a deadline-driven enquiry form. Clients verify a firm online before they call.",38,16,19,10,https://www.google.com/maps/search/?api=1&query=KH%20tax%20consultancy%20services%20Mira%20Road
Mira Road-Vasai-Virar,112,B,83,JAIN P K & ASSOCIATES (CHARTERED ACCOUNTANTS),Certified public accountant,Professional Services,Mira Road East,Mira Road / Bhayandar,076666 94800,4.8,39,Growth,"₹45,000",45000,Tue-Thu 11:00-13:00 / 16:00-18:00 (not before 1 Oct),"Services, registration credentials and a deadline-driven enquiry form. Clients verify a firm online before they call.",40,16,17,10,https://www.google.com/maps/search/?api=1&query=JAIN%20P%20K%20%26%20ASSOCIATES%20%28CHARTERED%20ACCOUNTANTS%29%20Mira%20Road%20East
Mira Road-Vasai-Virar,113,B,83,CA. Jignesh Jain & Associates Chartered Accountants - Residence,Certified public accountant,Professional Services,Yashwant Nagar Virar,Virar,098901 84696,4.9,25,Growth,"₹45,000",45000,Tue-Thu 11:00-13:00 / 16:00-18:00 (not before 1 Oct),"Services, registration credentials and a deadline-driven enquiry form. Clients verify a firm online before they call.",40,14,19,10,https://www.google.com/maps/search/?api=1&query=CA.%20Jignesh%20Jain%20%26%20Associates%20Chartered%20Accountants%20-%20Residence%20Yashwant%20Nagar%20Virar
Mira Road-Vasai-Virar,114,B,82,Umiya Physiotherapy Clinic,Physiotherapy centre,Health & Wellness,Golden Nest Bhayandar,Mira Road / Bhayandar,— none listed,4.9,542,Custom,"₹1,20,000+",120000,Tue-Thu 11:00-13:00 / 16:00-19:00,"Practitioner credentials, treatments and online booking. Patients search the area before they phone.",36,27,19,0,https://www.google.com/maps/search/?api=1&query=Umiya%20Physiotherapy%20Clinic%20Golden%20Nest%20Bhayandar
Mira Road-Vasai-Virar,115,B,82,Aman Motor Training School,Driving school,Education & Training,Shanti Shopping Centre Mira Road,Mira Road / Bhayandar,081047 29173,4.4,398,Custom,"₹1,20,000+",120000,Tue-Thu 11:00-13:00 / 15:00-17:00 (between batches),"Curriculum, fees, faculty and an admission-enquiry form. Parents shortlist online, then visit.",34,26,12,10,https://www.google.com/maps/search/?api=1&query=Aman%20Motor%20Training%20School%20Shanti%20Shopping%20Centre%20Mira%20Road
Mira Road-Vasai-Virar,116,B,82,Lilavati diagnostic centre,Diagnostic centre,Health & Wellness,Station Road Nalasopara,Nalasopara,070584 99544,4.3,305,Custom,"₹1,20,000+",120000,Tue-Thu 11:00-13:00 / 15:00-17:00 (after morning collection rush),"Practitioner credentials, treatments and online booking. Patients search the area before they phone.",36,25,11,10,https://www.google.com/maps/search/?api=1&query=Lilavati%20diagnostic%20centre%20Station%20Road%20Nalasopara
Mira Road-Vasai-Virar,117,B,82,VISION WORLD TRAVEL,Travel agency,Retail & Services,100 Feet Road Vasai,Vasai,099705 28980,4.8,182,Growth,"₹45,000",45000,Tue-Thu 11:00-16:00,"Services, coverage area and a callback form so enquiries stop dying in missed calls.",32,23,17,10,https://www.google.com/maps/search/?api=1&query=VISION%20WORLD%20TRAVEL%20100%20Feet%20Road%20Vasai
Mira Road-Vasai-Virar,118,B,82,Diplomatic Classes - 5TH TO 12TH STD,Coaching centre,Education & Training,Nalasopara-Vasai Link Road,Vasai,089833 30014,4.7,149,Growth,"₹45,000",45000,Tue-Thu 11:00-13:00 / 15:00-17:00 (before evening batches),"Curriculum, fees, faculty and an admission-enquiry form. Parents shortlist online, then visit.",34,22,16,10,https://www.google.com/maps/search/?api=1&query=Diplomatic%20Classes%20-%205TH%20TO%2012TH%20STD%20Nalasopara-Vasai%20Link%20Road
Mira Road-Vasai-Virar,119,B,82,Burhanuddin travels Vasai,Travel agency,Retail & Services,Vasai,Vasai,090045 65253,4.9,144,Growth,"₹45,000",45000,Tue-Thu 11:00-16:00,"Services, coverage area and a callback form so enquiries stop dying in missed calls.",32,22,19,10,https://www.google.com/maps/search/?api=1&query=Burhanuddin%20travels%20Vasai%20Vasai
Mira Road-Vasai-Virar,120,B,82,Sunita Travels,Travel agency,Retail & Services,Mira Road,Mira Road / Bhayandar,090760 22186,4.9,141,Growth,"₹45,000",45000,Tue-Thu 11:00-16:00,"Services, coverage area and a callback form so enquiries stop dying in missed calls.",32,22,19,10,https://www.google.com/maps/search/?api=1&query=Sunita%20Travels%20Mira%20Road
Mira Road-Vasai-Virar,121,B,82,Zeenat Caterers,Caterer,Food & Events,Virar East,Virar,086980 16786,4.8,129,Growth,"₹45,000",45000,Tue-Thu 11:00-16:00,Menu and package pages plus a date-availability enquiry form. Enquiries die in WhatsApp with no record today.,34,21,17,10,https://www.google.com/maps/search/?api=1&query=Zeenat%20Caterers%20Virar%20East
Mira Road-Vasai-Virar,122,B,82,INSPIRE DANCE & FITNESS ACADEMY,Dance school,Education & Training,Mira Road,Mira Road / Bhayandar,076780 91491,4.9,128,Growth,"₹45,000",45000,Tue-Thu 12:00-16:00 (before evening batches),"Curriculum, fees, faculty and an admission-enquiry form. Parents shortlist online, then visit.",32,21,19,10,https://www.google.com/maps/search/?api=1&query=INSPIRE%20DANCE%20%26%20FITNESS%20ACADEMY%20Mira%20Road
Mira Road-Vasai-Virar,123,B,82,Sharada Dental Arcade,Dental clinic,Health & Wellness,Vasai,Vasai,088066 75838,4.6,127,Growth,"₹45,000",45000,Tue-Thu 11:00-13:00 / 16:00-19:00,"Practitioner credentials, treatments and online booking. Patients search the area before they phone.",36,21,15,10,https://www.google.com/maps/search/?api=1&query=Sharada%20Dental%20Arcade%20Vasai
Mira Road-Vasai-Virar,124,B,82,Sadguru Reality,Real estate agency,Retail & Services,Yashwant Viva Vasai,Vasai,099875 79636,4.7,91,Growth,"₹45,000",45000,Tue-Thu 11:00-16:00,"Services, coverage area and a callback form so enquiries stop dying in missed calls.",36,20,16,10,https://www.google.com/maps/search/?api=1&query=Sadguru%20Reality%20Yashwant%20Viva%20Vasai
Mira Road-Vasai-Virar,125,B,82,KHANA KHAZANA CATERS,Caterer,Food & Events,Achole Nalasopara,Nalasopara,098921 55552,4.9,86,Growth,"₹45,000",45000,Tue-Thu 11:00-16:00,Menu and package pages plus a date-availability enquiry form. Enquiries die in WhatsApp with no record today.,34,19,19,10,https://www.google.com/maps/search/?api=1&query=KHANA%20KHAZANA%20CATERS%20Achole%20Nalasopara
Mira Road-Vasai-Virar,126,B,82,VIJAY CLASSES,Coaching centre,Education & Training,Vasai East,Vasai,084468 18026,4.9,80,Growth,"₹45,000",45000,Tue-Thu 11:00-13:00 / 15:00-17:00 (before evening batches),"Curriculum, fees, faculty and an admission-enquiry form. Parents shortlist online, then visit.",34,19,19,10,https://www.google.com/maps/search/?api=1&query=VIJAY%20CLASSES%20Vasai%20East
Mira Road-Vasai-Virar,127,B,82,SRK PHYSIO & PAIN CLINIC Vasant Nagari Branch,Physiotherapy centre,Health & Wellness,Vasant Nagari Vasai,Vasai,088068 90671,4.9,58,Growth,"₹45,000",45000,Tue-Thu 11:00-13:00 / 16:00-19:00,"Practitioner credentials, treatments and online booking. Patients search the area before they phone.",36,18,19,10,https://www.google.com/maps/search/?api=1&query=SRK%20PHYSIO%20%26%20PAIN%20CLINIC%20Vasant%20Nagari%20Branch%20Vasant%20Nagari%20Vasai
Mira Road-Vasai-Virar,128,B,82,Dr Swati Physio Clinic,Physiotherapy centre,Health & Wellness,Agarwal Township Vasai,Vasai,093220 86141,4.9,55,Growth,"₹45,000",45000,Tue-Thu 11:00-13:00 / 16:00-19:00,"Practitioner credentials, treatments and online booking. Patients search the area before they phone.",36,17,19,10,https://www.google.com/maps/search/?api=1&query=Dr%20Swati%20Physio%20Clinic%20Agarwal%20Township%20Vasai
Mira Road-Vasai-Virar,129,B,82,Treehouse Learn & Play Preschool in Virar East,Preschool,Education & Training,Virar East,Virar,098672 34737,4.9,49,Growth,"₹45,000",45000,Tue-Thu 11:00-13:00 (before pickup),"Curriculum, fees, faculty and an admission-enquiry form. Parents shortlist online, then visit.",36,17,19,10,https://www.google.com/maps/search/?api=1&query=Treehouse%20Learn%20%26%20Play%20Preschool%20in%20Virar%20East%20Virar%20East
Mira Road-Vasai-Virar,130,B,82,Rachana Caterer & Decorater,Event planner,Food & Events,Phoolpada Virar,Virar,097630 98329,4.9,34,Growth,"₹45,000",45000,Tue-Thu 11:00-16:00,Menu and package pages plus a date-availability enquiry form. Enquiries die in WhatsApp with no record today.,38,15,19,10,https://www.google.com/maps/search/?api=1&query=Rachana%20Caterer%20%26%20Decorater%20Phoolpada%20Virar
Mira Road-Vasai-Virar,131,B,82,Shubharambh Decorators Rental,Event management company,Food & Events,Nalasopara,Nalasopara,095886 25446,5,27,Growth,"₹45,000",45000,Tue-Thu 11:00-16:00,Menu and package pages plus a date-availability enquiry form. Enquiries die in WhatsApp with no record today.,38,14,20,10,https://www.google.com/maps/search/?api=1&query=Shubharambh%20Decorators%20Rental%20Nalasopara
Mira Road-Vasai-Virar,132,B,82,Party Rocks Events,Event management company,Food & Events,Mira Road,Mira Road / Bhayandar,097685 08310,5,23,Growth,"₹45,000",45000,Tue-Thu 11:00-16:00,Menu and package pages plus a date-availability enquiry form. Enquiries die in WhatsApp with no record today.,38,14,20,10,https://www.google.com/maps/search/?api=1&query=Party%20Rocks%20Events%20Mira%20Road
Mira Road-Vasai-Virar,133,B,81,KinderVille International Kindergarten,Education center,Education & Training,Global City Virar,Virar,090296 83204,4.8,102,Growth,"₹45,000",45000,Tue-Thu 11:00-13:00 / 15:00-17:00 (before evening batches),"Curriculum, fees, faculty and an admission-enquiry form. Parents shortlist online, then visit.",34,20,17,10,https://www.google.com/maps/search/?api=1&query=KinderVille%20International%20Kindergarten%20Global%20City%20Virar
Mira Road-Vasai-Virar,134,B,81,Annapurna caterers and Mandap Decorator (Ranglal Maharaj),Caterer,Food & Events,Bhayandar,Mira Road / Bhayandar,098207 69628,4.8,99,Growth,"₹45,000",45000,Tue-Thu 11:00-16:00,Menu and package pages plus a date-availability enquiry form. Enquiries die in WhatsApp with no record today.,34,20,17,10,https://www.google.com/maps/search/?api=1&query=Annapurna%20caterers%20and%20Mandap%20Decorator%20%28Ranglal%20Maharaj%29%20Bhayandar
Mira Road-Vasai-Virar,135,B,81,NAKODA CATERING N DECORATOR,Caterer,Food & Events,Mira Road East,Mira Road / Bhayandar,098679 41820,4.8,95,Growth,"₹45,000",45000,Tue-Thu 11:00-16:00,Menu and package pages plus a date-availability enquiry form. Enquiries die in WhatsApp with no record today.,34,20,17,10,https://www.google.com/maps/search/?api=1&query=NAKODA%20CATERING%20N%20DECORATOR%20Mira%20Road%20East
Mira Road-Vasai-Virar,136,B,81,ANJALI MOTOR TRAINING SCHOOL,Driving school,Education & Training,Evershine Vasai,Vasai,098926 63472,4.8,87,Growth,"₹45,000",45000,Tue-Thu 11:00-13:00 / 15:00-17:00 (between batches),"Curriculum, fees, faculty and an admission-enquiry form. Parents shortlist online, then visit.",34,19,17,10,https://www.google.com/maps/search/?api=1&query=ANJALI%20MOTOR%20TRAINING%20SCHOOL%20Evershine%20Vasai
Mira Road-Vasai-Virar,137,B,81,GANESH COACHING CLASSES (WALIV BRANCH),Coaching centre,Education & Training,Waliv Vasai East,Vasai,090967 17064,4.8,87,Growth,"₹45,000",45000,Tue-Thu 11:00-13:00 / 15:00-17:00 (before evening batches),"Curriculum, fees, faculty and an admission-enquiry form. Parents shortlist online, then visit.",34,19,17,10,https://www.google.com/maps/search/?api=1&query=GANESH%20COACHING%20CLASSES%20%28WALIV%20BRANCH%29%20Waliv%20Vasai%20East
Mira Road-Vasai-Virar,138,B,81,Ganesh Coaching classes (Evershine Branch),Coaching centre,Education & Training,Evershine Vasai East,Vasai,072763 88828,4.8,85,Growth,"₹45,000",45000,Tue-Thu 11:00-13:00 / 15:00-17:00 (before evening batches),"Curriculum, fees, faculty and an admission-enquiry form. Parents shortlist online, then visit.",34,19,17,10,https://www.google.com/maps/search/?api=1&query=Ganesh%20Coaching%20classes%20%28Evershine%20Branch%29%20Evershine%20Vasai%20East
Mira Road-Vasai-Virar,139,B,81,Shraddha tours & travels,Travel agency,Retail & Services,Manvel Pada Virar,Virar,087670 57146,5,79,Growth,"₹45,000",45000,Tue-Thu 11:00-16:00,"Services, coverage area and a callback form so enquiries stop dying in missed calls.",32,19,20,10,https://www.google.com/maps/search/?api=1&query=Shraddha%20tours%20%26%20travels%20Manvel%20Pada%20Virar
Mira Road-Vasai-Virar,140,B,81,Anmoll Tours & Travels,Travel agency,Retail & Services,Shanti Nagar Mira Road East,Mira Road / Bhayandar,091673 00177,5,72,Growth,"₹45,000",45000,Tue-Thu 11:00-16:00,"Services, coverage area and a callback form so enquiries stop dying in missed calls.",32,19,20,10,https://www.google.com/maps/search/?api=1&query=Anmoll%20Tours%20%26%20Travels%20Shanti%20Nagar%20Mira%20Road%20East
Mira Road-Vasai-Virar,141,B,81,EKVIRA MOTOR DRIVING SCHOOL,Driving school,Education & Training,Evershine City Vasai,Vasai,088550 09419,4.9,71,Growth,"₹45,000",45000,Tue-Thu 11:00-13:00 / 15:00-17:00 (between batches),"Curriculum, fees, faculty and an admission-enquiry form. Parents shortlist online, then visit.",34,19,19,10,https://www.google.com/maps/search/?api=1&query=EKVIRA%20MOTOR%20DRIVING%20SCHOOL%20Evershine%20City%20Vasai
Mira Road-Vasai-Virar,142,B,81,MODI SIR'S TUITION CLASSES (MSTC),Coaching centre,Education & Training,Swaminarayan Road Mira Road,Mira Road / Bhayandar,099878 48310,4.9,62,Growth,"₹45,000",45000,Tue-Thu 11:00-13:00 / 15:00-17:00 (before evening batches),"Curriculum, fees, faculty and an admission-enquiry form. Parents shortlist online, then visit.",34,18,19,10,https://www.google.com/maps/search/?api=1&query=MODI%20SIR%27S%20TUITION%20CLASSES%20%28MSTC%29%20Swaminarayan%20Road%20Mira%20Road
Mira Road-Vasai-Virar,143,B,81,Dr Shinde's Prime Diagnostic Centre,Diagnostic centre,Health & Wellness,Tulinj Road Nalasopara,Nalasopara,096659 38728,4.8,62,Growth,"₹45,000",45000,Tue-Thu 11:00-13:00 / 15:00-17:00 (after morning collection rush),"Practitioner credentials, treatments and online booking. Patients search the area before they phone.",36,18,17,10,https://www.google.com/maps/search/?api=1&query=Dr%20Shinde%27s%20Prime%20Diagnostic%20Centre%20Tulinj%20Road%20Nalasopara
Mira Road-Vasai-Virar,144,B,81,Tejas Motor Training School - RTO Consultant,Driving school,Education & Training,Mira Road,Mira Road / Bhayandar,090292 86286,4.9,62,Growth,"₹45,000",45000,Tue-Thu 11:00-13:00 / 15:00-17:00 (between batches),"Curriculum, fees, faculty and an admission-enquiry form. Parents shortlist online, then visit.",34,18,19,10,https://www.google.com/maps/search/?api=1&query=Tejas%20Motor%20Training%20School%20-%20RTO%20Consultant%20Mira%20Road
Mira Road-Vasai-Virar,145,B,81,Ramjanki Caterers,Catering food and drink supplier,Food & Events,Nalasopara,Nalasopara,088282 91378,5,55,Starter,"₹15,000",15000,Tue-Thu 11:00-16:00,Menu and package pages plus a date-availability enquiry form. Enquiries die in WhatsApp with no record today.,34,17,20,10,https://www.google.com/maps/search/?api=1&query=Ramjanki%20Caterers%20Nalasopara
Mira Road-Vasai-Virar,146,B,81,Swastik Estate consultancy,Real estate agency,Retail & Services,Anand Nagar Vasai,Vasai,092702 26695,4.8,55,Growth,"₹45,000",45000,Tue-Thu 11:00-16:00,"Services, coverage area and a callback form so enquiries stop dying in missed calls.",36,17,17,10,https://www.google.com/maps/search/?api=1&query=Swastik%20Estate%20consultancy%20Anand%20Nagar%20Vasai
Mira Road-Vasai-Virar,147,B,81,kartik Cateres and Mandap decorator,Caterer,Food & Events,Zenda Bazar Vasai,Vasai,097654 09003,5,51,Starter,"₹15,000",15000,Tue-Thu 11:00-16:00,Menu and package pages plus a date-availability enquiry form. Enquiries die in WhatsApp with no record today.,34,17,20,10,https://www.google.com/maps/search/?api=1&query=kartik%20Cateres%20and%20Mandap%20decorator%20Zenda%20Bazar%20Vasai
Mira Road-Vasai-Virar,148,B,81,Aadya Physiotherapy Clinic (Dr.Kiran Vaishnav),Physiotherapy centre,Health & Wellness,90 Feet Road Bhayandar,Mira Road / Bhayandar,089284 31114,4.9,45,Growth,"₹45,000",45000,Tue-Thu 11:00-13:00 / 16:00-19:00,"Practitioner credentials, treatments and online booking. Patients search the area before they phone.",36,17,19,10,https://www.google.com/maps/search/?api=1&query=Aadya%20Physiotherapy%20Clinic%20%28Dr.Kiran%20Vaishnav%29%2090%20Feet%20Road%20Bhayandar
Mira Road-Vasai-Virar,149,B,81,Anmol Property - Estate Agents (RahulRock),Real estate agency,Retail & Services,Chikhaldongari Virar,Virar,085520 37234,4.9,42,Growth,"₹45,000",45000,Tue-Thu 11:00-16:00,"Services, coverage area and a callback form so enquiries stop dying in missed calls.",36,16,19,10,https://www.google.com/maps/search/?api=1&query=Anmol%20Property%20-%20Estate%20Agents%20%28RahulRock%29%20Chikhaldongari%20Virar
Mira Road-Vasai-Virar,150,B,81,Tavya Events,Event management company,Food & Events,Agashi Road Virar,Virar,097666 84780,4.8,34,Growth,"₹45,000",45000,Tue-Thu 11:00-16:00,Menu and package pages plus a date-availability enquiry form. Enquiries die in WhatsApp with no record today.,38,15,17,10,https://www.google.com/maps/search/?api=1&query=Tavya%20Events%20Agashi%20Road%20Virar
Mira Road-Vasai-Virar,151,B,81,H and V Associates,Tax consultant,Professional Services,Jakat Naka Virar,Virar,076661 36498,4.9,27,Growth,"₹45,000",45000,Tue-Thu 11:00-13:00 / 16:00-18:00 (not before 1 Oct),"Services, registration credentials and a deadline-driven enquiry form. Clients verify a firm online before they call.",38,14,19,10,https://www.google.com/maps/search/?api=1&query=H%20and%20V%20Associates%20Jakat%20Naka%20Virar
Mira Road-Vasai-Virar,152,B,81,CA. Jignesh Jain & Associates Chartered Accountants,Chartered accountant,Professional Services,Raut Arcade Virar,Virar,098901 84696,4.9,18,Growth,"₹45,000",45000,Tue-Thu 11:00-13:00 / 16:00-18:00 (not before 1 Oct),"Services, registration credentials and a deadline-driven enquiry form. Clients verify a firm online before they call.",40,13,19,10,https://www.google.com/maps/search/?api=1&query=CA.%20Jignesh%20Jain%20%26%20Associates%20Chartered%20Accountants%20Raut%20Arcade%20Virar
Mira Road-Vasai-Virar,153,B,81,SG Events Art Graphics,Event management company,Food & Events,Vasai,Vasai,088059 06858,5,18,Growth,"₹45,000",45000,Tue-Thu 11:00-16:00,Menu and package pages plus a date-availability enquiry form. Enquiries die in WhatsApp with no record today.,38,13,20,10,https://www.google.com/maps/search/?api=1&query=SG%20Events%20Art%20Graphics%20Vasai
Mira Road-Vasai-Virar,154,B,81,G.S. Consultancy,Accounting firm,Professional Services,Nalasopara,Nalasopara,099751 64458,5,17,Growth,"₹45,000",45000,Tue-Thu 11:00-13:00 / 16:00-18:00,"Services, registration credentials and a deadline-driven enquiry form. Clients verify a firm online before they call.",38,13,20,10,https://www.google.com/maps/search/?api=1&query=G.S.%20Consultancy%20Nalasopara
Mira Road-Vasai-Virar,155,B,81,ARCHE INTERIORS,Interior designer,Home & Interiors,Vasai West,Vasai,092707 26270,5,11,Growth,"₹45,000",45000,Tue-Thu 11:00-13:00 / 15:00-18:00,"A project gallery with before/after by room type, plus a budget-range enquiry form. Buyers judge on photos first.",40,11,20,10,https://www.google.com/maps/search/?api=1&query=ARCHE%20INTERIORS%20Vasai%20West
Mira Road-Vasai-Virar,156,B,80,Dinesh Motor Driving School,Driving school,Education & Training,Virar-Nalasopara Link Road,Nalasopara,087938 79666,4.5,171,Growth,"₹45,000",45000,Tue-Thu 11:00-13:00 / 15:00-17:00 (between batches),"Curriculum, fees, faculty and an admission-enquiry form. Parents shortlist online, then visit.",34,22,13,10,https://www.google.com/maps/search/?api=1&query=Dinesh%20Motor%20Driving%20School%20Virar-Nalasopara%20Link%20Road
Mira Road-Vasai-Virar,157,B,80,Gaurav Tours And Travels Nalasopara,Travel agency,Retail & Services,Nalasopara,Nalasopara,070283 14064,4.7,147,Growth,"₹45,000",45000,Tue-Thu 11:00-16:00,"Services, coverage area and a callback form so enquiries stop dying in missed calls.",32,22,16,10,https://www.google.com/maps/search/?api=1&query=Gaurav%20Tours%20And%20Travels%20Nalasopara%20Nalasopara
Mira Road-Vasai-Virar,158,B,80,Siddharth Coaching Classes,Coaching centre,Education & Training,Jangid Circle Mira Road East,Mira Road / Bhayandar,072080 70866,4.7,109,Growth,"₹45,000",45000,Tue-Thu 11:00-13:00 / 15:00-17:00 (before evening batches),"Curriculum, fees, faculty and an admission-enquiry form. Parents shortlist online, then visit.",34,20,16,10,https://www.google.com/maps/search/?api=1&query=Siddharth%20Coaching%20Classes%20Jangid%20Circle%20Mira%20Road%20East
Mira Road-Vasai-Virar,159,B,80,SHREE KALBHAIRAV TOURS & TRAVELS,Travel agency,Retail & Services,Nalasopara,Nalasopara,098219 55149,4.9,95,Growth,"₹45,000",45000,Tue-Thu 11:00-16:00,"Services, coverage area and a callback form so enquiries stop dying in missed calls.",32,20,19,10,https://www.google.com/maps/search/?api=1&query=SHREE%20KALBHAIRAV%20TOURS%20%26%20TRAVELS%20Nalasopara
Mira Road-Vasai-Virar,160,B,80,Raw Canvas Studio - Hatkesh,Dance school,Education & Training,Hatkesh Mira Road,Mira Road / Bhayandar,077108 65587,4.9,92,Growth,"₹45,000",45000,Tue-Thu 12:00-16:00 (before evening batches),"Curriculum, fees, faculty and an admission-enquiry form. Parents shortlist online, then visit.",32,20,19,10,https://www.google.com/maps/search/?api=1&query=Raw%20Canvas%20Studio%20-%20Hatkesh%20Hatkesh%20Mira%20Road
Mira Road-Vasai-Virar,161,B,80,Dinesh Motor Driving School (Global City),Driving school,Education & Training,Global City Virar,Virar,087936 79777,4.8,81,Growth,"₹45,000",45000,Tue-Thu 11:00-13:00 / 15:00-17:00 (between batches),"Curriculum, fees, faculty and an admission-enquiry form. Parents shortlist online, then visit.",34,19,17,10,https://www.google.com/maps/search/?api=1&query=Dinesh%20Motor%20Driving%20School%20%28Global%20City%29%20Global%20City%20Virar
Mira Road-Vasai-Virar,162,B,80,Vidya classes,Coaching centre,Education & Training,Mira Road,Mira Road / Bhayandar,084088 08999,4.8,80,Growth,"₹45,000",45000,Tue-Thu 11:00-13:00 / 15:00-17:00 (before evening batches),"Curriculum, fees, faculty and an admission-enquiry form. Parents shortlist online, then visit.",34,19,17,10,https://www.google.com/maps/search/?api=1&query=Vidya%20classes%20Mira%20Road
Mira Road-Vasai-Virar,163,B,80,Horizon Tutorials,Coaching centre,Education & Training,Jangid Circle Mira Road,Mira Road / Bhayandar,086555 55278,4.8,72,Growth,"₹45,000",45000,Tue-Thu 11:00-13:00 / 15:00-17:00 (before evening batches),"Curriculum, fees, faculty and an admission-enquiry form. Parents shortlist online, then visit.",34,19,17,10,https://www.google.com/maps/search/?api=1&query=Horizon%20Tutorials%20Jangid%20Circle%20Mira%20Road
Mira Road-Vasai-Virar,164,B,80,Sukhi Corporation,Real estate agency,Retail & Services,Arvind Industrial Estate Vasai,Vasai,093215 71296,4.7,65,Growth,"₹45,000",45000,Tue-Thu 11:00-16:00,"Services, coverage area and a callback form so enquiries stop dying in missed calls.",36,18,16,10,https://www.google.com/maps/search/?api=1&query=Sukhi%20Corporation%20Arvind%20Industrial%20Estate%20Vasai
Mira Road-Vasai-Virar,165,B,80,Shree Krishna Estate Agency And Financial Service,Real estate agency,Retail & Services,Navghar Road Bhayandar,Mira Road / Bhayandar,097696 95172,4.7,60,Growth,"₹45,000",45000,Tue-Thu 11:00-16:00,"Services, coverage area and a callback form so enquiries stop dying in missed calls.",36,18,16,10,https://www.google.com/maps/search/?api=1&query=Shree%20Krishna%20Estate%20Agency%20And%20Financial%20Service%20Navghar%20Road%20Bhayandar
Mira Road-Vasai-Virar,166,B,80,Ami Tutorials and Coaching Classes,Coaching centre,Education & Training,Vasai,Vasai,095614 94348,4.9,59,Starter,"₹15,000",15000,Tue-Thu 11:00-13:00 / 15:00-17:00 (before evening batches),"Curriculum, fees, faculty and an admission-enquiry form. Parents shortlist online, then visit.",34,18,19,10,https://www.google.com/maps/search/?api=1&query=Ami%20Tutorials%20and%20Coaching%20Classes%20Vasai
Mira Road-Vasai-Virar,167,B,80,Pramod Caterers & Decorators,Event planner,Food & Events,Mira Road,Mira Road / Bhayandar,099879 73268,4.6,54,Growth,"₹45,000",45000,Tue-Thu 11:00-16:00,Menu and package pages plus a date-availability enquiry form. Enquiries die in WhatsApp with no record today.,38,17,15,10,https://www.google.com/maps/search/?api=1&query=Pramod%20Caterers%20%26%20Decorators%20Mira%20Road
Mira Road-Vasai-Virar,168,B,80,Drishty Real Estate Agency,Real estate agency,Retail & Services,Alkapuri Nalasopara,Nalasopara,088056 31078,4.8,49,Growth,"₹45,000",45000,Tue-Thu 11:00-16:00,"Services, coverage area and a callback form so enquiries stop dying in missed calls.",36,17,17,10,https://www.google.com/maps/search/?api=1&query=Drishty%20Real%20Estate%20Agency%20Alkapuri%20Nalasopara
Mira Road-Vasai-Virar,169,B,80,A-1 Caterers,Caterer,Food & Events,Mira Road East,Mira Road / Bhayandar,091676 07089,4.9,48,Starter,"₹15,000",15000,Tue-Thu 11:00-16:00,Menu and package pages plus a date-availability enquiry form. Enquiries die in WhatsApp with no record today.,34,17,19,10,https://www.google.com/maps/search/?api=1&query=A-1%20Caterers%20Mira%20Road%20East
Mira Road-Vasai-Virar,170,B,80,Roots International PreSchool and DayCare,Preschool,Education & Training,Shanti Gardens Mira Road,Mira Road / Bhayandar,095296 74325,4.9,36,Growth,"₹45,000",45000,Tue-Thu 11:00-13:00 (before pickup),"Curriculum, fees, faculty and an admission-enquiry form. Parents shortlist online, then visit.",36,16,19,10,https://www.google.com/maps/search/?api=1&query=Roots%20International%20PreSchool%20and%20DayCare%20Shanti%20Gardens%20Mira%20Road
Mira Road-Vasai-Virar,171,B,80,Kriss Academy,Coaching centre,Education & Training,Mira Road,Mira Road / Bhayandar,093211 81117,5,35,Starter,"₹15,000",15000,Tue-Thu 11:00-13:00 / 15:00-17:00 (before evening batches),"Curriculum, fees, faculty and an admission-enquiry form. Parents shortlist online, then visit.",34,16,20,10,https://www.google.com/maps/search/?api=1&query=Kriss%20Academy%20Mira%20Road
Mira Road-Vasai-Virar,172,B,80,Aayush Tax Consultancy,Tax consultant,Professional Services,Mira Bhayandar Road,Mira Road / Bhayandar,097695 60729,5,16,Growth,"₹45,000",45000,Tue-Thu 11:00-13:00 / 16:00-18:00 (not before 1 Oct),"Services, registration credentials and a deadline-driven enquiry form. Clients verify a firm online before they call.",38,12,20,10,https://www.google.com/maps/search/?api=1&query=Aayush%20Tax%20Consultancy%20Mira%20Bhayandar%20Road
Mira Road-Vasai-Virar,173,B,80,MAA AMBE DECOR & EVENTS,Event management company,Food & Events,Virar,Virar,073502 81326,5,14,Growth,"₹45,000",45000,Tue-Thu 11:00-16:00,Menu and package pages plus a date-availability enquiry form. Enquiries die in WhatsApp with no record today.,38,12,20,10,https://www.google.com/maps/search/?api=1&query=MAA%20AMBE%20DECOR%20%26%20EVENTS%20Virar
Mira Road-Vasai-Virar,174,B,79,Bablu motor training School,Driving school,Education & Training,Diwan Market Vasai,Vasai,090493 63835,3.9,996,Custom,"₹1,20,000+",120000,Tue-Thu 11:00-13:00 / 15:00-17:00 (between batches),"Curriculum, fees, faculty and an admission-enquiry form. Parents shortlist online, then visit.",34,30,5,10,https://www.google.com/maps/search/?api=1&query=Bablu%20motor%20training%20School%20Diwan%20Market%20Vasai
Mira Road-Vasai-Virar,175,B,79,Shri Jyotirling Motor Training School,Driving school,Education & Training,90 Feet Road Bhayandar,Mira Road / Bhayandar,096190 81827,4.5,147,Growth,"₹45,000",45000,Tue-Thu 11:00-13:00 / 15:00-17:00 (between batches),"Curriculum, fees, faculty and an admission-enquiry form. Parents shortlist online, then visit.",34,22,13,10,https://www.google.com/maps/search/?api=1&query=Shri%20Jyotirling%20Motor%20Training%20School%2090%20Feet%20Road%20Bhayandar
Mira Road-Vasai-Virar,176,B,79,Vital Classes,Coaching centre,Education & Training,60 Feet Road Bhayandar,Mira Road / Bhayandar,098198 36037,4.7,74,Growth,"₹45,000",45000,Tue-Thu 11:00-13:00 / 15:00-17:00 (before evening batches),"Curriculum, fees, faculty and an admission-enquiry form. Parents shortlist online, then visit.",34,19,16,10,https://www.google.com/maps/search/?api=1&query=Vital%20Classes%2060%20Feet%20Road%20Bhayandar
Mira Road-Vasai-Virar,177,B,79,COMFORT DENTAL CLINIC,Dental clinic,Health & Wellness,Achole Road Nalasopara,Nalasopara,084463 90050,4.6,69,Growth,"₹45,000",45000,Tue-Thu 11:00-13:00 / 16:00-19:00,"Practitioner credentials, treatments and online booking. Patients search the area before they phone.",36,18,15,10,https://www.google.com/maps/search/?api=1&query=COMFORT%20DENTAL%20CLINIC%20Achole%20Road%20Nalasopara
Mira Road-Vasai-Virar,178,B,79,Trimurti Caterers,Caterer,Food & Events,Nandakhal Nalasopara,Nalasopara,078755 00366,4.8,55,Starter,"₹15,000",15000,Tue-Thu 11:00-16:00,Menu and package pages plus a date-availability enquiry form. Enquiries die in WhatsApp with no record today.,34,17,17,10,https://www.google.com/maps/search/?api=1&query=Trimurti%20Caterers%20Nandakhal%20Nalasopara
Mira Road-Vasai-Virar,179,B,79,Aarohan dental clinic,Dental clinic,Health & Wellness,Station Road Nalasopara,Nalasopara,077989 83762,4.7,55,Growth,"₹45,000",45000,Tue-Thu 11:00-13:00 / 16:00-19:00,"Practitioner credentials, treatments and online booking. Patients search the area before they phone.",36,17,16,10,https://www.google.com/maps/search/?api=1&query=Aarohan%20dental%20clinic%20Station%20Road%20Nalasopara
Mira Road-Vasai-Virar,180,B,79,Unique Caterers & Event Management,Caterer,Food & Events,Mira Road East,Mira Road / Bhayandar,086938 33111,4.9,46,Starter,"₹15,000",15000,Tue-Thu 11:00-16:00,Menu and package pages plus a date-availability enquiry form. Enquiries die in WhatsApp with no record today.,34,17,19,10,https://www.google.com/maps/search/?api=1&query=Unique%20Caterers%20%26%20Event%20Management%20Mira%20Road%20East
Mira Road-Vasai-Virar,181,B,79,Damaru catering service,Caterer,Food & Events,Virar,Virar,084217 36370,4.9,43,Starter,"₹15,000",15000,Tue-Thu 11:00-16:00,Menu and package pages plus a date-availability enquiry form. Enquiries die in WhatsApp with no record today.,34,16,19,10,https://www.google.com/maps/search/?api=1&query=Damaru%20catering%20service%20Virar
Mira Road-Vasai-Virar,182,B,79,Sai Sparsh Physiotherapy Clinic,Physiotherapy centre,Health & Wellness,Goddev Naka Bhayandar East,Mira Road / Bhayandar,099873 04691,4.8,40,Growth,"₹45,000",45000,Tue-Thu 11:00-13:00 / 16:00-19:00,"Practitioner credentials, treatments and online booking. Patients search the area before they phone.",36,16,17,10,https://www.google.com/maps/search/?api=1&query=Sai%20Sparsh%20Physiotherapy%20Clinic%20Goddev%20Naka%20Bhayandar%20East
Mira Road-Vasai-Virar,183,B,79,RELIABLE MOTOR TRAINING SCHOOL,Driving school,Education & Training,Nalasopara,Nalasopara,080554 01209,4.9,39,Starter,"₹15,000",15000,Tue-Thu 11:00-13:00 / 15:00-17:00 (between batches),"Curriculum, fees, faculty and an admission-enquiry form. Parents shortlist online, then visit.",34,16,19,10,https://www.google.com/maps/search/?api=1&query=RELIABLE%20MOTOR%20TRAINING%20SCHOOL%20Nalasopara
Mira Road-Vasai-Virar,184,B,79,Little Angel Play School,Preschool,Education & Training,Yashwant Nalasopara,Nalasopara,077388 77002,4.8,37,Growth,"₹45,000",45000,Tue-Thu 11:00-13:00 (before pickup),"Curriculum, fees, faculty and an admission-enquiry form. Parents shortlist online, then visit.",36,16,17,10,https://www.google.com/maps/search/?api=1&query=Little%20Angel%20Play%20School%20Yashwant%20Nalasopara
Mira Road-Vasai-Virar,185,B,79,Mohit Real Estate,Real estate agency,Retail & Services,Ambadi Road Vasai West,Vasai,093264 64140,4.9,29,Growth,"₹45,000",45000,Tue-Thu 11:00-16:00,"Services, coverage area and a callback form so enquiries stop dying in missed calls.",36,15,19,10,https://www.google.com/maps/search/?api=1&query=Mohit%20Real%20Estate%20Ambadi%20Road%20Vasai%20West
Mira Road-Vasai-Virar,186,B,79,Ekta Real Estate Consultant,Real estate consultant,Retail & Services,Bhayandar,Mira Road / Bhayandar,098333 94141,5,20,Growth,"₹45,000",45000,Tue-Thu 11:00-16:00,"Services, coverage area and a callback form so enquiries stop dying in missed calls.",36,13,20,10,https://www.google.com/maps/search/?api=1&query=Ekta%20Real%20Estate%20Consultant%20Bhayandar
Mira Road-Vasai-Virar,187,B,79,Sunehra & Associates - Chartered Accountants,Chartered accountant,Professional Services,Vasai,Vasai,099706 34437,5,7,Growth,"₹45,000",45000,Tue-Thu 11:00-13:00 / 16:00-18:00 (not before 1 Oct),"Services, registration credentials and a deadline-driven enquiry form. Clients verify a firm online before they call.",40,9,20,10,https://www.google.com/maps/search/?api=1&query=Sunehra%20%26%20Associates%20-%20Chartered%20Accountants%20Vasai
Mira Road-Vasai-Virar,188,B,78,All attractive Events and Promotions,Wedding planner,Food & Events,Mira Road,Mira Road / Bhayandar,— none listed,4.9,126,Growth,"₹45,000",45000,Tue-Thu 11:00-16:00,Menu and package pages plus a date-availability enquiry form. Enquiries die in WhatsApp with no record today.,38,21,19,0,https://www.google.com/maps/search/?api=1&query=All%20attractive%20Events%20and%20Promotions%20Mira%20Road
Mira Road-Vasai-Virar,189,B,78,Sanjay Classes,Coaching centre,Education & Training,BP Road Bhayandar,Mira Road / Bhayandar,093223 19420,4.6,88,Growth,"₹45,000",45000,Tue-Thu 11:00-13:00 / 15:00-17:00 (before evening batches),"Curriculum, fees, faculty and an admission-enquiry form. Parents shortlist online, then visit.",34,19,15,10,https://www.google.com/maps/search/?api=1&query=Sanjay%20Classes%20BP%20Road%20Bhayandar
Mira Road-Vasai-Virar,190,B,78,Gurukul Academy Centre,Coaching centre,Education & Training,Nalasopara,Nalasopara,077208 50958,4.7,62,Growth,"₹45,000",45000,Tue-Thu 11:00-13:00 / 15:00-17:00 (before evening batches),"Curriculum, fees, faculty and an admission-enquiry form. Parents shortlist online, then visit.",34,18,16,10,https://www.google.com/maps/search/?api=1&query=Gurukul%20Academy%20Centre%20Nalasopara
Mira Road-Vasai-Virar,191,B,78,Beyou Fitness and Dance Studio,Dance school,Education & Training,Shanti Gardens Mira Road,Mira Road / Bhayandar,091373 95519,4.9,48,Starter,"₹15,000",15000,Tue-Thu 12:00-16:00 (before evening batches),"Curriculum, fees, faculty and an admission-enquiry form. Parents shortlist online, then visit.",32,17,19,10,https://www.google.com/maps/search/?api=1&query=Beyou%20Fitness%20and%20Dance%20Studio%20Shanti%20Gardens%20Mira%20Road
Mira Road-Vasai-Virar,192,B,78,Shree Kambeshwarji Caterer's,Caterer,Food & Events,Bhayandar,Mira Road / Bhayandar,098206 40949,5,22,Starter,"₹15,000",15000,Tue-Thu 11:00-16:00,Menu and package pages plus a date-availability enquiry form. Enquiries die in WhatsApp with no record today.,34,14,20,10,https://www.google.com/maps/search/?api=1&query=Shree%20Kambeshwarji%20Caterer%27s%20Bhayandar
Mira Road-Vasai-Virar,193,B,78,AD Realty,Real estate consultant,Retail & Services,Mira Road,Mira Road / Bhayandar,079001 10514,4.9,19,Growth,"₹45,000",45000,Tue-Thu 11:00-16:00,"Services, coverage area and a callback form so enquiries stop dying in missed calls.",36,13,19,10,https://www.google.com/maps/search/?api=1&query=AD%20Realty%20Mira%20Road
Mira Road-Vasai-Virar,194,B,78,Tanvi Accounting and Consultancy,Accountant,Professional Services,Phoolpada Road Virar,Virar,099675 51601,5,8,Growth,"₹45,000",45000,Tue-Thu 11:00-13:00 / 16:00-18:00,"Services, registration credentials and a deadline-driven enquiry form. Clients verify a firm online before they call.",38,10,20,10,https://www.google.com/maps/search/?api=1&query=Tanvi%20Accounting%20and%20Consultancy%20Phoolpada%20Road%20Virar
Mira Road-Vasai-Virar,195,B,77,VIRAR MOTORS TRAINING SCHOOL,Driving school,Education & Training,Veer Savarkar Marg Virar,Virar,093245 07374,4.3,153,Growth,"₹45,000",45000,Tue-Thu 11:00-13:00 / 15:00-17:00 (between batches),"Curriculum, fees, faculty and an admission-enquiry form. Parents shortlist online, then visit.",34,22,11,10,https://www.google.com/maps/search/?api=1&query=VIRAR%20MOTORS%20TRAINING%20SCHOOL%20Veer%20Savarkar%20Marg%20Virar
Mira Road-Vasai-Virar,196,B,77,Amit Motor Driving School,Driving school,Education & Training,Papdi Road Vasai,Vasai,083799 30183,4.5,101,Growth,"₹45,000",45000,Tue-Thu 11:00-13:00 / 15:00-17:00 (between batches),"Curriculum, fees, faculty and an admission-enquiry form. Parents shortlist online, then visit.",34,20,13,10,https://www.google.com/maps/search/?api=1&query=Amit%20Motor%20Driving%20School%20Papdi%20Road%20Vasai
Mira Road-Vasai-Virar,197,B,77,Jain Lokesh & Co,Chartered accountant,Professional Services,Poonam Estate Mira Road,Mira Road / Bhayandar,— none listed,4.9,74,Growth,"₹45,000",45000,Tue-Thu 11:00-13:00 / 16:00-18:00 (not before 1 Oct),"Services, registration credentials and a deadline-driven enquiry form. Clients verify a firm online before they call.",40,19,19,0,https://www.google.com/maps/search/?api=1&query=Jain%20Lokesh%20%26%20Co%20Poonam%20Estate%20Mira%20Road
Mira Road-Vasai-Virar,198,B,77,N D Savla & Associates - Chartered Accountant,Chartered accountant,Professional Services,Shanti Gardens Mira Road,Mira Road / Bhayandar,— none listed,5,44,Growth,"₹45,000",45000,Tue-Thu 11:00-13:00 / 16:00-18:00 (not before 1 Oct),"Services, registration credentials and a deadline-driven enquiry form. Clients verify a firm online before they call.",40,17,20,0,https://www.google.com/maps/search/?api=1&query=N%20D%20Savla%20%26%20Associates%20-%20Chartered%20Accountant%20Shanti%20Gardens%20Mira%20Road
Mira Road-Vasai-Virar,199,B,77,Jagdamb Tours and Travels,Travel agency,Retail & Services,Central Park Road Nalasopara,Nalasopara,078228 47587,5,32,Starter,"₹15,000",15000,Tue-Thu 11:00-16:00,"Services, coverage area and a callback form so enquiries stop dying in missed calls.",32,15,20,10,https://www.google.com/maps/search/?api=1&query=Jagdamb%20Tours%20and%20Travels%20Central%20Park%20Road%20Nalasopara
Mira Road-Vasai-Virar,200,B,77,Shreeji decorators and caterers,Caterer,Food & Events,Achole Nalasopara,Nalasopara,098604 63543,4.9,26,Starter,"₹15,000",15000,Tue-Thu 11:00-16:00,Menu and package pages plus a date-availability enquiry form. Enquiries die in WhatsApp with no record today.,34,14,19,10,https://www.google.com/maps/search/?api=1&query=Shreeji%20decorators%20and%20caterers%20Achole%20Nalasopara
Mira Road-Vasai-Virar,201,B,77,Oxford Kids Pre School,Preschool,Education & Training,Poonam Square Mira Road,Mira Road / Bhayandar,093242 79833,4.8,22,Growth,"₹45,000",45000,Tue-Thu 11:00-13:00 (before pickup),"Curriculum, fees, faculty and an admission-enquiry form. Parents shortlist online, then visit.",36,14,17,10,https://www.google.com/maps/search/?api=1&query=Oxford%20Kids%20Pre%20School%20Poonam%20Square%20Mira%20Road
Mira Road-Vasai-Virar,202,B,77,Celebration Caterers,Catering food and drink supplier,Food & Events,Yashwant Smart City Vasai East,Vasai,081491 30140,5,21,Starter,"₹15,000",15000,Tue-Thu 11:00-16:00,Menu and package pages plus a date-availability enquiry form. Enquiries die in WhatsApp with no record today.,34,13,20,10,https://www.google.com/maps/search/?api=1&query=Celebration%20Caterers%20Yashwant%20Smart%20City%20Vasai%20East
Mira Road-Vasai-Virar,203,B,76,Dua Tours And Travels,Travel agency,Retail & Services,Bhayandar,Mira Road / Bhayandar,099696 60353,4.7,64,Growth,"₹45,000",45000,Tue-Thu 11:00-16:00,"Services, coverage area and a callback form so enquiries stop dying in missed calls.",32,18,16,10,https://www.google.com/maps/search/?api=1&query=Dua%20Tours%20And%20Travels%20Bhayandar
Mira Road-Vasai-Virar,204,B,76,Mj pest control,Pest control service,Retail & Services,Chandan Naka Nalasopara East,Nalasopara,084461 16966,4.7,62,Growth,"₹45,000",45000,Tue-Thu 11:00-16:00,"Services, coverage area and a callback form so enquiries stop dying in missed calls.",32,18,16,10,https://www.google.com/maps/search/?api=1&query=Mj%20pest%20control%20Chandan%20Naka%20Nalasopara%20East
Mira Road-Vasai-Virar,205,B,76,K Parekh & Co,Chartered accountant,Professional Services,Ostwal Ornate Bhayandar,Mira Road / Bhayandar,— none listed,4.9,59,Growth,"₹45,000",45000,Tue-Thu 11:00-13:00 / 16:00-18:00 (not before 1 Oct),"Services, registration credentials and a deadline-driven enquiry form. Clients verify a firm online before they call.",40,18,19,0,https://www.google.com/maps/search/?api=1&query=K%20Parekh%20%26%20Co%20Ostwal%20Ornate%20Bhayandar
Mira Road-Vasai-Virar,206,B,76,BABA SAI TOURS & TRAVELS,Travel agency,Retail & Services,Virar,Virar,080809 74141,4.8,44,Starter,"₹15,000",15000,Tue-Thu 11:00-16:00,"Services, coverage area and a callback form so enquiries stop dying in missed calls.",32,17,17,10,https://www.google.com/maps/search/?api=1&query=BABA%20SAI%20TOURS%20%26%20TRAVELS%20Virar
Mira Road-Vasai-Virar,207,B,76,Riddhi Siddhi Tours & Travels,Travel agency,Retail & Services,Beverly Park Mira Road,Mira Road / Bhayandar,072083 88883,4.8,43,Starter,"₹15,000",15000,Tue-Thu 11:00-16:00,"Services, coverage area and a callback form so enquiries stop dying in missed calls.",32,16,17,10,https://www.google.com/maps/search/?api=1&query=Riddhi%20Siddhi%20Tours%20%26%20Travels%20Beverly%20Park%20Mira%20Road
Mira Road-Vasai-Virar,208,B,76,Chohan Motor Driving School Vasai East,Driving school,Education & Training,Vasai East,Vasai,098902 78220,4.7,41,Starter,"₹15,000",15000,Tue-Thu 11:00-13:00 / 15:00-17:00 (between batches),"Curriculum, fees, faculty and an admission-enquiry form. Parents shortlist online, then visit.",34,16,16,10,https://www.google.com/maps/search/?api=1&query=Chohan%20Motor%20Driving%20School%20Vasai%20East%20Vasai%20East
Mira Road-Vasai-Virar,209,B,76,Moni Motor Training & Driving School Santosh Bhuvan,Driving school,Education & Training,Nalasopara,Nalasopara,088987 27190,4.7,40,Starter,"₹15,000",15000,Tue-Thu 11:00-13:00 / 15:00-17:00 (between batches),"Curriculum, fees, faculty and an admission-enquiry form. Parents shortlist online, then visit.",34,16,16,10,https://www.google.com/maps/search/?api=1&query=Moni%20Motor%20Training%20%26%20Driving%20School%20Santosh%20Bhuvan%20Nalasopara
Mira Road-Vasai-Virar,210,B,76,Travmod Travels,Travel agency,Retail & Services,Vasai,Vasai,098810 55659,4.9,34,Starter,"₹15,000",15000,Tue-Thu 11:00-16:00,"Services, coverage area and a callback form so enquiries stop dying in missed calls.",32,15,19,10,https://www.google.com/maps/search/?api=1&query=Travmod%20Travels%20Vasai
Mira Road-Vasai-Virar,211,B,76,Vidia Academy,Coaching centre,Education & Training,JP North Mira Road,Mira Road / Bhayandar,084199 34238,4.8,31,Starter,"₹15,000",15000,Tue-Thu 11:00-13:00 / 15:00-17:00 (before evening batches),"Curriculum, fees, faculty and an admission-enquiry form. Parents shortlist online, then visit.",34,15,17,10,https://www.google.com/maps/search/?api=1&query=Vidia%20Academy%20JP%20North%20Mira%20Road
Mira Road-Vasai-Virar,212,B,76,JIM CATERERS,Caterer,Food & Events,Bhabola Vasai West,Vasai,092738 70785,4.8,28,Starter,"₹15,000",15000,Tue-Thu 11:00-16:00,Menu and package pages plus a date-availability enquiry form. Enquiries die in WhatsApp with no record today.,34,15,17,10,https://www.google.com/maps/search/?api=1&query=JIM%20CATERERS%20Bhabola%20Vasai%20West
Mira Road-Vasai-Virar,213,B,76,shree aadesh caterers and mandap service,Catering food and drink supplier,Food & Events,Global City Virar,Virar,079723 39749,4.9,20,Starter,"₹15,000",15000,Tue-Thu 11:00-16:00,Menu and package pages plus a date-availability enquiry form. Enquiries die in WhatsApp with no record today.,34,13,19,10,https://www.google.com/maps/search/?api=1&query=shree%20aadesh%20caterers%20and%20mandap%20service%20Global%20City%20Virar
Mira Road-Vasai-Virar,214,B,76,Sabri Caterers,Caterer,Food & Events,Vasai,Vasai,092269 70805,4.9,19,Starter,"₹15,000",15000,Tue-Thu 11:00-16:00,Menu and package pages plus a date-availability enquiry form. Enquiries die in WhatsApp with no record today.,34,13,19,10,https://www.google.com/maps/search/?api=1&query=Sabri%20Caterers%20Vasai
Mira Road-Vasai-Virar,215,B,76,Sai Bhola Mandap Decorators & Cateres,Wedding service,Food & Events,Ramdev Park Mira Road,Mira Road / Bhayandar,098927 42407,4.8,17,Growth,"₹45,000",45000,Tue-Thu 11:00-16:00,Menu and package pages plus a date-availability enquiry form. Enquiries die in WhatsApp with no record today.,36,13,17,10,https://www.google.com/maps/search/?api=1&query=Sai%20Bhola%20Mandap%20Decorators%20%26%20Cateres%20Ramdev%20Park%20Mira%20Road
Mira Road-Vasai-Virar,216,B,76,"Tax Consultants, Pratham Consultancy & Services",Tax consultant,Professional Services,Virar,Virar,099601 24414,4.8,10,Growth,"₹45,000",45000,Tue-Thu 11:00-13:00 / 16:00-18:00 (not before 1 Oct),"Services, registration credentials and a deadline-driven enquiry form. Clients verify a firm online before they call.",38,10,17,10,https://www.google.com/maps/search/?api=1&query=Tax%20Consultants%2C%20Pratham%20Consultancy%20%26%20Services%20Virar
Mira Road-Vasai-Virar,217,B,76,MEHTA GROUP OF ACCOUNTANCY & TAX CONSULTANCY,Tax preparation service,Professional Services,Viva College Road Virar,Virar,092842 90257,4.9,7,Growth,"₹45,000",45000,Tue-Thu 11:00-13:00 / 16:00-18:00 (not before 1 Oct),"Services, registration credentials and a deadline-driven enquiry form. Clients verify a firm online before they call.",38,9,19,10,https://www.google.com/maps/search/?api=1&query=MEHTA%20GROUP%20OF%20ACCOUNTANCY%20%26%20TAX%20CONSULTANCY%20Viva%20College%20Road%20Virar
Mira Road-Vasai-Virar,218,B,76,Royal Decor,Event management company,Food & Events,Vasai,Vasai,075061 70718,5,6,Growth,"₹45,000",45000,Tue-Thu 11:00-16:00,Menu and package pages plus a date-availability enquiry form. Enquiries die in WhatsApp with no record today.,38,8,20,10,https://www.google.com/maps/search/?api=1&query=Royal%20Decor%20Vasai
Mira Road-Vasai-Virar,219,B,76,FMS TAX CONSULTANTS,Tax consultant,Professional Services,Nalasopara,Nalasopara,092707 38831,5,6,Growth,"₹45,000",45000,Tue-Thu 11:00-13:00 / 16:00-18:00 (not before 1 Oct),"Services, registration credentials and a deadline-driven enquiry form. Clients verify a firm online before they call.",38,8,20,10,https://www.google.com/maps/search/?api=1&query=FMS%20TAX%20CONSULTANTS%20Nalasopara
Mira Road-Vasai-Virar,220,B,76,J P ASSOCIATES,Tax consultant,Professional Services,Viva College Road Virar,Virar,079775 27424,5,6,Growth,"₹45,000",45000,Tue-Thu 11:00-13:00 / 16:00-18:00 (not before 1 Oct),"Services, registration credentials and a deadline-driven enquiry form. Clients verify a firm online before they call.",38,8,20,10,https://www.google.com/maps/search/?api=1&query=J%20P%20ASSOCIATES%20Viva%20College%20Road%20Virar
Mira Road-Vasai-Virar,221,B,75,Shitla Motor Training School,Driving school,Education & Training,MTNL Road Mira Road,Mira Road / Bhayandar,093231 93823,4.2,154,Growth,"₹45,000",45000,Tue-Thu 11:00-13:00 / 15:00-17:00 (between batches),"Curriculum, fees, faculty and an admission-enquiry form. Parents shortlist online, then visit.",34,22,9,10,https://www.google.com/maps/search/?api=1&query=Shitla%20Motor%20Training%20School%20MTNL%20Road%20Mira%20Road
Mira Road-Vasai-Virar,222,B,75,Drive with Sneha Two Wheeler/Bike Training,Driving school,Education & Training,Virar,Virar,— none listed,5,129,Growth,"₹45,000",45000,Tue-Thu 11:00-13:00 / 15:00-17:00 (between batches),"Curriculum, fees, faculty and an admission-enquiry form. Parents shortlist online, then visit.",34,21,20,0,https://www.google.com/maps/search/?api=1&query=Drive%20with%20Sneha%20Two%20Wheeler/Bike%20Training%20Virar
Mira Road-Vasai-Virar,223,B,75,Charoliya Tax and Advisory,Accounting firm,Professional Services,Rassaz Mall Mira Road,Mira Road / Bhayandar,— none listed,4.8,84,Growth,"₹45,000",45000,Tue-Thu 11:00-13:00 / 16:00-18:00,"Services, registration credentials and a deadline-driven enquiry form. Clients verify a firm online before they call.",38,19,17,0,https://www.google.com/maps/search/?api=1&query=Charoliya%20Tax%20and%20Advisory%20Rassaz%20Mall%20Mira%20Road
Mira Road-Vasai-Virar,224,B,75,Sabir Khan Caterers,Caterer,Food & Events,Bhandar Ali Vasai,Vasai,096379 44437,4.5,54,Starter,"₹15,000",15000,Tue-Thu 11:00-16:00,Menu and package pages plus a date-availability enquiry form. Enquiries die in WhatsApp with no record today.,34,17,13,10,https://www.google.com/maps/search/?api=1&query=Sabir%20Khan%20Caterers%20Bhandar%20Ali%20Vasai
Mira Road-Vasai-Virar,225,B,75,Aniket Travels,Travel agency,Retail & Services,Datt Mandir Road Virar,Virar,099607 85688,4.7,45,Starter,"₹15,000",15000,Tue-Thu 11:00-16:00,"Services, coverage area and a callback form so enquiries stop dying in missed calls.",32,17,16,10,https://www.google.com/maps/search/?api=1&query=Aniket%20Travels%20Datt%20Mandir%20Road%20Virar
Mira Road-Vasai-Virar,226,B,75,MK Catering and Decorators (Pure Veg),Caterer,Food & Events,Tirupati Nagar Virar West,Virar,099235 88234,4.8,22,Starter,"₹15,000",15000,Tue-Thu 11:00-16:00,Menu and package pages plus a date-availability enquiry form. Enquiries die in WhatsApp with no record today.,34,14,17,10,https://www.google.com/maps/search/?api=1&query=MK%20Catering%20and%20Decorators%20%28Pure%20Veg%29%20Tirupati%20Nagar%20Virar%20West
Mira Road-Vasai-Virar,227,B,75,Shree Jay Ambe Caterers,Caterer,Food & Events,Vasai West,Vasai,078753 61616,4.8,20,Starter,"₹15,000",15000,Tue-Thu 11:00-16:00,Menu and package pages plus a date-availability enquiry form. Enquiries die in WhatsApp with no record today.,34,13,17,10,https://www.google.com/maps/search/?api=1&query=Shree%20Jay%20Ambe%20Caterers%20Vasai%20West
Mira Road-Vasai-Virar,228,B,75,Rajesh Events and Mandap Decorators,Event management company,Food & Events,60 Feet Road Mira Road,Mira Road / Bhayandar,098200 93430,4.6,15,Growth,"₹45,000",45000,Tue-Thu 11:00-16:00,Menu and package pages plus a date-availability enquiry form. Enquiries die in WhatsApp with no record today.,38,12,15,10,https://www.google.com/maps/search/?api=1&query=Rajesh%20Events%20and%20Mandap%20Decorators%2060%20Feet%20Road%20Mira%20Road
Mira Road-Vasai-Virar,229,B,75,Seema caterers vasai,Caterer,Food & Events,Vasai,Vasai,086988 93783,5,11,Starter,"₹15,000",15000,Tue-Thu 11:00-16:00,Menu and package pages plus a date-availability enquiry form. Enquiries die in WhatsApp with no record today.,34,11,20,10,https://www.google.com/maps/search/?api=1&query=Seema%20caterers%20vasai%20Vasai
Mira Road-Vasai-Virar,230,B,74,Physiotherapy in Bhayandar West - Dr. Aiswarya Pawar,Physiotherapy centre,Health & Wellness,Bhayandar West,Mira Road / Bhayandar,— none listed,4.9,93,Growth,"₹45,000",45000,Tue-Thu 11:00-13:00 / 16:00-19:00,"Practitioner credentials, treatments and online booking. Patients search the area before they phone.",36,20,19,0,https://www.google.com/maps/search/?api=1&query=Physiotherapy%20in%20Bhayandar%20West%20-%20Dr.%20Aiswarya%20Pawar%20Bhayandar%20West
Mira Road-Vasai-Virar,231,B,74,KVJ TOURS,Travel agency,Retail & Services,Agashi Road Virar,Virar,080877 99991,4.6,56,Starter,"₹15,000",15000,Tue-Thu 11:00-16:00,"Services, coverage area and a callback form so enquiries stop dying in missed calls.",32,18,15,10,https://www.google.com/maps/search/?api=1&query=KVJ%20TOURS%20Agashi%20Road%20Virar
Mira Road-Vasai-Virar,232,B,74,URBAN SHIELD Pest control Services,Pest control service,Retail & Services,Mira Road,Mira Road / Bhayandar,099206 73503,4.6,52,Starter,"₹15,000",15000,Tue-Thu 11:00-16:00,"Services, coverage area and a callback form so enquiries stop dying in missed calls.",32,17,15,10,https://www.google.com/maps/search/?api=1&query=URBAN%20SHIELD%20Pest%20control%20Services%20Mira%20Road
Mira Road-Vasai-Virar,233,B,74,Piyush celebration studio,Event planner,Food & Events,Chikhaldongari Virar,Virar,— none listed,5,37,Growth,"₹45,000",45000,Tue-Thu 11:00-16:00,Menu and package pages plus a date-availability enquiry form. Enquiries die in WhatsApp with no record today.,38,16,20,0,https://www.google.com/maps/search/?api=1&query=Piyush%20celebration%20studio%20Chikhaldongari%20Virar
Mira Road-Vasai-Virar,234,B,74,PRITAM STAGE AND MANDAP DECORATORS,Caterer,Food & Events,Vasai,Vasai,078880 77887,4.7,23,Starter,"₹15,000",15000,Tue-Thu 11:00-16:00,Menu and package pages plus a date-availability enquiry form. Enquiries die in WhatsApp with no record today.,34,14,16,10,https://www.google.com/maps/search/?api=1&query=PRITAM%20STAGE%20AND%20MANDAP%20DECORATORS%20Vasai
Mira Road-Vasai-Virar,235,B,74,CHAUDHARY PUROHIT & CO,Chartered accountant,Professional Services,Navghar Road Bhayandar,Mira Road / Bhayandar,093214 18902,4.5,11,Growth,"₹45,000",45000,Tue-Thu 11:00-13:00 / 16:00-18:00 (not before 1 Oct),"Services, registration credentials and a deadline-driven enquiry form. Clients verify a firm online before they call.",40,11,13,10,https://www.google.com/maps/search/?api=1&query=CHAUDHARY%20PUROHIT%20%26%20CO%20Navghar%20Road%20Bhayandar
Mira Road-Vasai-Virar,236,B,74,Shree Tirth Catering Services And Mandap Decoration,Caterer,Food & Events,Virar,Virar,087930 06879,5,9,Starter,"₹15,000",15000,Tue-Thu 11:00-16:00,Menu and package pages plus a date-availability enquiry form. Enquiries die in WhatsApp with no record today.,34,10,20,10,https://www.google.com/maps/search/?api=1&query=Shree%20Tirth%20Catering%20Services%20And%20Mandap%20Decoration%20Virar
Mira Road-Vasai-Virar,237,C,73,Sujal classes,Coaching centre,Education & Training,Nalasopara Station Road,Nalasopara,099752 99709,4.3,62,Growth,"₹45,000",45000,Tue-Thu 11:00-13:00 / 15:00-17:00 (before evening batches),"Curriculum, fees, faculty and an admission-enquiry form. Parents shortlist online, then visit.",34,18,11,10,https://www.google.com/maps/search/?api=1&query=Sujal%20classes%20Nalasopara%20Station%20Road
Mira Road-Vasai-Virar,238,C,73,Sai Bhakti Tours And Travels,Travel agency,Retail & Services,Bhayandar,Mira Road / Bhayandar,098195 46262,5,13,Starter,"₹15,000",15000,Tue-Thu 11:00-16:00,"Services, coverage area and a callback form so enquiries stop dying in missed calls.",32,11,20,10,https://www.google.com/maps/search/?api=1&query=Sai%20Bhakti%20Tours%20And%20Travels%20Bhayandar
Mira Road-Vasai-Virar,239,C,73,Sai Krishna Mandap Decorators & Caterers,Event planner,Food & Events,Mari Gold Road Mira Road,Mira Road / Bhayandar,080800 74925,4.7,7,Growth,"₹45,000",45000,Tue-Thu 11:00-16:00,Menu and package pages plus a date-availability enquiry form. Enquiries die in WhatsApp with no record today.,38,9,16,10,https://www.google.com/maps/search/?api=1&query=Sai%20Krishna%20Mandap%20Decorators%20%26%20Caterers%20Mari%20Gold%20Road%20Mira%20Road
Mira Road-Vasai-Virar,240,C,72,SVR Science,Coaching centre,Education & Training,Tulinj Nalasopara,Nalasopara,— none listed,4.7,167,Growth,"₹45,000",45000,Tue-Thu 11:00-13:00 / 15:00-17:00 (before evening batches),"Curriculum, fees, faculty and an admission-enquiry form. Parents shortlist online, then visit.",34,22,16,0,https://www.google.com/maps/search/?api=1&query=SVR%20Science%20Tulinj%20Nalasopara
Mira Road-Vasai-Virar,241,C,72,Ultra Care Pest Control Service,Pest control service,Retail & Services,MIDC Road Mira Road East,Mira Road / Bhayandar,099679 15012,4.4,66,Growth,"₹45,000",45000,Tue-Thu 11:00-16:00,"Services, coverage area and a callback form so enquiries stop dying in missed calls.",32,18,12,10,https://www.google.com/maps/search/?api=1&query=Ultra%20Care%20Pest%20Control%20Service%20MIDC%20Road%20Mira%20Road%20East
Mira Road-Vasai-Virar,242,C,72,Happy Heartzs Preschool,Preschool,Education & Training,Nalasopara,Nalasopara,091758 71517,4.4,27,Growth,"₹45,000",45000,Tue-Thu 11:00-13:00 (before pickup),"Curriculum, fees, faculty and an admission-enquiry form. Parents shortlist online, then visit.",36,14,12,10,https://www.google.com/maps/search/?api=1&query=Happy%20Heartzs%20Preschool%20Nalasopara
Mira Road-Vasai-Virar,243,C,72,Neeta caterers,Restaurant supply store,Food & Events,Nalasopara,Nalasopara,099751 88967,4.9,20,Starter,"₹15,000",15000,Tue-Thu 11:00-16:00,Menu and package pages plus a date-availability enquiry form. Enquiries die in WhatsApp with no record today.,30,13,19,10,https://www.google.com/maps/search/?api=1&query=Neeta%20caterers%20Nalasopara
Mira Road-Vasai-Virar,244,C,72,CA Parichay Patil & Co,Certified public accountant,Professional Services,Virar,Virar,— none listed,5,14,Growth,"₹45,000",45000,Tue-Thu 11:00-13:00 / 16:00-18:00 (not before 1 Oct),"Services, registration credentials and a deadline-driven enquiry form. Clients verify a firm online before they call.",40,12,20,0,https://www.google.com/maps/search/?api=1&query=CA%20Parichay%20Patil%20%26%20Co%20Virar
Mira Road-Vasai-Virar,245,C,71,Mandlik Motor Training School,Driving school,Education & Training,Mira Road,Mira Road / Bhayandar,098673 92232,4.2,63,Growth,"₹45,000",45000,Tue-Thu 11:00-13:00 / 15:00-17:00 (between batches),"Curriculum, fees, faculty and an admission-enquiry form. Parents shortlist online, then visit.",34,18,9,10,https://www.google.com/maps/search/?api=1&query=Mandlik%20Motor%20Training%20School%20Mira%20Road
Mira Road-Vasai-Virar,246,C,71,D.S. Mishra Tax Consultants,Tax consultant,Professional Services,Global City Virar,Virar,— none listed,4.9,27,Growth,"₹45,000",45000,Tue-Thu 11:00-13:00 / 16:00-18:00 (not before 1 Oct),"Services, registration credentials and a deadline-driven enquiry form. Clients verify a firm online before they call.",38,14,19,0,https://www.google.com/maps/search/?api=1&query=D.S.%20Mishra%20Tax%20Consultants%20Global%20City%20Virar
Mira Road-Vasai-Virar,247,C,71,Shree Balaji Estate Agency,Real estate consultant,Retail & Services,Bhayandar West,Mira Road / Bhayandar,098212 88352,4.3,24,Growth,"₹45,000",45000,Tue-Thu 11:00-16:00,"Services, coverage area and a callback form so enquiries stop dying in missed calls.",36,14,11,10,https://www.google.com/maps/search/?api=1&query=Shree%20Balaji%20Estate%20Agency%20Bhayandar%20West
Mira Road-Vasai-Virar,248,C,71,SHELAR & ASSOCIATES,Tax consultant,Professional Services,Bolinj Road Virar,Virar,— none listed,5,18,Growth,"₹45,000",45000,Tue-Thu 11:00-13:00 / 16:00-18:00 (not before 1 Oct),"Services, registration credentials and a deadline-driven enquiry form. Clients verify a firm online before they call.",38,13,20,0,https://www.google.com/maps/search/?api=1&query=SHELAR%20%26%20ASSOCIATES%20Bolinj%20Road%20Virar
Mira Road-Vasai-Virar,249,C,71,Sai Raj Tours & Travels,Travel agency,Retail & Services,Virar East,Virar,098602 15315,4.9,10,Starter,"₹15,000",15000,Tue-Thu 11:00-16:00,"Services, coverage area and a callback form so enquiries stop dying in missed calls.",32,10,19,10,https://www.google.com/maps/search/?api=1&query=Sai%20Raj%20Tours%20%26%20Travels%20Virar%20East
Mira Road-Vasai-Virar,250,C,70,Radha Krishna Catering & Decorators,Caterer,Food & Events,Mira Road East,Mira Road / Bhayandar,098211 86049,4.1,68,Growth,"₹45,000",45000,Tue-Thu 11:00-16:00,Menu and package pages plus a date-availability enquiry form. Enquiries die in WhatsApp with no record today.,34,18,8,10,https://www.google.com/maps/search/?api=1&query=Radha%20Krishna%20Catering%20%26%20Decorators%20Mira%20Road%20East
Mira Road-Vasai-Virar,251,C,70,PRABHASHIV DIAGNOSTIC CENTRE,Diagnostic centre,Health & Wellness,Tulinj Road Nalasopara,Nalasopara,079000 92062,4,54,Growth,"₹45,000",45000,Tue-Thu 11:00-13:00 / 15:00-17:00 (after morning collection rush),"Practitioner credentials, treatments and online booking. Patients search the area before they phone.",36,17,7,10,https://www.google.com/maps/search/?api=1&query=PRABHASHIV%20DIAGNOSTIC%20CENTRE%20Tulinj%20Road%20Nalasopara
Mira Road-Vasai-Virar,252,C,70,Vijay Decorators (Mandap and Catering),Caterer,Food & Events,Kalamb Nalasopara,Nalasopara,— none listed,4.9,50,Starter,"₹15,000",15000,Tue-Thu 11:00-16:00,Menu and package pages plus a date-availability enquiry form. Enquiries die in WhatsApp with no record today.,34,17,19,0,https://www.google.com/maps/search/?api=1&query=Vijay%20Decorators%20%28Mandap%20and%20Catering%29%20Kalamb%20Nalasopara
Mira Road-Vasai-Virar,253,C,70,K. M. Diagnostic Center,Diagnostic centre,Health & Wellness,Nalasopara,Nalasopara,— none listed,4.9,34,Growth,"₹45,000",45000,Tue-Thu 11:00-13:00 / 15:00-17:00 (after morning collection rush),"Practitioner credentials, treatments and online booking. Patients search the area before they phone.",36,15,19,0,https://www.google.com/maps/search/?api=1&query=K.%20M.%20Diagnostic%20Center%20Nalasopara
Mira Road-Vasai-Virar,254,C,70,Indian Mandap Decorators,Wedding planner,Food & Events,Mira Road,Mira Road / Bhayandar,077388 30839,4.6,5,Growth,"₹45,000",45000,Tue-Thu 11:00-16:00,Menu and package pages plus a date-availability enquiry form. Enquiries die in WhatsApp with no record today.,38,8,15,10,https://www.google.com/maps/search/?api=1&query=Indian%20Mandap%20Decorators%20Mira%20Road
Mira Road-Vasai-Virar,255,C,69,Awesome Coaching Classes,Coaching centre,Education & Training,Vasai,Vasai,— none listed,4.8,64,Growth,"₹45,000",45000,Tue-Thu 11:00-13:00 / 15:00-17:00 (before evening batches),"Curriculum, fees, faculty and an admission-enquiry form. Parents shortlist online, then visit.",34,18,17,0,https://www.google.com/maps/search/?api=1&query=Awesome%20Coaching%20Classes%20Vasai
Mira Road-Vasai-Virar,256,C,69,GHOLE PEST CONTROL SERVICE,Pest control service,Retail & Services,Vasai West,Vasai,— none listed,5,48,Starter,"₹15,000",15000,Tue-Thu 11:00-16:00,"Services, coverage area and a callback form so enquiries stop dying in missed calls.",32,17,20,0,https://www.google.com/maps/search/?api=1&query=GHOLE%20PEST%20CONTROL%20SERVICE%20Vasai%20West
Mira Road-Vasai-Virar,257,C,69,CORREIA MANDAP & EVENTS,Event management company,Food & Events,Virar,Virar,— none listed,4.7,32,Growth,"₹45,000",45000,Tue-Thu 11:00-16:00,Menu and package pages plus a date-availability enquiry form. Enquiries die in WhatsApp with no record today.,38,15,16,0,https://www.google.com/maps/search/?api=1&query=CORREIA%20MANDAP%20%26%20EVENTS%20Virar
Mira Road-Vasai-Virar,258,C,69,KGN Caterers,Catering food and drink supplier,Food & Events,Manvelpada Virar East,Virar,070668 53492,4.3,24,Starter,"₹15,000",15000,Tue-Thu 11:00-16:00,Menu and package pages plus a date-availability enquiry form. Enquiries die in WhatsApp with no record today.,34,14,11,10,https://www.google.com/maps/search/?api=1&query=KGN%20Caterers%20Manvelpada%20Virar%20East
Mira Road-Vasai-Virar,259,C,69,Shree Siddharth Caterers and Mandap Decorators,Event planner,Food & Events,Vasai,Vasai,085509 17044,4.1,18,Growth,"₹45,000",45000,Tue-Thu 11:00-16:00,Menu and package pages plus a date-availability enquiry form. Enquiries die in WhatsApp with no record today.,38,13,8,10,https://www.google.com/maps/search/?api=1&query=Shree%20Siddharth%20Caterers%20and%20Mandap%20Decorators%20Vasai
Mira Road-Vasai-Virar,260,C,69,PATHOPLUS DIAGNOSTIC CENTRE,Diagnostic centre,Health & Wellness,Yashwant Gaurav Nalasopara,Nalasopara,— none listed,5,17,Growth,"₹45,000",45000,Tue-Thu 11:00-13:00 / 15:00-17:00 (after morning collection rush),"Practitioner credentials, treatments and online booking. Patients search the area before they phone.",36,13,20,0,https://www.google.com/maps/search/?api=1&query=PATHOPLUS%20DIAGNOSTIC%20CENTRE%20Yashwant%20Gaurav%20Nalasopara
Mira Road-Vasai-Virar,261,C,68,MICHAEL TRAVEL SERVICE,Travel agency,Retail & Services,Manickpur Vasai West,Vasai,096041 51631,3.8,161,Growth,"₹45,000",45000,Tue-Thu 11:00-16:00,"Services, coverage area and a callback form so enquiries stop dying in missed calls.",32,22,4,10,https://www.google.com/maps/search/?api=1&query=MICHAEL%20TRAVEL%20SERVICE%20Manickpur%20Vasai%20West
Mira Road-Vasai-Virar,262,C,68,Tiwari Tours & Travels,Travel agency,Retail & Services,Nalasopara,Nalasopara,— none listed,4.8,74,Growth,"₹45,000",45000,Tue-Thu 11:00-16:00,"Services, coverage area and a callback form so enquiries stop dying in missed calls.",32,19,17,0,https://www.google.com/maps/search/?api=1&query=Tiwari%20Tours%20%26%20Travels%20Nalasopara
Mira Road-Vasai-Virar,263,C,68,Patil Pest Controls,Pest control service,Retail & Services,Vasai,Vasai,098810 65630,4.1,65,Growth,"₹45,000",45000,Tue-Thu 11:00-16:00,"Services, coverage area and a callback form so enquiries stop dying in missed calls.",32,18,8,10,https://www.google.com/maps/search/?api=1&query=Patil%20Pest%20Controls%20Vasai
Mira Road-Vasai-Virar,264,C,68,Abhishek Motor Training School,Driving school,Education & Training,Datta Nagar Nalasopara,Nalasopara,081491 26277,4,49,Starter,"₹15,000",15000,Tue-Thu 11:00-13:00 / 15:00-17:00 (between batches),"Curriculum, fees, faculty and an admission-enquiry form. Parents shortlist online, then visit.",34,17,7,10,https://www.google.com/maps/search/?api=1&query=Abhishek%20Motor%20Training%20School%20Datta%20Nagar%20Nalasopara
Mira Road-Vasai-Virar,265,C,68,SELF DRIVE ACTIVA/BIKE & CAR PERSONAL TRAINING,Driving school,Education & Training,Bhayandar,Mira Road / Bhayandar,— none listed,4.9,36,Starter,"₹15,000",15000,Tue-Thu 11:00-13:00 / 15:00-17:00 (between batches),"Curriculum, fees, faculty and an admission-enquiry form. Parents shortlist online, then visit.",34,16,19,0,https://www.google.com/maps/search/?api=1&query=SELF%20DRIVE%20ACTIVA/BIKE%20%26%20CAR%20PERSONAL%20TRAINING%20Bhayandar
Mira Road-Vasai-Virar,266,C,68,Jai Jalaram Caterers,Caterer,Food & Events,Bhayandar,Mira Road / Bhayandar,— none listed,5,26,Starter,"₹15,000",15000,Tue-Thu 11:00-16:00,Menu and package pages plus a date-availability enquiry form. Enquiries die in WhatsApp with no record today.,34,14,20,0,https://www.google.com/maps/search/?api=1&query=Jai%20Jalaram%20Caterers%20Bhayandar
Mira Road-Vasai-Virar,267,C,68,Property Spot Homes Private Limited,Real estate consultant,Retail & Services,Nalasopara,Nalasopara,— none listed,5,14,Growth,"₹45,000",45000,Tue-Thu 11:00-16:00,"Services, coverage area and a callback form so enquiries stop dying in missed calls.",36,12,20,0,https://www.google.com/maps/search/?api=1&query=Property%20Spot%20Homes%20Private%20Limited%20Nalasopara
Mira Road-Vasai-Virar,268,C,68,Rahate mandap Decorators and Event planner,Event planner,Food & Events,Phanaspada Vasai,Vasai,098505 21757,4.2,10,Growth,"₹45,000",45000,Tue-Thu 11:00-16:00,Menu and package pages plus a date-availability enquiry form. Enquiries die in WhatsApp with no record today.,38,10,9,10,https://www.google.com/maps/search/?api=1&query=Rahate%20mandap%20Decorators%20and%20Event%20planner%20Phanaspada%20Vasai
Mira Road-Vasai-Virar,269,C,68,National Caterers,Caterer,Food & Events,Chavdi Naka Nalasopara,Nalasopara,097654 86305,4.6,7,Starter,"₹15,000",15000,Tue-Thu 11:00-16:00,Menu and package pages plus a date-availability enquiry form. Enquiries die in WhatsApp with no record today.,34,9,15,10,https://www.google.com/maps/search/?api=1&query=National%20Caterers%20Chavdi%20Naka%20Nalasopara
Mira Road-Vasai-Virar,270,C,67,shagun motor training school,Driving school,Education & Training,Manvelpada Virar,Virar,090823 82199,3.9,58,Starter,"₹15,000",15000,Tue-Thu 11:00-13:00 / 15:00-17:00 (between batches),"Curriculum, fees, faculty and an admission-enquiry form. Parents shortlist online, then visit.",34,18,5,10,https://www.google.com/maps/search/?api=1&query=shagun%20motor%20training%20school%20Manvelpada%20Virar
Mira Road-Vasai-Virar,271,C,67,Shri parvati caterers and services,Caterer,Food & Events,Taki Road Nalasopara,Nalasopara,098195 60697,4.3,15,Starter,"₹15,000",15000,Tue-Thu 11:00-16:00,Menu and package pages plus a date-availability enquiry form. Enquiries die in WhatsApp with no record today.,34,12,11,10,https://www.google.com/maps/search/?api=1&query=Shri%20parvati%20caterers%20and%20services%20Taki%20Road%20Nalasopara
Mira Road-Vasai-Virar,272,C,67,Dras balloon decoration,Event management company,Food & Events,Nalasopara-Vasai Link Road,Vasai,— none listed,4.9,11,Growth,"₹45,000",45000,Tue-Thu 11:00-16:00,Menu and package pages plus a date-availability enquiry form. Enquiries die in WhatsApp with no record today.,38,11,19,0,https://www.google.com/maps/search/?api=1&query=Dras%20balloon%20decoration%20Nalasopara-Vasai%20Link%20Road
Mira Road-Vasai-Virar,273,C,67,SHIV MOTOR TRAINING SCHOOL,Driving school,Education & Training,Station Road Bhayandar,Mira Road / Bhayandar,070393 92015,4.5,8,Starter,"₹15,000",15000,Tue-Thu 11:00-13:00 / 15:00-17:00 (between batches),"Curriculum, fees, faculty and an admission-enquiry form. Parents shortlist online, then visit.",34,10,13,10,https://www.google.com/maps/search/?api=1&query=SHIV%20MOTOR%20TRAINING%20SCHOOL%20Station%20Road%20Bhayandar
Mira Road-Vasai-Virar,274,C,67,Fatima decorators and cateres,Wedding planner,Food & Events,Manickpur Vasai West,Vasai,— none listed,5,7,Growth,"₹45,000",45000,Tue-Thu 11:00-16:00,Menu and package pages plus a date-availability enquiry form. Enquiries die in WhatsApp with no record today.,38,9,20,0,https://www.google.com/maps/search/?api=1&query=Fatima%20decorators%20and%20cateres%20Manickpur%20Vasai%20West
Mira Road-Vasai-Virar,275,C,66,Rangmanch Dance Academy,Dance school,Education & Training,Poonam Estate Mira Road,Mira Road / Bhayandar,087677 10786,3.4,261,Growth,"₹45,000",45000,Tue-Thu 12:00-16:00 (before evening batches),"Curriculum, fees, faculty and an admission-enquiry form. Parents shortlist online, then visit.",32,24,0,10,https://www.google.com/maps/search/?api=1&query=Rangmanch%20Dance%20Academy%20Poonam%20Estate%20Mira%20Road
Mira Road-Vasai-Virar,276,C,66,ALOKYA SERVICES PEST CONTROL,Pest control service,Retail & Services,Virar,Virar,081048 48933,3.7,123,Growth,"₹45,000",45000,Tue-Thu 11:00-16:00,"Services, coverage area and a callback form so enquiries stop dying in missed calls.",32,21,3,10,https://www.google.com/maps/search/?api=1&query=ALOKYA%20SERVICES%20PEST%20CONTROL%20Virar
Mira Road-Vasai-Virar,277,C,66,Janta Motors Training School & RTO Consultant,Driving school,Education & Training,Navghar Road Bhayandar,Mira Road / Bhayandar,092224 41896,3.8,60,Growth,"₹45,000",45000,Tue-Thu 11:00-13:00 / 15:00-17:00 (between batches),"Curriculum, fees, faculty and an admission-enquiry form. Parents shortlist online, then visit.",34,18,4,10,https://www.google.com/maps/search/?api=1&query=Janta%20Motors%20Training%20School%20%26%20RTO%20Consultant%20Navghar%20Road%20Bhayandar
Mira Road-Vasai-Virar,278,C,66,Mitansh Motor Training School,Driving school,Education & Training,Virar East,Virar,098905 15520,4.4,10,Starter,"₹15,000",15000,Tue-Thu 11:00-13:00 / 15:00-17:00 (between batches),"Curriculum, fees, faculty and an admission-enquiry form. Parents shortlist online, then visit.",34,10,12,10,https://www.google.com/maps/search/?api=1&query=Mitansh%20Motor%20Training%20School%20Virar%20East
Mira Road-Vasai-Virar,279,C,66,New Mandap Decorator,Tent house supplier,Food & Events,Station Road Mira Road,Mira Road / Bhayandar,090045 25472,4.7,6,Starter,"₹15,000",15000,Tue-Thu 11:00-16:00,Menu and package pages plus a date-availability enquiry form. Enquiries die in WhatsApp with no record today.,32,8,16,10,https://www.google.com/maps/search/?api=1&query=New%20Mandap%20Decorator%20Station%20Road%20Mira%20Road
Mira Road-Vasai-Virar,280,C,65,Vaishnavi Tours And Travels,Travel agency,Retail & Services,Sky Road Nalasopara,Nalasopara,— none listed,4.6,65,Growth,"₹45,000",45000,Tue-Thu 11:00-16:00,"Services, coverage area and a callback form so enquiries stop dying in missed calls.",32,18,15,0,https://www.google.com/maps/search/?api=1&query=Vaishnavi%20Tours%20And%20Travels%20Sky%20Road%20Nalasopara
Mira Road-Vasai-Virar,281,C,64,MONI MOTOR TRAINING SCHOOL,Driving school,Education & Training,Central Park Road Nalasopara,Nalasopara,070214 19846,3.7,48,Starter,"₹15,000",15000,Tue-Thu 11:00-13:00 / 15:00-17:00 (between batches),"Curriculum, fees, faculty and an admission-enquiry form. Parents shortlist online, then visit.",34,17,3,10,https://www.google.com/maps/search/?api=1&query=MONI%20MOTOR%20TRAINING%20SCHOOL%20Central%20Park%20Road%20Nalasopara
Mira Road-Vasai-Virar,282,C,64,Decor By Rahil Event,Event management company,Food & Events,Nalasopara,Nalasopara,077588 66107,3.6,29,Growth,"₹45,000",45000,Tue-Thu 11:00-16:00,Menu and package pages plus a date-availability enquiry form. Enquiries die in WhatsApp with no record today.,38,15,1,10,https://www.google.com/maps/search/?api=1&query=Decor%20By%20Rahil%20Event%20Nalasopara
Mira Road-Vasai-Virar,283,C,64,Dilawar Caterers,Caterer,Food & Events,Achole Nalasopara,Nalasopara,086004 66849,4.1,15,Starter,"₹15,000",15000,Tue-Thu 11:00-16:00,Menu and package pages plus a date-availability enquiry form. Enquiries die in WhatsApp with no record today.,34,12,8,10,https://www.google.com/maps/search/?api=1&query=Dilawar%20Caterers%20Achole%20Nalasopara
Mira Road-Vasai-Virar,284,C,64,Famous Caterers,Restaurant,Food & Events,Vasai East,Vasai,097643 78004,4.6,12,Starter,"₹15,000",15000,Tue-Thu 11:00-16:00,Menu and package pages plus a date-availability enquiry form. Enquiries die in WhatsApp with no record today.,28,11,15,10,https://www.google.com/maps/search/?api=1&query=Famous%20Caterers%20Vasai%20East
Mira Road-Vasai-Virar,285,C,64,"Jalan sandeep & Co, Chartered Accountants",Chartered accountant,Professional Services,Bhayandar,Mira Road / Bhayandar,— none listed,4.5,10,Growth,"₹45,000",45000,Tue-Thu 11:00-13:00 / 16:00-18:00 (not before 1 Oct),"Services, registration credentials and a deadline-driven enquiry form. Clients verify a firm online before they call.",40,10,13,0,https://www.google.com/maps/search/?api=1&query=Jalan%20sandeep%20%26%20Co%2C%20Chartered%20Accountants%20Bhayandar
Mira Road-Vasai-Virar,286,C,62,Disha Driving School,Driving school,Education & Training,Achole Cross Road Nalasopara,Nalasopara,082372 44189,3.5,64,Growth,"₹45,000",45000,Tue-Thu 11:00-13:00 / 15:00-17:00 (between batches),"Curriculum, fees, faculty and an admission-enquiry form. Parents shortlist online, then visit.",34,18,0,10,https://www.google.com/maps/search/?api=1&query=Disha%20Driving%20School%20Achole%20Cross%20Road%20Nalasopara
Mira Road-Vasai-Virar,287,C,62,Swad Caterers and mandap decorators,Restaurant supply store,Food & Events,Bolinj Nalasopara,Nalasopara,— none listed,4.7,41,Starter,"₹15,000",15000,Tue-Thu 11:00-16:00,Menu and package pages plus a date-availability enquiry form. Enquiries die in WhatsApp with no record today.,30,16,16,0,https://www.google.com/maps/search/?api=1&query=Swad%20Caterers%20and%20mandap%20decorators%20Bolinj%20Nalasopara
Mira Road-Vasai-Virar,288,C,62,Bhayandar Motor Training School,Driving school,Education & Training,Bhayandar,Mira Road / Bhayandar,088501 41497,3.8,22,Starter,"₹15,000",15000,Tue-Thu 11:00-13:00 / 15:00-17:00 (between batches),"Curriculum, fees, faculty and an admission-enquiry form. Parents shortlist online, then visit.",34,14,4,10,https://www.google.com/maps/search/?api=1&query=Bhayandar%20Motor%20Training%20School%20Bhayandar
Mira Road-Vasai-Virar,289,C,62,Love Birds Decorators,Event planner,Food & Events,Virar,Virar,099694 55944,3.7,12,Growth,"₹45,000",45000,Tue-Thu 11:00-16:00,Menu and package pages plus a date-availability enquiry form. Enquiries die in WhatsApp with no record today.,38,11,3,10,https://www.google.com/maps/search/?api=1&query=Love%20Birds%20Decorators%20Virar
Mira Road-Vasai-Virar,290,C,62,NALLASOPARA MOTOR TRAINING SCHOOL,Driving school,Education & Training,Yashwant Gaurav Nalasopara,Nalasopara,— none listed,5,6,Starter,"₹15,000",15000,Tue-Thu 11:00-13:00 / 15:00-17:00 (between batches),"Curriculum, fees, faculty and an admission-enquiry form. Parents shortlist online, then visit.",34,8,20,0,https://www.google.com/maps/search/?api=1&query=NALLASOPARA%20MOTOR%20TRAINING%20SCHOOL%20Yashwant%20Gaurav%20Nalasopara
Mira Road-Vasai-Virar,291,C,61,Chem-Tech Agro & Pest Control Services,Pest control service,Retail & Services,St Depot Road Nalasopara,Nalasopara,081497 33488,3.6,56,Starter,"₹15,000",15000,Tue-Thu 11:00-16:00,"Services, coverage area and a callback form so enquiries stop dying in missed calls.",32,18,1,10,https://www.google.com/maps/search/?api=1&query=Chem-Tech%20Agro%20%26%20Pest%20Control%20Services%20St%20Depot%20Road%20Nalasopara
Mira Road-Vasai-Virar,292,C,61,pest control wale,Pest control service,Retail & Services,Dange Nalasopara,Nalasopara,076202 25705,3.6,54,Starter,"₹15,000",15000,Tue-Thu 11:00-16:00,"Services, coverage area and a callback form so enquiries stop dying in missed calls.",32,17,1,10,https://www.google.com/maps/search/?api=1&query=pest%20control%20wale%20Dange%20Nalasopara
Mira Road-Vasai-Virar,293,C,61,Al Lazeez Food Court & Catering Services,Caterer,Food & Events,Evershine City Vasai East,Vasai,0250 234 8800,3.3,48,Starter,"₹15,000",15000,Tue-Thu 11:00-16:00,Menu and package pages plus a date-availability enquiry form. Enquiries die in WhatsApp with no record today.,34,17,0,10,https://www.google.com/maps/search/?api=1&query=Al%20Lazeez%20Food%20Court%20%26%20Catering%20Services%20Evershine%20City%20Vasai%20East
Mira Road-Vasai-Virar,294,C,61,Abhishek motor training school (VIRAR),Driving school,Education & Training,Virar,Virar,099870 64733,3.8,17,Starter,"₹15,000",15000,Tue-Thu 11:00-13:00 / 15:00-17:00 (between batches),"Curriculum, fees, faculty and an admission-enquiry form. Parents shortlist online, then visit.",34,13,4,10,https://www.google.com/maps/search/?api=1&query=Abhishek%20motor%20training%20school%20%28VIRAR%29%20Virar
Mira Road-Vasai-Virar,295,C,61,Shandar Caterers Branch 1,Caterer,Food & Events,Achole Road Nalasopara East,Nalasopara,092261 50285,3.9,13,Starter,"₹15,000",15000,Tue-Thu 11:00-16:00,Menu and package pages plus a date-availability enquiry form. Enquiries die in WhatsApp with no record today.,34,11,5,10,https://www.google.com/maps/search/?api=1&query=Shandar%20Caterers%20Branch%201%20Achole%20Road%20Nalasopara%20East
Mira Road-Vasai-Virar,296,C,60,Arvind Motor Driving School,Driving school,Education & Training,Vasai,Vasai,090498 25002,3.6,30,Starter,"₹15,000",15000,Tue-Thu 11:00-13:00 / 15:00-17:00 (between batches),"Curriculum, fees, faculty and an admission-enquiry form. Parents shortlist online, then visit.",34,15,1,10,https://www.google.com/maps/search/?api=1&query=Arvind%20Motor%20Driving%20School%20Vasai
Mira Road-Vasai-Virar,297,C,60,Sheetal Decorators,Wedding service,Food & Events,Station Road Mira Road,Mira Road / Bhayandar,098194 81855,4,5,Growth,"₹45,000",45000,Tue-Thu 11:00-16:00,Menu and package pages plus a date-availability enquiry form. Enquiries die in WhatsApp with no record today.,36,8,7,10,https://www.google.com/maps/search/?api=1&query=Sheetal%20Decorators%20Station%20Road%20Mira%20Road
Mira Road-Vasai-Virar,298,C,59,Chohan Motor Driving School,Driving school,Education & Training,Virar,Virar,097699 82156,3.4,29,Starter,"₹15,000",15000,Tue-Thu 11:00-13:00 / 15:00-17:00 (between batches),"Curriculum, fees, faculty and an admission-enquiry form. Parents shortlist online, then visit.",34,15,0,10,https://www.google.com/maps/search/?api=1&query=Chohan%20Motor%20Driving%20School%20Virar
Mira Road-Vasai-Virar,299,C,58,Kajal Marriage Ground - Caterers and Mandap Decorators,Wedding venue,Food & Events,Indralok Bhayandar,Mira Road / Bhayandar,— none listed,3.9,46,Growth,"₹45,000",45000,Tue-Thu 11:00-16:00,Menu and package pages plus a date-availability enquiry form. Enquiries die in WhatsApp with no record today.,36,17,5,0,https://www.google.com/maps/search/?api=1&query=Kajal%20Marriage%20Ground%20-%20Caterers%20and%20Mandap%20Decorators%20Indralok%20Bhayandar
Mira Road-Vasai-Virar,300,C,58,Accord Motor Driving School,Driving school,Education & Training,St Depot Road Nalasopara,Nalasopara,088065 84999,3.6,16,Starter,"₹15,000",15000,Tue-Thu 11:00-13:00 / 15:00-17:00 (between batches),"Curriculum, fees, faculty and an admission-enquiry form. Parents shortlist online, then visit.",34,12,1,10,https://www.google.com/maps/search/?api=1&query=Accord%20Motor%20Driving%20School%20St%20Depot%20Road%20Nalasopara
Mira Road-Vasai-Virar,301,C,56,Suraj Motor Training School Nallasopara East,Driving school,Education & Training,Nalasopara East,Nalasopara,072084 69426,2.2,16,Starter,"₹15,000",15000,Tue-Thu 11:00-13:00 / 15:00-17:00 (between batches),"Curriculum, fees, faculty and an admission-enquiry form. Parents shortlist online, then visit.",34,12,0,10,https://www.google.com/maps/search/?api=1&query=Suraj%20Motor%20Training%20School%20Nallasopara%20East%20Nalasopara%20East
Mira Road-Vasai-Virar,302,C,55,Harshad Motor Training School,Driving school,Education & Training,Cabin Road Bhayandar,Mira Road / Bhayandar,098674 07533,3.1,12,Starter,"₹15,000",15000,Tue-Thu 11:00-13:00 / 15:00-17:00 (between batches),"Curriculum, fees, faculty and an admission-enquiry form. Parents shortlist online, then visit.",34,11,0,10,https://www.google.com/maps/search/?api=1&query=Harshad%20Motor%20Training%20School%20Cabin%20Road%20Bhayandar
Mira Road-Vasai-Virar,303,C,54,RUBY MANDAP DECORATORS,Tent house supplier,Food & Events,Pelhar Vasai,Vasai,— none listed,4.2,19,Starter,"₹15,000",15000,Tue-Thu 11:00-16:00,Menu and package pages plus a date-availability enquiry form. Enquiries die in WhatsApp with no record today.,32,13,9,0,https://www.google.com/maps/search/?api=1&query=RUBY%20MANDAP%20DECORATORS%20Pelhar%20Vasai
Mira Road-Vasai-Virar,304,C,52,Shagird Decorators,Event venue,Food & Events,Uttan Road Bhayandar,Mira Road / Bhayandar,— none listed,4.1,9,Starter,"₹15,000",15000,Tue-Thu 11:00-16:00,Menu and package pages plus a date-availability enquiry form. Enquiries die in WhatsApp with no record today.,34,10,8,0,https://www.google.com/maps/search/?api=1&query=Shagird%20Decorators%20Uttan%20Road%20Bhayandar
Delhi,1,A,96,Advocate Jatin Grover,Criminal lawyer,Legal,Karkardooma Court,East Delhi,099538 47414,5,367,Custom,"₹1,20,000+",120000,Tue-Thu 14:00-17:00 (after court rises),"Practice areas, bar credentials and a confidential enquiry form. Clients search a lawyer's name before they ring, and a chamber number on Maps is not a profile.",40,26,20,10,https://www.google.com/maps/search/?api=1&query=Advocate%20Jatin%20Grover%20Karkardooma%20Court
Delhi,2,A,95,Adv Amit Chauhan (Newton Legal Firm),Divorce lawyer,Legal,Dwarka Court,West Delhi,098732 24151,5,178,Growth,"₹45,000",45000,Tue-Thu 14:00-17:00 (after court rises),"Practice areas, bar credentials and a confidential enquiry form. Clients search a lawyer's name before they ring, and a chamber number on Maps is not a profile.",42,23,20,10,https://www.google.com/maps/search/?api=1&query=Adv%20Amit%20Chauhan%20%28Newton%20Legal%20Firm%29%20Dwarka%20Court
Delhi,3,A,94,Rohini Driving Track,Driving school,Education & Training,Rohini,North Delhi,096509 68547,5,1233,Custom,"₹1,20,000+",120000,Tue-Thu 11:00-13:00 / 15:00-17:00 (between batches),"Curriculum, fees, faculty and an admission-enquiry form. Parents shortlist online, then visit.",34,30,20,10,https://www.google.com/maps/search/?api=1&query=Rohini%20Driving%20Track%20Rohini
Delhi,4,A,94,Abhishek Gupta & Co. (Chartered Accountants),Chartered accountant,Professional Services,Mangal Bazar Laxmi Nagar,West Delhi,099991 97071,4.9,363,Custom,"₹1,20,000+",120000,Tue-Thu 11:00-13:00 / 16:00-18:00 (not before 1 Oct),"Services, registration credentials and a deadline-driven enquiry form. Clients verify a firm online before they call.",40,26,19,10,https://www.google.com/maps/search/?api=1&query=Abhishek%20Gupta%20%26%20Co.%20%28Chartered%20Accountants%29%20Mangal%20Bazar%20Laxmi%20Nagar
Delhi,5,A,94,Advocate Ravindra Kumar Singh,Lawyer,Legal,Dwarka Court,West Delhi,090135 54225,5,246,Growth,"₹45,000",45000,Tue-Thu 14:00-17:00 (after court rises),"Practice areas, bar credentials and a confidential enquiry form. Clients search a lawyer's name before they ring, and a chamber number on Maps is not a profile.",40,24,20,10,https://www.google.com/maps/search/?api=1&query=Advocate%20Ravindra%20Kumar%20Singh%20Dwarka%20Court
Delhi,6,A,94,The LEGAL DOCTORS,Law firm,Legal,Patiala House Court,Central Delhi,099585 19398,5,245,Growth,"₹45,000",45000,Tue-Thu 14:00-17:00 (after court rises),"Practice areas, bar credentials and a confidential enquiry form. Clients search a lawyer's name before they ring, and a chamber number on Maps is not a profile.",40,24,20,10,https://www.google.com/maps/search/?api=1&query=The%20LEGAL%20DOCTORS%20Patiala%20House%20Court
Delhi,7,A,92,Advocate Rumpa Dhibar & Associates,Lawyer,Legal,Saket Court,South Delhi,070489 45193,4.9,235,Growth,"₹45,000",45000,Tue-Thu 14:00-17:00 (after court rises),"Practice areas, bar credentials and a confidential enquiry form. Clients search a lawyer's name before they ring, and a chamber number on Maps is not a profile.",40,24,19,10,https://www.google.com/maps/search/?api=1&query=Advocate%20Rumpa%20Dhibar%20%26%20Associates%20Saket%20Court
Delhi,8,A,92,Jitender Kumar Khullar,Property lawyer,Legal,Karkardooma Court,East Delhi,081306 76011,4.8,195,Growth,"₹45,000",45000,Tue-Thu 14:00-17:00 (after court rises),"Practice areas, bar credentials and a confidential enquiry form. Clients search a lawyer's name before they ring, and a chamber number on Maps is not a profile.",42,23,17,10,https://www.google.com/maps/search/?api=1&query=Jitender%20Kumar%20Khullar%20Karkardooma%20Court
Delhi,9,A,92,Advocate Ashraf Khan,Lawyer,Legal,Karkardooma Court,East Delhi,079063 03843,5,161,Growth,"₹45,000",45000,Tue-Thu 14:00-17:00 (after court rises),"Practice areas, bar credentials and a confidential enquiry form. Clients search a lawyer's name before they ring, and a chamber number on Maps is not a profile.",40,22,20,10,https://www.google.com/maps/search/?api=1&query=Advocate%20Ashraf%20Khan%20Karkardooma%20Court
Delhi,10,A,92,ADA and Company (CA) (GST Consultants),Chartered accountant,Professional Services,Rohini,North Delhi,092500 02886,5,142,Growth,"₹45,000",45000,Tue-Thu 11:00-13:00 / 16:00-18:00 (not before 1 Oct),"Services, registration credentials and a deadline-driven enquiry form. Clients verify a firm online before they call.",40,22,20,10,https://www.google.com/maps/search/?api=1&query=ADA%20and%20Company%20%28CA%29%20%28GST%20Consultants%29%20Rohini
Delhi,11,A,92,Lawyer On Call,Divorce lawyer,Legal,Dwarka Court,West Delhi,092131 71766,5,98,Growth,"₹45,000",45000,Tue-Thu 14:00-17:00 (after court rises),"Practice areas, bar credentials and a confidential enquiry form. Clients search a lawyer's name before they ring, and a chamber number on Maps is not a profile.",42,20,20,10,https://www.google.com/maps/search/?api=1&query=Lawyer%20On%20Call%20Dwarka%20Court
Delhi,12,A,91,OBEROI MOTOR DRIVING TRAINING SCHOOL,Driving school,Education & Training,Janakpuri,West Delhi,099111 05252,4.8,986,Custom,"₹1,20,000+",120000,Tue-Thu 11:00-13:00 / 15:00-17:00 (between batches),"Curriculum, fees, faculty and an admission-enquiry form. Parents shortlist online, then visit.",34,30,17,10,https://www.google.com/maps/search/?api=1&query=OBEROI%20MOTOR%20DRIVING%20TRAINING%20SCHOOL%20Janakpuri
Delhi,13,A,90,Yash Sharma Motor Driving School,Driving school,Education & Training,Vishwas Nagar Shahdara,East Delhi,070421 08897,4.9,586,Custom,"₹1,20,000+",120000,Tue-Thu 11:00-13:00 / 15:00-17:00 (between batches),"Curriculum, fees, faculty and an admission-enquiry form. Parents shortlist online, then visit.",34,28,19,10,https://www.google.com/maps/search/?api=1&query=Yash%20Sharma%20Motor%20Driving%20School%20Vishwas%20Nagar%20Shahdara
Delhi,14,A,90,Regent Motor Driving School,Driving school,Education & Training,Shahdara,East Delhi,098689 89595,4.9,491,Custom,"₹1,20,000+",120000,Tue-Thu 11:00-13:00 / 15:00-17:00 (between batches),"Curriculum, fees, faculty and an admission-enquiry form. Parents shortlist online, then visit.",34,27,19,10,https://www.google.com/maps/search/?api=1&query=Regent%20Motor%20Driving%20School%20Shahdara
Delhi,15,A,90,DEVAAKSHI PHYSIO CLINIC,Physiotherapy centre,Health & Wellness,Rohini,North Delhi,099715 73766,4.9,321,Custom,"₹1,20,000+",120000,Tue-Thu 11:00-13:00 / 16:00-19:00,"Practitioner credentials, treatments and online booking. Patients search the area before they phone.",36,25,19,10,https://www.google.com/maps/search/?api=1&query=DEVAAKSHI%20PHYSIO%20CLINIC%20Rohini
Delhi,16,A,90,Mohd. Faruq Advocate in Karkardooma Court,Lawyer,Legal,Karkardooma Court,East Delhi,097163 01301,5,100,Growth,"₹45,000",45000,Tue-Thu 14:00-17:00 (after court rises),"Practice areas, bar credentials and a confidential enquiry form. Clients search a lawyer's name before they ring, and a chamber number on Maps is not a profile.",40,20,20,10,https://www.google.com/maps/search/?api=1&query=Mohd.%20Faruq%20Advocate%20in%20Karkardooma%20Court%20Karkardooma%20Court
Delhi,17,A,90,Narendra Singh and Associates,Law firm,Legal,Vikas Marg Laxmi Nagar,East Delhi,099110 04131,5,97,Growth,"₹45,000",45000,Tue-Thu 14:00-17:00 (after court rises),"Practice areas, bar credentials and a confidential enquiry form. Clients search a lawyer's name before they ring, and a chamber number on Maps is not a profile.",40,20,20,10,https://www.google.com/maps/search/?api=1&query=Narendra%20Singh%20and%20Associates%20Vikas%20Marg%20Laxmi%20Nagar
Delhi,18,A,89,Dwarka Driving School,Driving school,Education & Training,Dwarka,West Delhi,096434 79915,4.7,809,Custom,"₹1,20,000+",120000,Tue-Thu 11:00-13:00 / 15:00-17:00 (between batches),"Curriculum, fees, faculty and an admission-enquiry form. Parents shortlist online, then visit.",34,29,16,10,https://www.google.com/maps/search/?api=1&query=Dwarka%20Driving%20School%20Dwarka
Delhi,19,A,89,Safe Motor Driving School,Driving school,Education & Training,Dwarka,West Delhi,098680 13420,4.8,598,Custom,"₹1,20,000+",120000,Tue-Thu 11:00-13:00 / 15:00-17:00 (between batches),"Curriculum, fees, faculty and an admission-enquiry form. Parents shortlist online, then visit.",34,28,17,10,https://www.google.com/maps/search/?api=1&query=Safe%20Motor%20Driving%20School%20Dwarka
Delhi,20,A,89,NANDA DRIVING TRACK,Driving school,Education & Training,Mayur Vihar,East Delhi,098997 57045,4.8,538,Custom,"₹1,20,000+",120000,Tue-Thu 11:00-13:00 / 15:00-17:00 (between batches),"Curriculum, fees, faculty and an admission-enquiry form. Parents shortlist online, then visit.",34,27,17,10,https://www.google.com/maps/search/?api=1&query=NANDA%20DRIVING%20TRACK%20Mayur%20Vihar
Delhi,21,A,89,Hunny Motor Driving Training School,Driving school,Education & Training,Shalimar Bagh,North Delhi,080106 86838,4.8,527,Custom,"₹1,20,000+",120000,Tue-Thu 11:00-13:00 / 15:00-17:00 (between batches),"Curriculum, fees, faculty and an admission-enquiry form. Parents shortlist online, then visit.",34,27,17,10,https://www.google.com/maps/search/?api=1&query=Hunny%20Motor%20Driving%20Training%20School%20Shalimar%20Bagh
Delhi,22,A,89,The National Motor Driving School,Driving school,Education & Training,Rani Bagh Pitampura,North Delhi,099996 18883,4.9,474,Custom,"₹1,20,000+",120000,Tue-Thu 11:00-13:00 / 15:00-17:00 (between batches),"Curriculum, fees, faculty and an admission-enquiry form. Parents shortlist online, then visit.",34,27,19,10,https://www.google.com/maps/search/?api=1&query=The%20National%20Motor%20Driving%20School%20Rani%20Bagh%20Pitampura
Delhi,23,A,89,SANJEEV DRIVING SCHOOL,Driving school,Education & Training,Rohini,North Delhi,099906 81747,5,326,Custom,"₹1,20,000+",120000,Tue-Thu 11:00-13:00 / 15:00-17:00 (between batches),"Curriculum, fees, faculty and an admission-enquiry form. Parents shortlist online, then visit.",34,25,20,10,https://www.google.com/maps/search/?api=1&query=SANJEEV%20DRIVING%20SCHOOL%20Rohini
Delhi,24,A,89,Sarbjeet Singh Bawa Advocate (S.S.Bawa & Associates),Law firm,Legal,Saket Court,South Delhi,096546 47322,4.9,119,Growth,"₹45,000",45000,Tue-Thu 14:00-17:00 (after court rises),"Practice areas, bar credentials and a confidential enquiry form. Clients search a lawyer's name before they ring, and a chamber number on Maps is not a profile.",40,21,19,10,https://www.google.com/maps/search/?api=1&query=Sarbjeet%20Singh%20Bawa%20Advocate%20%28S.S.Bawa%20%26%20Associates%29%20Saket%20Court
Delhi,25,A,89,Advocate Vikas Singh,Divorce lawyer,Legal,Dwarka Court,West Delhi,088512 86145,4.9,60,Growth,"₹45,000",45000,Tue-Thu 14:00-17:00 (after court rises),"Practice areas, bar credentials and a confidential enquiry form. Clients search a lawyer's name before they ring, and a chamber number on Maps is not a profile.",42,18,19,10,https://www.google.com/maps/search/?api=1&query=Advocate%20Vikas%20Singh%20Dwarka%20Court
Delhi,26,A,88,Raj Motor Driving school,Driving school,Education & Training,Najafgarh,West Delhi,081308 07612,5,248,Growth,"₹45,000",45000,Tue-Thu 11:00-13:00 / 15:00-17:00 (between batches),"Curriculum, fees, faculty and an admission-enquiry form. Parents shortlist online, then visit.",34,24,20,10,https://www.google.com/maps/search/?api=1&query=Raj%20Motor%20Driving%20school%20Najafgarh
Delhi,27,A,88,Dr Fascinated Healthcare Physiotherapy clinic,Physiotherapy centre,Health & Wellness,Rohini,North Delhi,095604 53028,4.9,226,Growth,"₹45,000",45000,Tue-Thu 11:00-13:00 / 16:00-19:00,"Practitioner credentials, treatments and online booking. Patients search the area before they phone.",36,24,19,10,https://www.google.com/maps/search/?api=1&query=Dr%20Fascinated%20Healthcare%20Physiotherapy%20clinic%20Rohini
Delhi,28,A,87,Perfect Motor Driving School,Driving school,Education & Training,Central Market Dwarka,West Delhi,098710 55348,4.9,282,Custom,"₹1,20,000+",120000,Tue-Thu 11:00-13:00 / 15:00-17:00 (between batches),"Curriculum, fees, faculty and an admission-enquiry form. Parents shortlist online, then visit.",34,25,19,10,https://www.google.com/maps/search/?api=1&query=Perfect%20Motor%20Driving%20School%20Central%20Market%20Dwarka
Delhi,29,A,87,Pathak Tutorials,Coaching centre,Education & Training,Om Vihar Uttam Nagar,West Delhi,098112 55935,5,223,Growth,"₹45,000",45000,Tue-Thu 11:00-13:00 / 15:00-17:00 (before evening batches),"Curriculum, fees, faculty and an admission-enquiry form. Parents shortlist online, then visit.",34,23,20,10,https://www.google.com/maps/search/?api=1&query=Pathak%20Tutorials%20Om%20Vihar%20Uttam%20Nagar
Delhi,30,A,87,Ravi Kanth & Associates (CA Firm),Chartered accountant,Professional Services,Shakarpur Laxmi Nagar,East Delhi,084472 00944,5,54,Growth,"₹45,000",45000,Tue-Thu 11:00-13:00 / 16:00-18:00 (not before 1 Oct),"Services, registration credentials and a deadline-driven enquiry form. Clients verify a firm online before they call.",40,17,20,10,https://www.google.com/maps/search/?api=1&query=Ravi%20Kanth%20%26%20Associates%20%28CA%20Firm%29%20Shakarpur%20Laxmi%20Nagar
Delhi,31,A,86,S. Bhambri & Associates,Criminal lawyer,Legal,Rohini,North Delhi,— none listed,4.8,715,Custom,"₹1,20,000+",120000,Tue-Thu 14:00-17:00 (after court rises),"Practice areas, bar credentials and a confidential enquiry form. Clients search a lawyer's name before they ring, and a chamber number on Maps is not a profile.",40,29,17,0,https://www.google.com/maps/search/?api=1&query=S.%20Bhambri%20%26%20Associates%20Rohini
Delhi,32,A,86,Monu Dj & Tent Decorations,Tent house supplier,Food & Events,Dilshad Garden,East Delhi,098114 12621,4.9,332,Growth,"₹45,000",45000,Tue-Thu 11:00-16:00,Menu and package pages plus a date-availability enquiry form. Enquiries die in WhatsApp with no record today.,32,25,19,10,https://www.google.com/maps/search/?api=1&query=Monu%20Dj%20%26%20Tent%20Decorations%20Dilshad%20Garden
Delhi,33,A,86,Chiku Car Driving School,Driving school,Education & Training,Dichaon Road Najafgarh,West Delhi,099995 76441,4.9,226,Growth,"₹45,000",45000,Tue-Thu 11:00-13:00 / 15:00-17:00 (between batches),"Curriculum, fees, faculty and an admission-enquiry form. Parents shortlist online, then visit.",34,24,19,10,https://www.google.com/maps/search/?api=1&query=Chiku%20Car%20Driving%20School%20Dichaon%20Road%20Najafgarh
Delhi,34,A,86,Shuaib khan Advocate,Lawyer,Legal,Patiala House Court,Central Delhi,097118 76418,4.6,126,Growth,"₹45,000",45000,Tue-Thu 14:00-17:00 (after court rises),"Practice areas, bar credentials and a confidential enquiry form. Clients search a lawyer's name before they ring, and a chamber number on Maps is not a profile.",40,21,15,10,https://www.google.com/maps/search/?api=1&query=Shuaib%20khan%20Advocate%20Patiala%20House%20Court
Delhi,35,A,86,Advocate Mandeep Singh & Associates,Lawyer,Legal,Patiala House Court,Central Delhi,096548 61675,4.9,54,Growth,"₹45,000",45000,Tue-Thu 14:00-17:00 (after court rises),"Practice areas, bar credentials and a confidential enquiry form. Clients search a lawyer's name before they ring, and a chamber number on Maps is not a profile.",40,17,19,10,https://www.google.com/maps/search/?api=1&query=Advocate%20Mandeep%20Singh%20%26%20Associates%20Patiala%20House%20Court
Delhi,36,A,86,Adv. Gaurav Bhardwaj (Supreme Court of India),Law firm,Legal,Laxmi Nagar,East Delhi,079034 02609,5,36,Growth,"₹45,000",45000,Tue-Thu 14:00-17:00 (after court rises),"Practice areas, bar credentials and a confidential enquiry form. Clients search a lawyer's name before they ring, and a chamber number on Maps is not a profile.",40,16,20,10,https://www.google.com/maps/search/?api=1&query=Adv.%20Gaurav%20Bhardwaj%20%28Supreme%20Court%20of%20India%29%20Laxmi%20Nagar
Delhi,37,A,85,EASY TO DRIVE,Driving school,Education & Training,Laxmi Nagar,East Delhi,099715 77892,4.4,870,Custom,"₹1,20,000+",120000,Tue-Thu 11:00-13:00 / 15:00-17:00 (between batches),"Curriculum, fees, faculty and an admission-enquiry form. Parents shortlist online, then visit.",34,29,12,10,https://www.google.com/maps/search/?api=1&query=EASY%20TO%20DRIVE%20Laxmi%20Nagar
Delhi,38,A,85,Manmeet singh Driving license agency,Driving school,Education & Training,Jail Road Janakpuri,West Delhi,098739 63263,4.8,208,Growth,"₹45,000",45000,Tue-Thu 11:00-13:00 / 15:00-17:00 (between batches),"Curriculum, fees, faculty and an admission-enquiry form. Parents shortlist online, then visit.",34,23,17,10,https://www.google.com/maps/search/?api=1&query=Manmeet%20singh%20Driving%20license%20agency%20Jail%20Road%20Janakpuri
Delhi,39,A,85,M.S MOTOR DRIVING TRAINING SCHOOL,Driving school,Education & Training,Matiyala Uttam Nagar,West Delhi,097737 61038,4.9,186,Growth,"₹45,000",45000,Tue-Thu 11:00-13:00 / 15:00-17:00 (between batches),"Curriculum, fees, faculty and an admission-enquiry form. Parents shortlist online, then visit.",34,23,19,10,https://www.google.com/maps/search/?api=1&query=M.S%20MOTOR%20DRIVING%20TRAINING%20SCHOOL%20Matiyala%20Uttam%20Nagar
Delhi,40,A,85,Chawla Decors And Caterers,Caterer,Food & Events,Rohini,North Delhi,088603 80852,4.9,167,Growth,"₹45,000",45000,Tue-Thu 11:00-16:00,Menu and package pages plus a date-availability enquiry form. Enquiries die in WhatsApp with no record today.,34,22,19,10,https://www.google.com/maps/search/?api=1&query=Chawla%20Decors%20And%20Caterers%20Rohini
Delhi,41,A,85,Rohit Two Wheeler motor driving school,Driving school,Education & Training,Samrat Enclave Pitampura,North Delhi,097118 58285,4.9,157,Growth,"₹45,000",45000,Tue-Thu 11:00-13:00 / 15:00-17:00 (between batches),"Curriculum, fees, faculty and an admission-enquiry form. Parents shortlist online, then visit.",34,22,19,10,https://www.google.com/maps/search/?api=1&query=Rohit%20Two%20Wheeler%20motor%20driving%20school%20Samrat%20Enclave%20Pitampura
Delhi,42,A,85,Dwarka Best Motor Driving School,Driving school,Education & Training,Sector 6 Dwarka,West Delhi,080762 37448,5,127,Growth,"₹45,000",45000,Tue-Thu 11:00-13:00 / 15:00-17:00 (between batches),"Curriculum, fees, faculty and an admission-enquiry form. Parents shortlist online, then visit.",34,21,20,10,https://www.google.com/maps/search/?api=1&query=Dwarka%20Best%20Motor%20Driving%20School%20Sector%206%20Dwarka
Delhi,43,A,85,Pain Free Physiotherapy Clinic - Dr Riya Gulati,Physiotherapy centre,Health & Wellness,Rohini,North Delhi,085100 11102,5,77,Growth,"₹45,000",45000,Tue-Thu 11:00-13:00 / 16:00-19:00,"Practitioner credentials, treatments and online booking. Patients search the area before they phone.",36,19,20,10,https://www.google.com/maps/search/?api=1&query=Pain%20Free%20Physiotherapy%20Clinic%20-%20Dr%20Riya%20Gulati%20Rohini
Delhi,44,A,85,Advocate Abul Kalam Azad,Lawyer,Legal,Rohini Court,North Delhi,088606 07908,4.9,38,Growth,"₹45,000",45000,Tue-Thu 14:00-17:00 (after court rises),"Practice areas, bar credentials and a confidential enquiry form. Clients search a lawyer's name before they ring, and a chamber number on Maps is not a profile.",40,16,19,10,https://www.google.com/maps/search/?api=1&query=Advocate%20Abul%20Kalam%20Azad%20Rohini%20Court
Delhi,45,A,85,RAJESH GEHLAWAT AND COMPANY,Criminal lawyer,Legal,Rohini,North Delhi,082782 53555,5,32,Growth,"₹45,000",45000,Tue-Thu 14:00-17:00 (after court rises),"Practice areas, bar credentials and a confidential enquiry form. Clients search a lawyer's name before they ring, and a chamber number on Maps is not a profile.",40,15,20,10,https://www.google.com/maps/search/?api=1&query=RAJESH%20GEHLAWAT%20AND%20COMPANY%20Rohini
Delhi,46,A,85,"Advocate Yogesh Gupta & Associates, Criminal Lawyer",Lawyer,Legal,Saket Court,South Delhi,098213 50340,5,29,Growth,"₹45,000",45000,Tue-Thu 14:00-17:00 (after court rises),"Practice areas, bar credentials and a confidential enquiry form. Clients search a lawyer's name before they ring, and a chamber number on Maps is not a profile.",40,15,20,10,https://www.google.com/maps/search/?api=1&query=Advocate%20Yogesh%20Gupta%20%26%20Associates%2C%20Criminal%20Lawyer%20Saket%20Court
Delhi,47,A,85,Azhar Malik Advocate,Lawyer,Legal,Karkardooma Court,East Delhi,094562 82842,5,28,Growth,"₹45,000",45000,Tue-Thu 14:00-17:00 (after court rises),"Practice areas, bar credentials and a confidential enquiry form. Clients search a lawyer's name before they ring, and a chamber number on Maps is not a profile.",40,15,20,10,https://www.google.com/maps/search/?api=1&query=Azhar%20Malik%20Advocate%20Karkardooma%20Court
Delhi,48,B,84,Sharma Tent Light House & Caterers,Tent house supplier,Food & Events,Kalkaji,South Delhi,098102 60317,4.9,219,Growth,"₹45,000",45000,Tue-Thu 11:00-16:00,Menu and package pages plus a date-availability enquiry form. Enquiries die in WhatsApp with no record today.,32,23,19,10,https://www.google.com/maps/search/?api=1&query=Sharma%20Tent%20Light%20House%20%26%20Caterers%20Kalkaji
Delhi,49,B,84,BALAJI MOTORS DRIVING TRAINING SCHOOL,Driving school,Education & Training,Wazirabad Road Shahdara,East Delhi,084479 32151,4.8,186,Growth,"₹45,000",45000,Tue-Thu 11:00-13:00 / 15:00-17:00 (between batches),"Curriculum, fees, faculty and an admission-enquiry form. Parents shortlist online, then visit.",34,23,17,10,https://www.google.com/maps/search/?api=1&query=BALAJI%20MOTORS%20DRIVING%20TRAINING%20SCHOOL%20Wazirabad%20Road%20Shahdara
Delhi,50,B,84,SAI TENT HOUSE,Tent house supplier,Food & Events,Chhatarpur,South Delhi,098990 19213,5,174,Growth,"₹45,000",45000,Tue-Thu 11:00-16:00,Menu and package pages plus a date-availability enquiry form. Enquiries die in WhatsApp with no record today.,32,22,20,10,https://www.google.com/maps/search/?api=1&query=SAI%20TENT%20HOUSE%20Chhatarpur
Delhi,51,B,84,Shiv Shakti caterer-s.s.c,Caterer,Food & Events,Rohini,North Delhi,081306 18120,4.8,168,Growth,"₹45,000",45000,Tue-Thu 11:00-16:00,Menu and package pages plus a date-availability enquiry form. Enquiries die in WhatsApp with no record today.,34,22,17,10,https://www.google.com/maps/search/?api=1&query=Shiv%20Shakti%20caterer-s.s.c%20Rohini
Delhi,52,B,84,SUCCESS POINT,Coaching centre,Education & Training,Uttam Nagar,West Delhi,099994 97527,4.8,164,Growth,"₹45,000",45000,Tue-Thu 11:00-13:00 / 15:00-17:00 (before evening batches),"Curriculum, fees, faculty and an admission-enquiry form. Parents shortlist online, then visit.",34,22,17,10,https://www.google.com/maps/search/?api=1&query=SUCCESS%20POINT%20Uttam%20Nagar
Delhi,53,B,84,Gaur Caterer & Tent House,Tent house supplier,Food & Events,Bal Udhyan Road Uttam Nagar,West Delhi,092125 05033,5,144,Growth,"₹45,000",45000,Tue-Thu 11:00-16:00,Menu and package pages plus a date-availability enquiry form. Enquiries die in WhatsApp with no record today.,32,22,20,10,https://www.google.com/maps/search/?api=1&query=Gaur%20Caterer%20%26%20Tent%20House%20Bal%20Udhyan%20Road%20Uttam%20Nagar
Delhi,54,B,84,Santosh Motors Driving School,Driving school,Education & Training,Uttam Nagar,West Delhi,095995 35036,4.9,134,Growth,"₹45,000",45000,Tue-Thu 11:00-13:00 / 15:00-17:00 (between batches),"Curriculum, fees, faculty and an admission-enquiry form. Parents shortlist online, then visit.",34,21,19,10,https://www.google.com/maps/search/?api=1&query=Santosh%20Motors%20Driving%20School%20Uttam%20Nagar
Delhi,55,B,84,Ladies Driving Training School,Driving school,Education & Training,Mayur Vihar,East Delhi,083688 50494,4.9,132,Growth,"₹45,000",45000,Tue-Thu 11:00-13:00 / 15:00-17:00 (between batches),"Curriculum, fees, faculty and an admission-enquiry form. Parents shortlist online, then visit.",34,21,19,10,https://www.google.com/maps/search/?api=1&query=Ladies%20Driving%20Training%20School%20Mayur%20Vihar
Delhi,56,B,84,HELLO YADAV MOTOR DRIVING SCHOOL,Driving school,Education & Training,Rohini,North Delhi,099584 69680,4.9,131,Growth,"₹45,000",45000,Tue-Thu 11:00-13:00 / 15:00-17:00 (between batches),"Curriculum, fees, faculty and an admission-enquiry form. Parents shortlist online, then visit.",34,21,19,10,https://www.google.com/maps/search/?api=1&query=HELLO%20YADAV%20MOTOR%20DRIVING%20SCHOOL%20Rohini
Delhi,57,B,84,Bhandari car driving school,Driving school,Education & Training,Mayur Vihar,East Delhi,078360 60493,4.9,129,Growth,"₹45,000",45000,Tue-Thu 11:00-13:00 / 15:00-17:00 (between batches),"Curriculum, fees, faculty and an admission-enquiry form. Parents shortlist online, then visit.",34,21,19,10,https://www.google.com/maps/search/?api=1&query=Bhandari%20car%20driving%20school%20Mayur%20Vihar
Delhi,58,B,84,Dinesh Driving school,Driving school,Education & Training,Pitampura,North Delhi,098997 67264,4.9,128,Growth,"₹45,000",45000,Tue-Thu 11:00-13:00 / 15:00-17:00 (between batches),"Curriculum, fees, faculty and an admission-enquiry form. Parents shortlist online, then visit.",34,21,19,10,https://www.google.com/maps/search/?api=1&query=Dinesh%20Driving%20school%20Pitampura
Delhi,59,B,84,Jyoti Driving School,Driving school,Education & Training,Shalimar Bagh,North Delhi,096258 61610,4.9,127,Growth,"₹45,000",45000,Tue-Thu 11:00-13:00 / 15:00-17:00 (between batches),"Curriculum, fees, faculty and an admission-enquiry form. Parents shortlist online, then visit.",34,21,19,10,https://www.google.com/maps/search/?api=1&query=Jyoti%20Driving%20School%20Shalimar%20Bagh
Delhi,60,B,84,Attorney 2 Law,Law firm,Legal,Patiala House Court,Central Delhi,085273 27710,4.9,33,Growth,"₹45,000",45000,Tue-Thu 14:00-17:00 (after court rises),"Practice areas, bar credentials and a confidential enquiry form. Clients search a lawyer's name before they ring, and a chamber number on Maps is not a profile.",40,15,19,10,https://www.google.com/maps/search/?api=1&query=Attorney%202%20Law%20Patiala%20House%20Court
Delhi,61,B,84,Nikhil Rastogi Advocate,Divorce lawyer,Legal,Rohini Court,North Delhi,070277 02725,4.9,21,Growth,"₹45,000",45000,Tue-Thu 14:00-17:00 (after court rises),"Practice areas, bar credentials and a confidential enquiry form. Clients search a lawyer's name before they ring, and a chamber number on Maps is not a profile.",42,13,19,10,https://www.google.com/maps/search/?api=1&query=Nikhil%20Rastogi%20Advocate%20Rohini%20Court
Delhi,62,B,83,Car Training Najafgarh,Driving school,Education & Training,Sainik Enclave Najafgarh,West Delhi,092115 58026,4.6,256,Custom,"₹1,20,000+",120000,Tue-Thu 11:00-13:00 / 15:00-17:00 (between batches),"Curriculum, fees, faculty and an admission-enquiry form. Parents shortlist online, then visit.",34,24,15,10,https://www.google.com/maps/search/?api=1&query=Car%20Training%20Najafgarh%20Sainik%20Enclave%20Najafgarh
Delhi,63,B,83,East Delhi Motors Driving School,Driving school,Education & Training,Jhilmil Shahdara,East Delhi,081710 30305,4.6,245,Growth,"₹45,000",45000,Tue-Thu 11:00-13:00 / 15:00-17:00 (between batches),"Curriculum, fees, faculty and an admission-enquiry form. Parents shortlist online, then visit.",34,24,15,10,https://www.google.com/maps/search/?api=1&query=East%20Delhi%20Motors%20Driving%20School%20Jhilmil%20Shahdara
Delhi,64,B,83,Advocate N R Swetabh,Lawyer,Legal,Saket Court,South Delhi,— none listed,5,213,Growth,"₹45,000",45000,Tue-Thu 14:00-17:00 (after court rises),"Practice areas, bar credentials and a confidential enquiry form. Clients search a lawyer's name before they ring, and a chamber number on Maps is not a profile.",40,23,20,0,https://www.google.com/maps/search/?api=1&query=Advocate%20N%20R%20Swetabh%20Saket%20Court
Delhi,65,B,83,Baba Motor Driving Training School,Driving school,Education & Training,Najafgarh,West Delhi,097113 97635,4.7,190,Growth,"₹45,000",45000,Tue-Thu 11:00-13:00 / 15:00-17:00 (between batches),"Curriculum, fees, faculty and an admission-enquiry form. Parents shortlist online, then visit.",34,23,16,10,https://www.google.com/maps/search/?api=1&query=Baba%20Motor%20Driving%20Training%20School%20Najafgarh
Delhi,66,B,83,Sheetal tent and caterers,Tent house supplier,Food & Events,Vasundhara Enclave,East Delhi,089790 67788,4.9,180,Growth,"₹45,000",45000,Tue-Thu 11:00-16:00,Menu and package pages plus a date-availability enquiry form. Enquiries die in WhatsApp with no record today.,32,23,19,10,https://www.google.com/maps/search/?api=1&query=Sheetal%20tent%20and%20caterers%20Vasundhara%20Enclave
Delhi,67,B,83,Manish Tent & Caterers,Tent house supplier,Food & Events,Vasundhara Enclave,East Delhi,096273 34351,4.9,179,Growth,"₹45,000",45000,Tue-Thu 11:00-16:00,Menu and package pages plus a date-availability enquiry form. Enquiries die in WhatsApp with no record today.,32,23,19,10,https://www.google.com/maps/search/?api=1&query=Manish%20Tent%20%26%20Caterers%20Vasundhara%20Enclave
Delhi,68,B,83,Muskan Driving School,Driving school,Education & Training,Chanakya Place Uttam Nagar,West Delhi,098912 13061,4.8,161,Growth,"₹45,000",45000,Tue-Thu 11:00-13:00 / 15:00-17:00 (between batches),"Curriculum, fees, faculty and an admission-enquiry form. Parents shortlist online, then visit.",34,22,17,10,https://www.google.com/maps/search/?api=1&query=Muskan%20Driving%20School%20Chanakya%20Place%20Uttam%20Nagar
Delhi,69,B,83,Ashish Motor Driving school Dwarka,Driving school,Education & Training,Dwarka,West Delhi,098189 31066,4.9,117,Growth,"₹45,000",45000,Tue-Thu 11:00-13:00 / 15:00-17:00 (between batches),"Curriculum, fees, faculty and an admission-enquiry form. Parents shortlist online, then visit.",34,21,19,10,https://www.google.com/maps/search/?api=1&query=Ashish%20Motor%20Driving%20school%20Dwarka%20Dwarka
Delhi,70,B,83,Vector Classes,Coaching centre,Education & Training,Uttam Nagar,West Delhi,099108 26233,4.9,116,Growth,"₹45,000",45000,Tue-Thu 11:00-13:00 / 15:00-17:00 (before evening batches),"Curriculum, fees, faculty and an admission-enquiry form. Parents shortlist online, then visit.",34,21,19,10,https://www.google.com/maps/search/?api=1&query=Vector%20Classes%20Uttam%20Nagar
Delhi,71,B,83,Khan Motor Driving Training School,Driving school,Education & Training,Jai Vihar Najafgarh,West Delhi,098107 85593,4.9,107,Growth,"₹45,000",45000,Tue-Thu 11:00-13:00 / 15:00-17:00 (between batches),"Curriculum, fees, faculty and an admission-enquiry form. Parents shortlist online, then visit.",34,20,19,10,https://www.google.com/maps/search/?api=1&query=Khan%20Motor%20Driving%20Training%20School%20Jai%20Vihar%20Najafgarh
Delhi,72,B,83,Advocate B. K. Gautam,Lawyer,Legal,Patiala House Court,Central Delhi,095955 32501,4.8,34,Growth,"₹45,000",45000,Tue-Thu 14:00-17:00 (after court rises),"Practice areas, bar credentials and a confidential enquiry form. Clients search a lawyer's name before they ring, and a chamber number on Maps is not a profile.",40,15,17,10,https://www.google.com/maps/search/?api=1&query=Advocate%20B.%20K.%20Gautam%20Patiala%20House%20Court
Delhi,73,B,83,Vijay tent and decoration,Event planner,Food & Events,Burari,North Delhi,088510 25500,5,34,Growth,"₹45,000",45000,Tue-Thu 11:00-16:00,Menu and package pages plus a date-availability enquiry form. Enquiries die in WhatsApp with no record today.,38,15,20,10,https://www.google.com/maps/search/?api=1&query=Vijay%20tent%20and%20decoration%20Burari
Delhi,74,B,83,"Court Marriage, Family, Divorce Lawyer - Advocate Pradeep",Family lawyer,Legal,Dwarka Court,West Delhi,081785 96840,4.9,15,Growth,"₹45,000",45000,Tue-Thu 14:00-17:00 (after court rises),"Practice areas, bar credentials and a confidential enquiry form. Clients search a lawyer's name before they ring, and a chamber number on Maps is not a profile.",42,12,19,10,https://www.google.com/maps/search/?api=1&query=Court%20Marriage%2C%20Family%2C%20Divorce%20Lawyer%20-%20Advocate%20Pradeep%20Dwarka%20Court
Delhi,75,B,82,Saroj Motor Car Driving School,Driving school,Education & Training,Rohini,North Delhi,— none listed,4.9,851,Custom,"₹1,20,000+",120000,Tue-Thu 11:00-13:00 / 15:00-17:00 (between batches),"Curriculum, fees, faculty and an admission-enquiry form. Parents shortlist online, then visit.",34,29,19,0,https://www.google.com/maps/search/?api=1&query=Saroj%20Motor%20Car%20Driving%20School%20Rohini
Delhi,76,B,82,The Physio Clinic,Physiotherapy centre,Health & Wellness,Prashant Vihar Rohini,North Delhi,— none listed,4.9,519,Custom,"₹1,20,000+",120000,Tue-Thu 11:00-13:00 / 16:00-19:00,"Practitioner credentials, treatments and online booking. Patients search the area before they phone.",36,27,19,0,https://www.google.com/maps/search/?api=1&query=The%20Physio%20Clinic%20Prashant%20Vihar%20Rohini
Delhi,77,B,82,Arora Tent and Caterers,Tent house supplier,Food & Events,Prem Nagar Uttam Nagar,West Delhi,098910 54585,4.9,123,Growth,"₹45,000",45000,Tue-Thu 11:00-16:00,Menu and package pages plus a date-availability enquiry form. Enquiries die in WhatsApp with no record today.,32,21,19,10,https://www.google.com/maps/search/?api=1&query=Arora%20Tent%20and%20Caterers%20Prem%20Nagar%20Uttam%20Nagar
Delhi,78,B,82,Mota Bhai Driving Training School,Driving school,Education & Training,Rohini,North Delhi,092501 84467,4.8,115,Growth,"₹45,000",45000,Tue-Thu 11:00-13:00 / 15:00-17:00 (between batches),"Curriculum, fees, faculty and an admission-enquiry form. Parents shortlist online, then visit.",34,21,17,10,https://www.google.com/maps/search/?api=1&query=Mota%20Bhai%20Driving%20Training%20School%20Rohini
Delhi,79,B,82,CAREERAHOLIC ACADEMY,Coaching centre,Education & Training,Milap Nagar Uttam Nagar,West Delhi,075037 41277,4.8,112,Growth,"₹45,000",45000,Tue-Thu 11:00-13:00 / 15:00-17:00 (before evening batches),"Curriculum, fees, faculty and an admission-enquiry form. Parents shortlist online, then visit.",34,21,17,10,https://www.google.com/maps/search/?api=1&query=CAREERAHOLIC%20ACADEMY%20Milap%20Nagar%20Uttam%20Nagar
Delhi,80,B,82,Jagat Motor Driving School,Driving school,Education & Training,Rajapuri Uttam Nagar,West Delhi,099112 88787,4.8,105,Growth,"₹45,000",45000,Tue-Thu 11:00-13:00 / 15:00-17:00 (between batches),"Curriculum, fees, faculty and an admission-enquiry form. Parents shortlist online, then visit.",34,20,17,10,https://www.google.com/maps/search/?api=1&query=Jagat%20Motor%20Driving%20School%20Rajapuri%20Uttam%20Nagar
Delhi,81,B,82,Dwarka Car Driving,Driving school,Education & Training,Harmony Apartments Dwarka,West Delhi,099112 88787,4.9,90,Growth,"₹45,000",45000,Tue-Thu 11:00-13:00 / 15:00-17:00 (between batches),"Curriculum, fees, faculty and an admission-enquiry form. Parents shortlist online, then visit.",34,20,19,10,https://www.google.com/maps/search/?api=1&query=Dwarka%20Car%20Driving%20Harmony%20Apartments%20Dwarka
Delhi,82,B,82,Khushi Catering & Tiffin Service,Caterer,Food & Events,Shahdara,East Delhi,087005 07514,4.9,83,Growth,"₹45,000",45000,Tue-Thu 11:00-16:00,Menu and package pages plus a date-availability enquiry form. Enquiries die in WhatsApp with no record today.,34,19,19,10,https://www.google.com/maps/search/?api=1&query=Khushi%20Catering%20%26%20Tiffin%20Service%20Shahdara
Delhi,83,B,82,Sagar Chouhan Advocate,Lawyer,Legal,Patiala House Court,Central Delhi,089207 72846,5,14,Growth,"₹45,000",45000,Tue-Thu 14:00-17:00 (after court rises),"Practice areas, bar credentials and a confidential enquiry form. Clients search a lawyer's name before they ring, and a chamber number on Maps is not a profile.",40,12,20,10,https://www.google.com/maps/search/?api=1&query=Sagar%20Chouhan%20Advocate%20Patiala%20House%20Court
Delhi,84,B,82,ADVOCATE HEMA RANI,Lawyer,Legal,Rohini Court,North Delhi,093100 75105,5,14,Growth,"₹45,000",45000,Tue-Thu 14:00-17:00 (after court rises),"Practice areas, bar credentials and a confidential enquiry form. Clients search a lawyer's name before they ring, and a chamber number on Maps is not a profile.",40,12,20,10,https://www.google.com/maps/search/?api=1&query=ADVOCATE%20HEMA%20RANI%20Rohini%20Court
Delhi,85,B,81,Gupta Tent & Caterers,Tent house supplier,Food & Events,Pitampura,North Delhi,097188 85572,4.8,143,Growth,"₹45,000",45000,Tue-Thu 11:00-16:00,Menu and package pages plus a date-availability enquiry form. Enquiries die in WhatsApp with no record today.,32,22,17,10,https://www.google.com/maps/search/?api=1&query=Gupta%20Tent%20%26%20Caterers%20Pitampura
Delhi,86,B,81,Gulati Tent And Light House,Tent house supplier,Food & Events,Subhash Nagar Tilak Nagar,West Delhi,098108 69937,4.9,120,Growth,"₹45,000",45000,Tue-Thu 11:00-16:00,Menu and package pages plus a date-availability enquiry form. Enquiries die in WhatsApp with no record today.,32,21,19,10,https://www.google.com/maps/search/?api=1&query=Gulati%20Tent%20And%20Light%20House%20Subhash%20Nagar%20Tilak%20Nagar
Delhi,87,B,81,Royal's Tent Decorators Delhi,Tent house supplier,Food & Events,Trilokpuri Mayur Vihar,East Delhi,099688 96446,4.9,110,Growth,"₹45,000",45000,Tue-Thu 11:00-16:00,Menu and package pages plus a date-availability enquiry form. Enquiries die in WhatsApp with no record today.,32,20,19,10,https://www.google.com/maps/search/?api=1&query=Royal%27s%20Tent%20Decorators%20Delhi%20Trilokpuri%20Mayur%20Vihar
Delhi,88,B,81,ASHOK motors training school,Driving school,Education & Training,Shahdara,East Delhi,098714 71846,4.8,87,Growth,"₹45,000",45000,Tue-Thu 11:00-13:00 / 15:00-17:00 (between batches),"Curriculum, fees, faculty and an admission-enquiry form. Parents shortlist online, then visit.",34,19,17,10,https://www.google.com/maps/search/?api=1&query=ASHOK%20motors%20training%20school%20Shahdara
Delhi,89,B,81,Shiv tent and caterers,Tent house supplier,Food & Events,Uttam Nagar,West Delhi,092105 84619,5,79,Growth,"₹45,000",45000,Tue-Thu 11:00-16:00,Menu and package pages plus a date-availability enquiry form. Enquiries die in WhatsApp with no record today.,32,19,20,10,https://www.google.com/maps/search/?api=1&query=Shiv%20tent%20and%20caterers%20Uttam%20Nagar
Delhi,90,B,81,Driving school rohini sector 23,Driving school,Education & Training,Sector 23 Rohini,North Delhi,081788 25242,4.9,68,Growth,"₹45,000",45000,Tue-Thu 11:00-13:00 / 15:00-17:00 (between batches),"Curriculum, fees, faculty and an admission-enquiry form. Parents shortlist online, then visit.",34,18,19,10,https://www.google.com/maps/search/?api=1&query=Driving%20school%20rohini%20sector%2023%20Sector%2023%20Rohini
Delhi,91,B,81,Advocate Aaga Khan,Lawyer,Legal,Saket Court,South Delhi,098184 45390,4.7,29,Growth,"₹45,000",45000,Tue-Thu 14:00-17:00 (after court rises),"Practice areas, bar credentials and a confidential enquiry form. Clients search a lawyer's name before they ring, and a chamber number on Maps is not a profile.",40,15,16,10,https://www.google.com/maps/search/?api=1&query=Advocate%20Aaga%20Khan%20Saket%20Court
Delhi,92,B,80,NARULA TENT HOUSE,Tent house supplier,Food & Events,Malviya Nagar,South Delhi,078389 98311,4.7,173,Growth,"₹45,000",45000,Tue-Thu 11:00-16:00,Menu and package pages plus a date-availability enquiry form. Enquiries die in WhatsApp with no record today.,32,22,16,10,https://www.google.com/maps/search/?api=1&query=NARULA%20TENT%20HOUSE%20Malviya%20Nagar
Delhi,93,B,80,Hello Point Driving School,Driving school,Education & Training,Shahdara,East Delhi,098101 08822,4.7,110,Growth,"₹45,000",45000,Tue-Thu 11:00-13:00 / 15:00-17:00 (between batches),"Curriculum, fees, faculty and an admission-enquiry form. Parents shortlist online, then visit.",34,20,16,10,https://www.google.com/maps/search/?api=1&query=Hello%20Point%20Driving%20School%20Shahdara
Delhi,94,B,80,Choudhery tent and events,Tent house supplier,Food & Events,Shahdara,East Delhi,098991 86518,4.9,90,Growth,"₹45,000",45000,Tue-Thu 11:00-16:00,Menu and package pages plus a date-availability enquiry form. Enquiries die in WhatsApp with no record today.,32,20,19,10,https://www.google.com/maps/search/?api=1&query=Choudhery%20tent%20and%20events%20Shahdara
Delhi,95,B,80,Lodhi Tent House and Caterers,Tent house supplier,Food & Events,Mayur Vihar,East Delhi,080764 43067,4.9,88,Growth,"₹45,000",45000,Tue-Thu 11:00-16:00,Menu and package pages plus a date-availability enquiry form. Enquiries die in WhatsApp with no record today.,32,19,19,10,https://www.google.com/maps/search/?api=1&query=Lodhi%20Tent%20House%20and%20Caterers%20Mayur%20Vihar
Delhi,96,B,80,Gupta Tent & Lights,Tent house supplier,Food & Events,Malviya Nagar,South Delhi,095827 82442,5,69,Growth,"₹45,000",45000,Tue-Thu 11:00-16:00,Menu and package pages plus a date-availability enquiry form. Enquiries die in WhatsApp with no record today.,32,18,20,10,https://www.google.com/maps/search/?api=1&query=Gupta%20Tent%20%26%20Lights%20Malviya%20Nagar
Delhi,97,B,80,Advocate Lawyer Saket Court,Criminal lawyer,Legal,Saket Court,South Delhi,098184 45390,4.5,42,Growth,"₹45,000",45000,Tue-Thu 14:00-17:00 (after court rises),"Practice areas, bar credentials and a confidential enquiry form. Clients search a lawyer's name before they ring, and a chamber number on Maps is not a profile.",40,16,13,10,https://www.google.com/maps/search/?api=1&query=Advocate%20Lawyer%20Saket%20Court%20Saket%20Court
Delhi,98,B,80,Shukla Tent House and Catering Services,Caterer,Food & Events,Shahdara,East Delhi,098911 99695,5,38,Starter,"₹15,000",15000,Tue-Thu 11:00-16:00,Menu and package pages plus a date-availability enquiry form. Enquiries die in WhatsApp with no record today.,34,16,20,10,https://www.google.com/maps/search/?api=1&query=Shukla%20Tent%20House%20and%20Catering%20Services%20Shahdara
Delhi,99,B,80,Shlok tent and decoration event management,Event planner,Food & Events,Harit Vihar Burari,North Delhi,088510 25500,5,15,Growth,"₹45,000",45000,Tue-Thu 11:00-16:00,Menu and package pages plus a date-availability enquiry form. Enquiries die in WhatsApp with no record today.,38,12,20,10,https://www.google.com/maps/search/?api=1&query=Shlok%20tent%20and%20decoration%20event%20management%20Harit%20Vihar%20Burari
Delhi,100,B,80,Advocate Sakshi Bhardwaj,Lawyer,Legal,Laxmi Nagar,East Delhi,063981 52585,5,8,Growth,"₹45,000",45000,Tue-Thu 14:00-17:00 (after court rises),"Practice areas, bar credentials and a confidential enquiry form. Clients search a lawyer's name before they ring, and a chamber number on Maps is not a profile.",40,10,20,10,https://www.google.com/maps/search/?api=1&query=Advocate%20Sakshi%20Bhardwaj%20Laxmi%20Nagar
Delhi,101,B,79,SK TENT HOUSE & caterers & events,Tent house supplier,Food & Events,Laxmi Nagar,East Delhi,088021 39776,4.9,72,Growth,"₹45,000",45000,Tue-Thu 11:00-16:00,Menu and package pages plus a date-availability enquiry form. Enquiries die in WhatsApp with no record today.,32,19,19,10,https://www.google.com/maps/search/?api=1&query=SK%20TENT%20HOUSE%20%26%20caterers%20%26%20events%20Laxmi%20Nagar
Delhi,102,B,79,Apollo tent house,Tent house supplier,Food & Events,Kalkaji,South Delhi,098994 68490,4.9,67,Growth,"₹45,000",45000,Tue-Thu 11:00-16:00,Menu and package pages plus a date-availability enquiry form. Enquiries die in WhatsApp with no record today.,32,18,19,10,https://www.google.com/maps/search/?api=1&query=Apollo%20tent%20house%20Kalkaji
Delhi,103,B,79,Guru Kripa Tents & Decors,Tent house supplier,Food & Events,Janakpuri,West Delhi,098990 74704,5,51,Starter,"₹15,000",15000,Tue-Thu 11:00-16:00,Menu and package pages plus a date-availability enquiry form. Enquiries die in WhatsApp with no record today.,32,17,20,10,https://www.google.com/maps/search/?api=1&query=Guru%20Kripa%20Tents%20%26%20Decors%20Janakpuri
Delhi,104,B,79,Rk tent & light decoration Gk-2,Tent house supplier,Food & Events,Greater Kailash 2,South Delhi,098904 73400,5,51,Starter,"₹15,000",15000,Tue-Thu 11:00-16:00,Menu and package pages plus a date-availability enquiry form. Enquiries die in WhatsApp with no record today.,32,17,20,10,https://www.google.com/maps/search/?api=1&query=Rk%20tent%20%26%20light%20decoration%20Gk-2%20Greater%20Kailash%202
Delhi,105,B,79,Advocate Ravi Ranjan Patiala House Courts Delhi,Lawyer,Legal,Patiala House Court,Central Delhi,098119 94976,5,7,Growth,"₹45,000",45000,Tue-Thu 14:00-17:00 (after court rises),"Practice areas, bar credentials and a confidential enquiry form. Clients search a lawyer's name before they ring, and a chamber number on Maps is not a profile.",40,9,20,10,https://www.google.com/maps/search/?api=1&query=Advocate%20Ravi%20Ranjan%20Patiala%20House%20Courts%20Delhi%20Patiala%20House%20Court
Delhi,106,B,78,"varneya motor driving school, Razapur Khurd",Driving school,Education & Training,Razapur Khurd Uttam Nagar,West Delhi,093542 44079,4.4,167,Growth,"₹45,000",45000,Tue-Thu 11:00-13:00 / 15:00-17:00 (between batches),"Curriculum, fees, faculty and an admission-enquiry form. Parents shortlist online, then visit.",34,22,12,10,https://www.google.com/maps/search/?api=1&query=varneya%20motor%20driving%20school%2C%20Razapur%20Khurd%20Razapur%20Khurd%20Uttam%20Nagar
Delhi,107,B,78,MK Motor Driving Training School (Manikaran),Driving school,Education & Training,Janakpuri,West Delhi,093135 49191,4.4,150,Growth,"₹45,000",45000,Tue-Thu 11:00-13:00 / 15:00-17:00 (between batches),"Curriculum, fees, faculty and an admission-enquiry form. Parents shortlist online, then visit.",34,22,12,10,https://www.google.com/maps/search/?api=1&query=MK%20Motor%20Driving%20Training%20School%20%28Manikaran%29%20Janakpuri
Delhi,108,B,78,Chhatwal Tent House,Tent house supplier,Food & Events,Malviya Nagar,South Delhi,098110 17039,4.8,70,Growth,"₹45,000",45000,Tue-Thu 11:00-16:00,Menu and package pages plus a date-availability enquiry form. Enquiries die in WhatsApp with no record today.,32,19,17,10,https://www.google.com/maps/search/?api=1&query=Chhatwal%20Tent%20House%20Malviya%20Nagar
Delhi,109,B,78,URBAN CLASSIC MOTOR DRIVING SCHOOL,Driving school,Education & Training,Shahdara,East Delhi,083759 38499,4.8,45,Starter,"₹15,000",15000,Tue-Thu 11:00-13:00 / 15:00-17:00 (between batches),"Curriculum, fees, faculty and an admission-enquiry form. Parents shortlist online, then visit.",34,17,17,10,https://www.google.com/maps/search/?api=1&query=URBAN%20CLASSIC%20MOTOR%20DRIVING%20SCHOOL%20Shahdara
Delhi,110,B,78,lawyer tarun gaur,Divorce lawyer,Legal,Karkardooma Court,East Delhi,— none listed,5,43,Growth,"₹45,000",45000,Tue-Thu 14:00-17:00 (after court rises),"Practice areas, bar credentials and a confidential enquiry form. Clients search a lawyer's name before they ring, and a chamber number on Maps is not a profile.",42,16,20,0,https://www.google.com/maps/search/?api=1&query=lawyer%20tarun%20gaur%20Karkardooma%20Court
Delhi,111,B,78,Tayal Tent house & Catering,Tent house supplier,Food & Events,Paryavaran Complex Chhatarpur,South Delhi,093554 49200,5,41,Starter,"₹15,000",15000,Tue-Thu 11:00-16:00,Menu and package pages plus a date-availability enquiry form. Enquiries die in WhatsApp with no record today.,32,16,20,10,https://www.google.com/maps/search/?api=1&query=Tayal%20Tent%20house%20%26%20Catering%20Paryavaran%20Complex%20Chhatarpur
Delhi,112,B,78,Shree Shyam Group Tent & Caterers,Tent house supplier,Food & Events,Godawari Marg Najafgarh,West Delhi,092117 77717,5,36,Starter,"₹15,000",15000,Tue-Thu 11:00-16:00,Menu and package pages plus a date-availability enquiry form. Enquiries die in WhatsApp with no record today.,32,16,20,10,https://www.google.com/maps/search/?api=1&query=Shree%20Shyam%20Group%20Tent%20%26%20Caterers%20Godawari%20Marg%20Najafgarh
Delhi,113,B,78,DOUBLE CHILLI CATERERS,Caterer,Food & Events,Shahdara,East Delhi,098211 01204,5,24,Starter,"₹15,000",15000,Tue-Thu 11:00-16:00,Menu and package pages plus a date-availability enquiry form. Enquiries die in WhatsApp with no record today.,34,14,20,10,https://www.google.com/maps/search/?api=1&query=DOUBLE%20CHILLI%20CATERERS%20Shahdara
Delhi,114,B,78,Palki Tent and Decorator,Wedding planner,Food & Events,Rajouri Garden,West Delhi,098110 50619,4.8,16,Growth,"₹45,000",45000,Tue-Thu 11:00-16:00,Menu and package pages plus a date-availability enquiry form. Enquiries die in WhatsApp with no record today.,38,12,17,10,https://www.google.com/maps/search/?api=1&query=Palki%20Tent%20and%20Decorator%20Rajouri%20Garden
Delhi,115,B,77,New Gopal Motor Driving Training School,Driving school,Education & Training,Rohini,North Delhi,093138 85131,4,447,Custom,"₹1,20,000+",120000,Tue-Thu 11:00-13:00 / 15:00-17:00 (between batches),"Curriculum, fees, faculty and an admission-enquiry form. Parents shortlist online, then visit.",34,27,7,10,https://www.google.com/maps/search/?api=1&query=New%20Gopal%20Motor%20Driving%20Training%20School%20Rohini
Delhi,116,B,77,Krishna Catering Services,Caterer,Food & Events,Rohini,North Delhi,099905 69633,4.6,69,Growth,"₹45,000",45000,Tue-Thu 11:00-16:00,Menu and package pages plus a date-availability enquiry form. Enquiries die in WhatsApp with no record today.,34,18,15,10,https://www.google.com/maps/search/?api=1&query=Krishna%20Catering%20Services%20Rohini
Delhi,117,B,77,7 Star Motor Driving Training School,Driving school,Education & Training,Mayur Vihar,East Delhi,099531 10707,4.7,48,Starter,"₹15,000",15000,Tue-Thu 11:00-13:00 / 15:00-17:00 (between batches),"Curriculum, fees, faculty and an admission-enquiry form. Parents shortlist online, then visit.",34,17,16,10,https://www.google.com/maps/search/?api=1&query=7%20Star%20Motor%20Driving%20Training%20School%20Mayur%20Vihar
Delhi,118,B,77,Chhabra caterers,Caterer,Food & Events,Uttam Nagar,West Delhi,076786 04612,4.7,44,Starter,"₹15,000",15000,Tue-Thu 11:00-16:00,Menu and package pages plus a date-availability enquiry form. Enquiries die in WhatsApp with no record today.,34,17,16,10,https://www.google.com/maps/search/?api=1&query=Chhabra%20caterers%20Uttam%20Nagar
Delhi,119,B,77,Shubham tent house,Tent house supplier,Food & Events,Dabri-Palam Road,West Delhi,099110 11128,4.9,39,Starter,"₹15,000",15000,Tue-Thu 11:00-16:00,Menu and package pages plus a date-availability enquiry form. Enquiries die in WhatsApp with no record today.,32,16,19,10,https://www.google.com/maps/search/?api=1&query=Shubham%20tent%20house%20Dabri-Palam%20Road
Delhi,120,B,77,Shree shyam caterers and tent house Dwarka mor,Tent house supplier,Food & Events,Dwarka Mor,West Delhi,087002 01645,5,34,Starter,"₹15,000",15000,Tue-Thu 11:00-16:00,Menu and package pages plus a date-availability enquiry form. Enquiries die in WhatsApp with no record today.,32,15,20,10,https://www.google.com/maps/search/?api=1&query=Shree%20shyam%20caterers%20and%20tent%20house%20Dwarka%20mor%20Dwarka%20Mor
Delhi,121,B,77,Jaina tent and Caterers,Tent house supplier,Food & Events,Kalkaji,South Delhi,095999 42202,5,34,Starter,"₹15,000",15000,Tue-Thu 11:00-16:00,Menu and package pages plus a date-availability enquiry form. Enquiries die in WhatsApp with no record today.,32,15,20,10,https://www.google.com/maps/search/?api=1&query=Jaina%20tent%20and%20Caterers%20Kalkaji
Delhi,122,B,77,MATHUR TENT HOUSE & CATERERS,Tent house supplier,Food & Events,Mayur Vihar,East Delhi,095605 92024,5,33,Starter,"₹15,000",15000,Tue-Thu 11:00-16:00,Menu and package pages plus a date-availability enquiry form. Enquiries die in WhatsApp with no record today.,32,15,20,10,https://www.google.com/maps/search/?api=1&query=MATHUR%20TENT%20HOUSE%20%26%20CATERERS%20Mayur%20Vihar
Delhi,123,B,77,Mehra Tent & event House,Tent house supplier,Food & Events,Shahdara,East Delhi,097167 22952,5,31,Starter,"₹15,000",15000,Tue-Thu 11:00-16:00,Menu and package pages plus a date-availability enquiry form. Enquiries die in WhatsApp with no record today.,32,15,20,10,https://www.google.com/maps/search/?api=1&query=Mehra%20Tent%20%26%20event%20House%20Shahdara
Delhi,124,B,77,AMAN TENT HOUSE Tilak Nagar,Tent house supplier,Food & Events,Tilak Vihar Tilak Nagar,West Delhi,099716 58759,5,30,Starter,"₹15,000",15000,Tue-Thu 11:00-16:00,Menu and package pages plus a date-availability enquiry form. Enquiries die in WhatsApp with no record today.,32,15,20,10,https://www.google.com/maps/search/?api=1&query=AMAN%20TENT%20HOUSE%20Tilak%20Nagar%20Tilak%20Vihar%20Tilak%20Nagar
Delhi,125,B,77,Pawan Tent House & Caterers,Tent house supplier,Food & Events,Shahdara,East Delhi,098911 29820,5,28,Starter,"₹15,000",15000,Tue-Thu 11:00-16:00,Menu and package pages plus a date-availability enquiry form. Enquiries die in WhatsApp with no record today.,32,15,20,10,https://www.google.com/maps/search/?api=1&query=Pawan%20Tent%20House%20%26%20Caterers%20Shahdara
Delhi,126,B,76,RS Motor Driving School,Driving school,Education & Training,Mayur Vihar,East Delhi,081306 57466,4.3,144,Growth,"₹45,000",45000,Tue-Thu 11:00-13:00 / 15:00-17:00 (between batches),"Curriculum, fees, faculty and an admission-enquiry form. Parents shortlist online, then visit.",34,22,11,10,https://www.google.com/maps/search/?api=1&query=RS%20Motor%20Driving%20School%20Mayur%20Vihar
Delhi,127,B,76,Kanhaiya Tent House,Tent house supplier,Food & Events,Narela,North Delhi,097175 56848,4.9,37,Starter,"₹15,000",15000,Tue-Thu 11:00-16:00,Menu and package pages plus a date-availability enquiry form. Enquiries die in WhatsApp with no record today.,32,16,19,10,https://www.google.com/maps/search/?api=1&query=Kanhaiya%20Tent%20House%20Narela
Delhi,128,B,76,Haryana Tent House & Decorators,Tent house supplier,Food & Events,Nawada Uttam Nagar,West Delhi,096433 89020,4.9,32,Starter,"₹15,000",15000,Tue-Thu 11:00-16:00,Menu and package pages plus a date-availability enquiry form. Enquiries die in WhatsApp with no record today.,32,15,19,10,https://www.google.com/maps/search/?api=1&query=Haryana%20Tent%20House%20%26%20Decorators%20Nawada%20Uttam%20Nagar
Delhi,129,B,76,Patwari Tent House,Tent house supplier,Food & Events,Rohini,North Delhi,080102 19517,4.9,30,Starter,"₹15,000",15000,Tue-Thu 11:00-16:00,Menu and package pages plus a date-availability enquiry form. Enquiries die in WhatsApp with no record today.,32,15,19,10,https://www.google.com/maps/search/?api=1&query=Patwari%20Tent%20House%20Rohini
Delhi,130,B,76,Taj Mahal tent house,Tent house supplier,Food & Events,Dilshad Garden,East Delhi,091366 43087,4.9,30,Starter,"₹15,000",15000,Tue-Thu 11:00-16:00,Menu and package pages plus a date-availability enquiry form. Enquiries die in WhatsApp with no record today.,32,15,19,10,https://www.google.com/maps/search/?api=1&query=Taj%20Mahal%20tent%20house%20Dilshad%20Garden
Delhi,131,B,76,Bhatt tent house,Tent house supplier,Food & Events,Najafgarh,West Delhi,081785 35214,5,27,Starter,"₹15,000",15000,Tue-Thu 11:00-16:00,Menu and package pages plus a date-availability enquiry form. Enquiries die in WhatsApp with no record today.,32,14,20,10,https://www.google.com/maps/search/?api=1&query=Bhatt%20tent%20house%20Najafgarh
Delhi,132,B,76,Manav Tent House,Tent house supplier,Food & Events,Anand Parbat Karol Bagh,Central Delhi,078270 83835,5,26,Starter,"₹15,000",15000,Tue-Thu 11:00-16:00,Menu and package pages plus a date-availability enquiry form. Enquiries die in WhatsApp with no record today.,32,14,20,10,https://www.google.com/maps/search/?api=1&query=Manav%20Tent%20House%20Anand%20Parbat%20Karol%20Bagh
Delhi,133,B,76,Vardhman Tent House,Tent house supplier,Food & Events,Shahdara,East Delhi,098917 78050,5,24,Starter,"₹15,000",15000,Tue-Thu 11:00-16:00,Menu and package pages plus a date-availability enquiry form. Enquiries die in WhatsApp with no record today.,32,14,20,10,https://www.google.com/maps/search/?api=1&query=Vardhman%20Tent%20House%20Shahdara
Delhi,134,B,76,Sawariya Tent House & Decorators,Tent house supplier,Food & Events,Rohini,North Delhi,080534 31887,5,22,Starter,"₹15,000",15000,Tue-Thu 11:00-16:00,Menu and package pages plus a date-availability enquiry form. Enquiries die in WhatsApp with no record today.,32,14,20,10,https://www.google.com/maps/search/?api=1&query=Sawariya%20Tent%20House%20%26%20Decorators%20Rohini
Delhi,135,B,76,Mamta Garg Advocate in Karkardooma Court,Lawyer,Legal,Karkardooma Court,East Delhi,098108 19551,4.8,6,Growth,"₹45,000",45000,Tue-Thu 14:00-17:00 (after court rises),"Practice areas, bar credentials and a confidential enquiry form. Clients search a lawyer's name before they ring, and a chamber number on Maps is not a profile.",40,8,17,10,https://www.google.com/maps/search/?api=1&query=Mamta%20Garg%20Advocate%20in%20Karkardooma%20Court%20Karkardooma%20Court
Delhi,136,B,76,Tyagi Tent House,Event planner,Food & Events,Najafgarh,West Delhi,098103 56782,5,6,Growth,"₹45,000",45000,Tue-Thu 11:00-16:00,Menu and package pages plus a date-availability enquiry form. Enquiries die in WhatsApp with no record today.,38,8,20,10,https://www.google.com/maps/search/?api=1&query=Tyagi%20Tent%20House%20Najafgarh
Delhi,137,B,75,New Raj Motor Driving Training School,Driving school,Education & Training,Rohini,North Delhi,098996 26341,4,258,Custom,"₹1,20,000+",120000,Tue-Thu 11:00-13:00 / 15:00-17:00 (between batches),"Curriculum, fees, faculty and an admission-enquiry form. Parents shortlist online, then visit.",34,24,7,10,https://www.google.com/maps/search/?api=1&query=New%20Raj%20Motor%20Driving%20Training%20School%20Rohini
Delhi,138,B,75,GIANI JI DRIVING SCHOOL,Driving school,Education & Training,Janakpuri,West Delhi,090861 31313,4.1,222,Growth,"₹45,000",45000,Tue-Thu 11:00-13:00 / 15:00-17:00 (between batches),"Curriculum, fees, faculty and an admission-enquiry form. Parents shortlist online, then visit.",34,23,8,10,https://www.google.com/maps/search/?api=1&query=GIANI%20JI%20DRIVING%20SCHOOL%20Janakpuri
Delhi,139,B,75,Professional Driving School - Learn Scooty Perfectly,Driving school,Education & Training,Pitampura,North Delhi,— none listed,4.9,190,Growth,"₹45,000",45000,Tue-Thu 11:00-13:00 / 15:00-17:00 (between batches),"Curriculum, fees, faculty and an admission-enquiry form. Parents shortlist online, then visit.",34,23,19,0,https://www.google.com/maps/search/?api=1&query=Professional%20Driving%20School%20-%20Learn%20Scooty%20Perfectly%20Pitampura
Delhi,140,B,75,Gurmeet Tent House,Tent house supplier,Food & Events,CBD Ground Shahdara,East Delhi,093542 22740,4.4,128,Growth,"₹45,000",45000,Tue-Thu 11:00-16:00,Menu and package pages plus a date-availability enquiry form. Enquiries die in WhatsApp with no record today.,32,21,12,10,https://www.google.com/maps/search/?api=1&query=Gurmeet%20Tent%20House%20CBD%20Ground%20Shahdara
Delhi,141,B,75,Morya Tent House & Caters,Tent house supplier,Food & Events,Bharat Vihar Dwarka,West Delhi,098686 29511,4.6,60,Growth,"₹45,000",45000,Tue-Thu 11:00-16:00,Menu and package pages plus a date-availability enquiry form. Enquiries die in WhatsApp with no record today.,32,18,15,10,https://www.google.com/maps/search/?api=1&query=Morya%20Tent%20House%20%26%20Caters%20Bharat%20Vihar%20Dwarka
Delhi,142,B,75,Rajesh Wason Tent House,Tent house supplier,Food & Events,Karol Bagh,Central Delhi,098119 11414,4.8,39,Starter,"₹15,000",15000,Tue-Thu 11:00-16:00,Menu and package pages plus a date-availability enquiry form. Enquiries die in WhatsApp with no record today.,32,16,17,10,https://www.google.com/maps/search/?api=1&query=Rajesh%20Wason%20Tent%20House%20Karol%20Bagh
Delhi,143,B,75,Hind Tent House,Tent house supplier,Food & Events,Shahdara,East Delhi,098116 19166,4.8,32,Starter,"₹15,000",15000,Tue-Thu 11:00-16:00,Menu and package pages plus a date-availability enquiry form. Enquiries die in WhatsApp with no record today.,32,15,17,10,https://www.google.com/maps/search/?api=1&query=Hind%20Tent%20House%20Shahdara
Delhi,144,B,75,Ambe Driving School,Driving school,Education & Training,Kalkaji,South Delhi,099117 72969,4.7,31,Starter,"₹15,000",15000,Tue-Thu 11:00-13:00 / 15:00-17:00 (between batches),"Curriculum, fees, faculty and an admission-enquiry form. Parents shortlist online, then visit.",34,15,16,10,https://www.google.com/maps/search/?api=1&query=Ambe%20Driving%20School%20Kalkaji
Delhi,145,B,75,Nisha Tent & Caterers,Tent house supplier,Food & Events,Vishwas Park Dwarka,West Delhi,096433 37881,4.9,27,Starter,"₹15,000",15000,Tue-Thu 11:00-16:00,Menu and package pages plus a date-availability enquiry form. Enquiries die in WhatsApp with no record today.,32,14,19,10,https://www.google.com/maps/search/?api=1&query=Nisha%20Tent%20%26%20Caterers%20Vishwas%20Park%20Dwarka
Delhi,146,B,75,DK Tent House & Caterers,Tent house supplier,Food & Events,Mayur Vihar,East Delhi,088822 90344,5,21,Starter,"₹15,000",15000,Tue-Thu 11:00-16:00,Menu and package pages plus a date-availability enquiry form. Enquiries die in WhatsApp with no record today.,32,13,20,10,https://www.google.com/maps/search/?api=1&query=DK%20Tent%20House%20%26%20Caterers%20Mayur%20Vihar
Delhi,147,B,75,Subhash Tent House,Tent house supplier,Food & Events,Dilshad Garden,East Delhi,099534 10392,5,21,Starter,"₹15,000",15000,Tue-Thu 11:00-16:00,Menu and package pages plus a date-availability enquiry form. Enquiries die in WhatsApp with no record today.,32,13,20,10,https://www.google.com/maps/search/?api=1&query=Subhash%20Tent%20House%20Dilshad%20Garden
Delhi,148,B,75,"Kalra Tent House, Caterers and Decorators",Tent house supplier,Food & Events,Arya Samaj Road Uttam Nagar,West Delhi,098999 95852,5,18,Starter,"₹15,000",15000,Tue-Thu 11:00-16:00,Menu and package pages plus a date-availability enquiry form. Enquiries die in WhatsApp with no record today.,32,13,20,10,https://www.google.com/maps/search/?api=1&query=Kalra%20Tent%20House%2C%20Caterers%20and%20Decorators%20Arya%20Samaj%20Road%20Uttam%20Nagar
Delhi,149,B,75,Shokeen Tent House,Tent house supplier,Food & Events,Nangloi,North Delhi,095602 86460,5,18,Starter,"₹15,000",15000,Tue-Thu 11:00-16:00,Menu and package pages plus a date-availability enquiry form. Enquiries die in WhatsApp with no record today.,32,13,20,10,https://www.google.com/maps/search/?api=1&query=Shokeen%20Tent%20House%20Nangloi
Delhi,150,B,75,OM Tent House & Caterers,Tent house supplier,Food & Events,Badarpur,South Delhi,099532 21022,5,18,Starter,"₹15,000",15000,Tue-Thu 11:00-16:00,Menu and package pages plus a date-availability enquiry form. Enquiries die in WhatsApp with no record today.,32,13,20,10,https://www.google.com/maps/search/?api=1&query=OM%20Tent%20House%20%26%20Caterers%20Badarpur
Delhi,151,B,74,Guruji Driving Training School,Driving school,Education & Training,Kalkaji,South Delhi,— none listed,4.9,138,Growth,"₹45,000",45000,Tue-Thu 11:00-13:00 / 15:00-17:00 (between batches),"Curriculum, fees, faculty and an admission-enquiry form. Parents shortlist online, then visit.",34,21,19,0,https://www.google.com/maps/search/?api=1&query=Guruji%20Driving%20Training%20School%20Kalkaji
Delhi,152,B,74,J.c caterers,Caterer,Food & Events,Dal Mill Road Uttam Nagar,West Delhi,092138 51481,4.7,27,Starter,"₹15,000",15000,Tue-Thu 11:00-16:00,Menu and package pages plus a date-availability enquiry form. Enquiries die in WhatsApp with no record today.,34,14,16,10,https://www.google.com/maps/search/?api=1&query=J.c%20caterers%20Dal%20Mill%20Road%20Uttam%20Nagar
Delhi,153,B,74,Haji Johny Bawarchi & caterer,Caterer,Food & Events,Shahdara,East Delhi,099117 07007,4.7,24,Starter,"₹15,000",15000,Tue-Thu 11:00-16:00,Menu and package pages plus a date-availability enquiry form. Enquiries die in WhatsApp with no record today.,34,14,16,10,https://www.google.com/maps/search/?api=1&query=Haji%20Johny%20Bawarchi%20%26%20caterer%20Shahdara
Delhi,154,B,74,Daman Tent House & Flower Decorators,Tent house supplier,Food & Events,Rohini,North Delhi,080760 16864,4.9,19,Starter,"₹15,000",15000,Tue-Thu 11:00-16:00,Menu and package pages plus a date-availability enquiry form. Enquiries die in WhatsApp with no record today.,32,13,19,10,https://www.google.com/maps/search/?api=1&query=Daman%20Tent%20House%20%26%20Flower%20Decorators%20Rohini
Delhi,155,B,74,"Ahuja Tent House, Light & Sound Service",Tent house supplier,Food & Events,Rani Bagh Pitampura,North Delhi,098114 33602,4.9,19,Starter,"₹15,000",15000,Tue-Thu 11:00-16:00,Menu and package pages plus a date-availability enquiry form. Enquiries die in WhatsApp with no record today.,32,13,19,10,https://www.google.com/maps/search/?api=1&query=Ahuja%20Tent%20House%2C%20Light%20%26%20Sound%20Service%20Rani%20Bagh%20Pitampura
Delhi,156,B,74,Raju Motor Driving training School,Driving school,Education & Training,Dabri Janakpuri,West Delhi,098912 13001,4.8,19,Starter,"₹15,000",15000,Tue-Thu 11:00-13:00 / 15:00-17:00 (between batches),"Curriculum, fees, faculty and an admission-enquiry form. Parents shortlist online, then visit.",34,13,17,10,https://www.google.com/maps/search/?api=1&query=Raju%20Motor%20Driving%20training%20School%20Dabri%20Janakpuri
Delhi,157,B,74,Advocate Sahil Vij (Patiala House Courts),Lawyer,Legal,Patiala House Court,Central Delhi,088828 89245,4.5,11,Growth,"₹45,000",45000,Tue-Thu 14:00-17:00 (after court rises),"Practice areas, bar credentials and a confidential enquiry form. Clients search a lawyer's name before they ring, and a chamber number on Maps is not a profile.",40,11,13,10,https://www.google.com/maps/search/?api=1&query=Advocate%20Sahil%20Vij%20%28Patiala%20House%20Courts%29%20Patiala%20House%20Court
Delhi,158,C,73,JMD Tent House Rohini,Wedding venue,Food & Events,KN Katju Marg Rohini,North Delhi,— none listed,4.2,642,Custom,"₹1,20,000+",120000,Tue-Thu 11:00-16:00,Menu and package pages plus a date-availability enquiry form. Enquiries die in WhatsApp with no record today.,36,28,9,0,https://www.google.com/maps/search/?api=1&query=JMD%20Tent%20House%20Rohini%20KN%20Katju%20Marg%20Rohini
Delhi,159,C,73,Dussehra Ground Panchhi Tent House Wedding Venue,Event venue,Food & Events,Vikaspuri,West Delhi,098183 45699,4.2,91,Growth,"₹45,000",45000,Tue-Thu 11:00-16:00,Menu and package pages plus a date-availability enquiry form. Enquiries die in WhatsApp with no record today.,34,20,9,10,https://www.google.com/maps/search/?api=1&query=Dussehra%20Ground%20Panchhi%20Tent%20House%20Wedding%20Venue%20Vikaspuri
Delhi,160,C,73,Royal's Decor & Caterers,Tent house supplier,Food & Events,Mayur Vihar,East Delhi,078272 06550,4.8,22,Starter,"₹15,000",15000,Tue-Thu 11:00-16:00,Menu and package pages plus a date-availability enquiry form. Enquiries die in WhatsApp with no record today.,32,14,17,10,https://www.google.com/maps/search/?api=1&query=Royal%27s%20Decor%20%26%20Caterers%20Mayur%20Vihar
Delhi,161,C,73,PAL SWEETS & CATERERS,Caterer,Food & Events,Jain Colony Uttam Nagar,West Delhi,097185 72608,4.7,17,Starter,"₹15,000",15000,Tue-Thu 11:00-16:00,Menu and package pages plus a date-availability enquiry form. Enquiries die in WhatsApp with no record today.,34,13,16,10,https://www.google.com/maps/search/?api=1&query=PAL%20SWEETS%20%26%20CATERERS%20Jain%20Colony%20Uttam%20Nagar
Delhi,162,C,73,A S Tent House,Tent house supplier,Food & Events,Shukr Bazar Vasundhara Enclave,East Delhi,083840 20366,4.9,15,Starter,"₹15,000",15000,Tue-Thu 11:00-16:00,Menu and package pages plus a date-availability enquiry form. Enquiries die in WhatsApp with no record today.,32,12,19,10,https://www.google.com/maps/search/?api=1&query=A%20S%20Tent%20House%20Shukr%20Bazar%20Vasundhara%20Enclave
Delhi,163,C,73,Jain Tent House (Since 1982),Tent house supplier,Food & Events,Anaj Mandi Karol Bagh,Central Delhi,098106 42057,5,13,Starter,"₹15,000",15000,Tue-Thu 11:00-16:00,Menu and package pages plus a date-availability enquiry form. Enquiries die in WhatsApp with no record today.,32,11,20,10,https://www.google.com/maps/search/?api=1&query=Jain%20Tent%20House%20%28Since%201982%29%20Anaj%20Mandi%20Karol%20Bagh
Delhi,164,C,73,AMAN CATERS - Aman tent & light house,Tent house supplier,Food & Events,Okhla,South Delhi,097173 75519,5,13,Starter,"₹15,000",15000,Tue-Thu 11:00-16:00,Menu and package pages plus a date-availability enquiry form. Enquiries die in WhatsApp with no record today.,32,11,20,10,https://www.google.com/maps/search/?api=1&query=AMAN%20CATERS%20-%20Aman%20tent%20%26%20light%20house%20Okhla
Delhi,165,C,73,SHOKEEN TENT ND EVENTS,Tent house supplier,Food & Events,Kamruddin Nagar Nangloi,North Delhi,096251 76833,5,12,Starter,"₹15,000",15000,Tue-Thu 11:00-16:00,Menu and package pages plus a date-availability enquiry form. Enquiries die in WhatsApp with no record today.,32,11,20,10,https://www.google.com/maps/search/?api=1&query=SHOKEEN%20TENT%20ND%20EVENTS%20Kamruddin%20Nagar%20Nangloi
Delhi,166,C,73,New Kumar Tent & Light House,Tent house supplier,Food & Events,Shahpur Jat,South Delhi,098114 03639,5,12,Starter,"₹15,000",15000,Tue-Thu 11:00-16:00,Menu and package pages plus a date-availability enquiry form. Enquiries die in WhatsApp with no record today.,32,11,20,10,https://www.google.com/maps/search/?api=1&query=New%20Kumar%20Tent%20%26%20Light%20House%20Shahpur%20Jat
Delhi,167,C,73,OM TENT HOUSE,Tent house supplier,Food & Events,Rohini,North Delhi,098919 15654,5,11,Starter,"₹15,000",15000,Tue-Thu 11:00-16:00,Menu and package pages plus a date-availability enquiry form. Enquiries die in WhatsApp with no record today.,32,11,20,10,https://www.google.com/maps/search/?api=1&query=OM%20TENT%20HOUSE%20Rohini
Delhi,168,C,73,Ajeet Tent and light house,Tent house supplier,Food & Events,Najafgarh,West Delhi,089290 66945,5,11,Starter,"₹15,000",15000,Tue-Thu 11:00-16:00,Menu and package pages plus a date-availability enquiry form. Enquiries die in WhatsApp with no record today.,32,11,20,10,https://www.google.com/maps/search/?api=1&query=Ajeet%20Tent%20and%20light%20house%20Najafgarh
Delhi,169,C,72,Maa Jagdambe Tent,Wedding venue,Food & Events,Mangolpuri,North Delhi,— none listed,4.2,493,Custom,"₹1,20,000+",120000,Tue-Thu 11:00-16:00,Menu and package pages plus a date-availability enquiry form. Enquiries die in WhatsApp with no record today.,36,27,9,0,https://www.google.com/maps/search/?api=1&query=Maa%20Jagdambe%20Tent%20Mangolpuri
Delhi,170,C,72,Jalsa By Kohli Tents,Event venue,Food & Events,West Enclave Pitampura,North Delhi,093556 66103,4,148,Growth,"₹45,000",45000,Tue-Thu 11:00-16:00,Menu and package pages plus a date-availability enquiry form. Enquiries die in WhatsApp with no record today.,34,22,7,10,https://www.google.com/maps/search/?api=1&query=Jalsa%20By%20Kohli%20Tents%20West%20Enclave%20Pitampura
Delhi,171,C,72,Dipa Motor Training School,Driving school,Education & Training,School Block Laxmi Nagar,East Delhi,098102 69854,4.3,48,Starter,"₹15,000",15000,Tue-Thu 11:00-13:00 / 15:00-17:00 (between batches),"Curriculum, fees, faculty and an admission-enquiry form. Parents shortlist online, then visit.",34,17,11,10,https://www.google.com/maps/search/?api=1&query=Dipa%20Motor%20Training%20School%20School%20Block%20Laxmi%20Nagar
Delhi,172,C,72,Gambhir Tent House,Tent house supplier,Food & Events,New Multan Nagar Paschim Vihar,West Delhi,093505 20560,4.7,24,Starter,"₹15,000",15000,Tue-Thu 11:00-16:00,Menu and package pages plus a date-availability enquiry form. Enquiries die in WhatsApp with no record today.,32,14,16,10,https://www.google.com/maps/search/?api=1&query=Gambhir%20Tent%20House%20New%20Multan%20Nagar%20Paschim%20Vihar
Delhi,173,C,72,Naresh tent and cateres,Tent house supplier,Food & Events,Mansa Ram Park Uttam Nagar,West Delhi,096508 72090,4.7,22,Starter,"₹15,000",15000,Tue-Thu 11:00-16:00,Menu and package pages plus a date-availability enquiry form. Enquiries die in WhatsApp with no record today.,32,14,16,10,https://www.google.com/maps/search/?api=1&query=Naresh%20tent%20and%20cateres%20Mansa%20Ram%20Park%20Uttam%20Nagar
Delhi,174,C,72,Vijay Rodhiya Tent House,Tent house supplier,Food & Events,Nangloi,North Delhi,092112 03346,4.8,17,Starter,"₹15,000",15000,Tue-Thu 11:00-16:00,Menu and package pages plus a date-availability enquiry form. Enquiries die in WhatsApp with no record today.,32,13,17,10,https://www.google.com/maps/search/?api=1&query=Vijay%20Rodhiya%20Tent%20House%20Nangloi
Delhi,175,C,72,Lakshit Tent House & Caterers,Tent house supplier,Food & Events,Vasundhara Enclave,East Delhi,088106 75887,4.9,14,Starter,"₹15,000",15000,Tue-Thu 11:00-16:00,Menu and package pages plus a date-availability enquiry form. Enquiries die in WhatsApp with no record today.,32,12,19,10,https://www.google.com/maps/search/?api=1&query=Lakshit%20Tent%20House%20%26%20Caterers%20Vasundhara%20Enclave
Delhi,176,C,72,S.N. Light & Tent House,Event management company,Food & Events,Mangal Bazar Palam,West Delhi,093118 48008,4.5,11,Growth,"₹45,000",45000,Tue-Thu 11:00-16:00,Menu and package pages plus a date-availability enquiry form. Enquiries die in WhatsApp with no record today.,38,11,13,10,https://www.google.com/maps/search/?api=1&query=S.N.%20Light%20%26%20Tent%20House%20Mangal%20Bazar%20Palam
Delhi,177,C,72,Prabhu and sons tent decorators,Tent house supplier,Food & Events,Karawal Nagar,East Delhi,096507 94638,5,9,Starter,"₹15,000",15000,Tue-Thu 11:00-16:00,Menu and package pages plus a date-availability enquiry form. Enquiries die in WhatsApp with no record today.,32,10,20,10,https://www.google.com/maps/search/?api=1&query=Prabhu%20and%20sons%20tent%20decorators%20Karawal%20Nagar
Delhi,178,C,72,Gupta Tent House,Tent house supplier,Food & Events,Narela,North Delhi,090532 02021,5,9,Starter,"₹15,000",15000,Tue-Thu 11:00-16:00,Menu and package pages plus a date-availability enquiry form. Enquiries die in WhatsApp with no record today.,32,10,20,10,https://www.google.com/maps/search/?api=1&query=Gupta%20Tent%20House%20Narela
Delhi,179,C,72,Sunny Aggarwal Tent House,Tent house supplier,Food & Events,Chhatarpur,South Delhi,095605 46547,5,9,Starter,"₹15,000",15000,Tue-Thu 11:00-16:00,Menu and package pages plus a date-availability enquiry form. Enquiries die in WhatsApp with no record today.,32,10,20,10,https://www.google.com/maps/search/?api=1&query=Sunny%20Aggarwal%20Tent%20House%20Chhatarpur
Delhi,180,C,72,Lovish Tent House And Caterers,Tent house supplier,Food & Events,Kalkaji,South Delhi,080 6242 9725,5,8,Starter,"₹15,000",15000,Tue-Thu 11:00-16:00,Menu and package pages plus a date-availability enquiry form. Enquiries die in WhatsApp with no record today.,32,10,20,10,https://www.google.com/maps/search/?api=1&query=Lovish%20Tent%20House%20And%20Caterers%20Kalkaji
Delhi,181,C,72,Bhagat ji Tent and Events,Tent house supplier,Food & Events,Tilak Vihar Tilak Nagar,West Delhi,078408 98387,5,8,Starter,"₹15,000",15000,Tue-Thu 11:00-16:00,Menu and package pages plus a date-availability enquiry form. Enquiries die in WhatsApp with no record today.,32,10,20,10,https://www.google.com/maps/search/?api=1&query=Bhagat%20ji%20Tent%20and%20Events%20Tilak%20Vihar%20Tilak%20Nagar
Delhi,182,C,72,Kalka Tent House & Caterers,Caterer,Food & Events,Kalkaji,South Delhi,078272 82967,5,5,Starter,"₹15,000",15000,Tue-Thu 11:00-16:00,Menu and package pages plus a date-availability enquiry form. Enquiries die in WhatsApp with no record today.,34,8,20,10,https://www.google.com/maps/search/?api=1&query=Kalka%20Tent%20House%20%26%20Caterers%20Kalkaji
Delhi,183,C,72,Delhi Royal Caterers,Catering food and drink supplier,Food & Events,Shahdara,East Delhi,093105 43001,5,5,Starter,"₹15,000",15000,Tue-Thu 11:00-16:00,Menu and package pages plus a date-availability enquiry form. Enquiries die in WhatsApp with no record today.,34,8,20,10,https://www.google.com/maps/search/?api=1&query=Delhi%20Royal%20Caterers%20Shahdara
Delhi,184,C,71,Krishna Motor Driving School,Driving school,Education & Training,Najafgarh,West Delhi,— none listed,4.9,65,Growth,"₹45,000",45000,Tue-Thu 11:00-13:00 / 15:00-17:00 (between batches),"Curriculum, fees, faculty and an admission-enquiry form. Parents shortlist online, then visit.",34,18,19,0,https://www.google.com/maps/search/?api=1&query=Krishna%20Motor%20Driving%20School%20Najafgarh
Delhi,185,C,71,Packers Movers Rohini Delhi,Transportation service,Retail & Services,Rohini,North Delhi,088476 85542,4.9,27,Starter,"₹15,000",15000,Tue-Thu 11:00-16:00,"Services, coverage area and a callback form so enquiries stop dying in missed calls.",28,14,19,10,https://www.google.com/maps/search/?api=1&query=Packers%20Movers%20Rohini%20Delhi%20Rohini
Delhi,186,C,71,Yogesh Tent House,Tent house supplier,Food & Events,Janakpuri,West Delhi,098100 76278,4.7,18,Starter,"₹15,000",15000,Tue-Thu 11:00-16:00,Menu and package pages plus a date-availability enquiry form. Enquiries die in WhatsApp with no record today.,32,13,16,10,https://www.google.com/maps/search/?api=1&query=Yogesh%20Tent%20House%20Janakpuri
Delhi,187,C,71,Divorce and Criminal Lawyer - Saket Courts,Law firm,Legal,Saket Court,South Delhi,— none listed,4.9,15,Growth,"₹45,000",45000,Tue-Thu 14:00-17:00 (after court rises),"Practice areas, bar credentials and a confidential enquiry form. Clients search a lawyer's name before they ring, and a chamber number on Maps is not a profile.",40,12,19,0,https://www.google.com/maps/search/?api=1&query=Divorce%20and%20Criminal%20Lawyer%20-%20Saket%20Courts%20Saket%20Court
Delhi,188,C,71,New Bagga Tent House,Tent house supplier,Food & Events,Uttam Nagar,West Delhi,096509 44888,4.8,15,Starter,"₹15,000",15000,Tue-Thu 11:00-16:00,Menu and package pages plus a date-availability enquiry form. Enquiries die in WhatsApp with no record today.,32,12,17,10,https://www.google.com/maps/search/?api=1&query=New%20Bagga%20Tent%20House%20Uttam%20Nagar
Delhi,189,C,71,Chhabra Tent & Caterers,Tent house supplier,Food & Events,Sultanpuri,North Delhi,095993 19977,4.8,15,Starter,"₹15,000",15000,Tue-Thu 11:00-16:00,Menu and package pages plus a date-availability enquiry form. Enquiries die in WhatsApp with no record today.,32,12,17,10,https://www.google.com/maps/search/?api=1&query=Chhabra%20Tent%20%26%20Caterers%20Sultanpuri
Delhi,190,C,71,Gupta Jee Tent And Decorators,Tent house supplier,Food & Events,Kalkaji,South Delhi,097175 95571,4.8,14,Starter,"₹15,000",15000,Tue-Thu 11:00-16:00,Menu and package pages plus a date-availability enquiry form. Enquiries die in WhatsApp with no record today.,32,12,17,10,https://www.google.com/maps/search/?api=1&query=Gupta%20Jee%20Tent%20And%20Decorators%20Kalkaji
Delhi,191,C,71,Shri Ram Tent House & Caterers,Tent house supplier,Food & Events,Sangam Vihar,South Delhi,093107 44285,4.8,13,Starter,"₹15,000",15000,Tue-Thu 11:00-16:00,Menu and package pages plus a date-availability enquiry form. Enquiries die in WhatsApp with no record today.,32,11,17,10,https://www.google.com/maps/search/?api=1&query=Shri%20Ram%20Tent%20House%20%26%20Caterers%20Sangam%20Vihar
Delhi,192,C,71,Tayal Decorators Tent & Caterers,Tent house supplier,Food & Events,Mehrauli,South Delhi,092100 10456,4.9,11,Starter,"₹15,000",15000,Tue-Thu 11:00-16:00,Menu and package pages plus a date-availability enquiry form. Enquiries die in WhatsApp with no record today.,32,11,19,10,https://www.google.com/maps/search/?api=1&query=Tayal%20Decorators%20Tent%20%26%20Caterers%20Mehrauli
Delhi,193,C,71,K K Bister House,Tent house supplier,Food & Events,Dabri-Palam Road,West Delhi,097166 89262,4.9,11,Starter,"₹15,000",15000,Tue-Thu 11:00-16:00,Menu and package pages plus a date-availability enquiry form. Enquiries die in WhatsApp with no record today.,32,11,19,10,https://www.google.com/maps/search/?api=1&query=K%20K%20Bister%20House%20Dabri-Palam%20Road
Delhi,194,C,71,Suman Tent & Light House,Tent house supplier,Food & Events,Mayur Vihar,East Delhi,098733 02300,4.9,9,Starter,"₹15,000",15000,Tue-Thu 11:00-16:00,Menu and package pages plus a date-availability enquiry form. Enquiries die in WhatsApp with no record today.,32,10,19,10,https://www.google.com/maps/search/?api=1&query=Suman%20Tent%20%26%20Light%20House%20Mayur%20Vihar
Delhi,195,C,71,Dharm Tent House,Wedding service,Food & Events,Ashok Vihar,North Delhi,098108 42543,4.6,9,Growth,"₹45,000",45000,Tue-Thu 11:00-16:00,Menu and package pages plus a date-availability enquiry form. Enquiries die in WhatsApp with no record today.,36,10,15,10,https://www.google.com/maps/search/?api=1&query=Dharm%20Tent%20House%20Ashok%20Vihar
Delhi,196,C,71,Guru Tent House & Decorators,Tent house supplier,Food & Events,Karkari Road Shahdara,East Delhi,098107 71040,5,7,Starter,"₹15,000",15000,Tue-Thu 11:00-16:00,Menu and package pages plus a date-availability enquiry form. Enquiries die in WhatsApp with no record today.,32,9,20,10,https://www.google.com/maps/search/?api=1&query=Guru%20Tent%20House%20%26%20Decorators%20Karkari%20Road%20Shahdara
Delhi,197,C,71,Mehta Tent Palace,Tent house supplier,Food & Events,Pitampura,North Delhi,098110 76481,5,7,Starter,"₹15,000",15000,Tue-Thu 11:00-16:00,Menu and package pages plus a date-availability enquiry form. Enquiries die in WhatsApp with no record today.,32,9,20,10,https://www.google.com/maps/search/?api=1&query=Mehta%20Tent%20Palace%20Pitampura
Delhi,198,C,71,Shiva Tent & Caterers,Tent house supplier,Food & Events,Pitampura,North Delhi,076783 68337,5,7,Starter,"₹15,000",15000,Tue-Thu 11:00-16:00,Menu and package pages plus a date-availability enquiry form. Enquiries die in WhatsApp with no record today.,32,9,20,10,https://www.google.com/maps/search/?api=1&query=Shiva%20Tent%20%26%20Caterers%20Pitampura
Delhi,199,C,71,AYAN TENT,Tent house supplier,Food & Events,Badarpur,South Delhi,097190 56362,5,7,Starter,"₹15,000",15000,Tue-Thu 11:00-16:00,Menu and package pages plus a date-availability enquiry form. Enquiries die in WhatsApp with no record today.,32,9,20,10,https://www.google.com/maps/search/?api=1&query=AYAN%20TENT%20Badarpur
Delhi,200,C,71,BHARAT TENT HOUSE & CATERERS,Tent house supplier,Food & Events,IGNOU Road Chhatarpur,South Delhi,098996 59393,5,7,Starter,"₹15,000",15000,Tue-Thu 11:00-16:00,Menu and package pages plus a date-availability enquiry form. Enquiries die in WhatsApp with no record today.,32,9,20,10,https://www.google.com/maps/search/?api=1&query=BHARAT%20TENT%20HOUSE%20%26%20CATERERS%20IGNOU%20Road%20Chhatarpur
Delhi,201,C,71,Priya Tent House,Tent house supplier,Food & Events,Malviya Nagar,South Delhi,098111 07397,5,7,Starter,"₹15,000",15000,Tue-Thu 11:00-16:00,Menu and package pages plus a date-availability enquiry form. Enquiries die in WhatsApp with no record today.,32,9,20,10,https://www.google.com/maps/search/?api=1&query=Priya%20Tent%20House%20Malviya%20Nagar
Delhi,202,C,70,Shakti Tent & Decorators,Tent house supplier,Food & Events,Rohini,North Delhi,099110 00122,4.2,71,Growth,"₹45,000",45000,Tue-Thu 11:00-16:00,Menu and package pages plus a date-availability enquiry form. Enquiries die in WhatsApp with no record today.,32,19,9,10,https://www.google.com/maps/search/?api=1&query=Shakti%20Tent%20%26%20Decorators%20Rohini
Delhi,203,C,70,Tis Hazari court delhi,Criminal lawyer,Legal,Tis Hazari Court,Central Delhi,— none listed,4.4,64,Growth,"₹45,000",45000,Tue-Thu 14:00-17:00 (after court rises),"Practice areas, bar credentials and a confidential enquiry form. Clients search a lawyer's name before they ring, and a chamber number on Maps is not a profile.",40,18,12,0,https://www.google.com/maps/search/?api=1&query=Tis%20Hazari%20court%20delhi%20Tis%20Hazari%20Court
Delhi,204,C,70,Bhatia Tent House,Tent house supplier,Food & Events,Janakpuri,West Delhi,099903 12571,4.5,26,Starter,"₹15,000",15000,Tue-Thu 11:00-16:00,Menu and package pages plus a date-availability enquiry form. Enquiries die in WhatsApp with no record today.,32,14,13,10,https://www.google.com/maps/search/?api=1&query=Bhatia%20Tent%20House%20Janakpuri
Delhi,205,C,70,Prakash Tent House,Tent house supplier,Food & Events,Som Bazar Najafgarh,West Delhi,098119 76556,4.5,26,Starter,"₹15,000",15000,Tue-Thu 11:00-16:00,Menu and package pages plus a date-availability enquiry form. Enquiries die in WhatsApp with no record today.,32,14,13,10,https://www.google.com/maps/search/?api=1&query=Prakash%20Tent%20House%20Som%20Bazar%20Najafgarh
Delhi,206,C,70,Maan Tent House,Tent house supplier,Food & Events,Rohini,North Delhi,098112 69754,4.7,15,Starter,"₹15,000",15000,Tue-Thu 11:00-16:00,Menu and package pages plus a date-availability enquiry form. Enquiries die in WhatsApp with no record today.,32,12,16,10,https://www.google.com/maps/search/?api=1&query=Maan%20Tent%20House%20Rohini
Delhi,207,C,70,BHARDWAJ TENT & LIGHT HOUSE,Tent house supplier,Food & Events,Dilshad Garden,East Delhi,093101 86183,4.7,15,Starter,"₹15,000",15000,Tue-Thu 11:00-16:00,Menu and package pages plus a date-availability enquiry form. Enquiries die in WhatsApp with no record today.,32,12,16,10,https://www.google.com/maps/search/?api=1&query=BHARDWAJ%20TENT%20%26%20LIGHT%20HOUSE%20Dilshad%20Garden
Delhi,208,C,70,Prince Tent House,Tent house supplier,Food & Events,Dwarkapuri Palam,West Delhi,092132 22256,4.7,15,Starter,"₹15,000",15000,Tue-Thu 11:00-16:00,Menu and package pages plus a date-availability enquiry form. Enquiries die in WhatsApp with no record today.,32,12,16,10,https://www.google.com/maps/search/?api=1&query=Prince%20Tent%20House%20Dwarkapuri%20Palam
Delhi,209,C,70,Advocate Pranav Bhatt - Criminal & Civil Lawyer,Lawyer,Legal,Saket Court,South Delhi,— none listed,4.9,14,Growth,"₹45,000",45000,Tue-Thu 14:00-17:00 (after court rises),"Practice areas, bar credentials and a confidential enquiry form. Clients search a lawyer's name before they ring, and a chamber number on Maps is not a profile.",40,12,19,0,https://www.google.com/maps/search/?api=1&query=Advocate%20Pranav%20Bhatt%20-%20Criminal%20%26%20Civil%20Lawyer%20Saket%20Court
Delhi,210,C,70,Bhola Tent House (BTH Decor),Wedding service,Food & Events,Jaunapur Chhatarpur,South Delhi,096500 90518,4.5,11,Growth,"₹45,000",45000,Tue-Thu 11:00-16:00,Menu and package pages plus a date-availability enquiry form. Enquiries die in WhatsApp with no record today.,36,11,13,10,https://www.google.com/maps/search/?api=1&query=Bhola%20Tent%20House%20%28BTH%20Decor%29%20Jaunapur%20Chhatarpur
Delhi,211,C,70,Yaduvanshi Tent House,Tent house supplier,Food & Events,Najafgarh,West Delhi,080105 51390,4.9,8,Starter,"₹15,000",15000,Tue-Thu 11:00-16:00,Menu and package pages plus a date-availability enquiry form. Enquiries die in WhatsApp with no record today.,32,10,19,10,https://www.google.com/maps/search/?api=1&query=Yaduvanshi%20Tent%20House%20Najafgarh
Delhi,212,C,70,Shyam Tent House,Tent house supplier,Food & Events,Karawal Nagar,East Delhi,098714 19612,4.9,7,Starter,"₹15,000",15000,Tue-Thu 11:00-16:00,Menu and package pages plus a date-availability enquiry form. Enquiries die in WhatsApp with no record today.,32,9,19,10,https://www.google.com/maps/search/?api=1&query=Shyam%20Tent%20House%20Karawal%20Nagar
Delhi,213,C,70,Vashu tent house,Tent house supplier,Food & Events,Laxmi Park Nangloi,North Delhi,092127 33715,5,6,Starter,"₹15,000",15000,Tue-Thu 11:00-16:00,Menu and package pages plus a date-availability enquiry form. Enquiries die in WhatsApp with no record today.,32,8,20,10,https://www.google.com/maps/search/?api=1&query=Vashu%20tent%20house%20Laxmi%20Park%20Nangloi
Delhi,214,C,70,Jasmera Tent House,Tent house supplier,Food & Events,Chandan Vihar Nangloi,North Delhi,092108 35608,5,5,Starter,"₹15,000",15000,Tue-Thu 11:00-16:00,Menu and package pages plus a date-availability enquiry form. Enquiries die in WhatsApp with no record today.,32,8,20,10,https://www.google.com/maps/search/?api=1&query=Jasmera%20Tent%20House%20Chandan%20Vihar%20Nangloi
Delhi,215,C,70,BAWA TENT,Tent house supplier,Food & Events,Tilak Nagar,West Delhi,099999 71970,5,5,Starter,"₹15,000",15000,Tue-Thu 11:00-16:00,Menu and package pages plus a date-availability enquiry form. Enquiries die in WhatsApp with no record today.,32,8,20,10,https://www.google.com/maps/search/?api=1&query=BAWA%20TENT%20Tilak%20Nagar
Delhi,216,C,69,Bharadwaj Tent House,Tent house supplier,Food & Events,Dwarka,West Delhi,092137 28880,3.9,140,Growth,"₹45,000",45000,Tue-Thu 11:00-16:00,Menu and package pages plus a date-availability enquiry form. Enquiries die in WhatsApp with no record today.,32,21,5,10,https://www.google.com/maps/search/?api=1&query=Bharadwaj%20Tent%20House%20Dwarka
Delhi,217,C,69,Negi Tent House Palam,Tent house supplier,Food & Events,Raj Nagar Palam,West Delhi,099900 30892,4.1,78,Growth,"₹45,000",45000,Tue-Thu 11:00-16:00,Menu and package pages plus a date-availability enquiry form. Enquiries die in WhatsApp with no record today.,32,19,8,10,https://www.google.com/maps/search/?api=1&query=Negi%20Tent%20House%20Palam%20Raj%20Nagar%20Palam
Delhi,218,C,69,Rajendra Motor Driving Training School,Driving school,Education & Training,Pitampura,North Delhi,011 2702 4343,4.2,32,Starter,"₹15,000",15000,Tue-Thu 11:00-13:00 / 15:00-17:00 (between batches),"Curriculum, fees, faculty and an admission-enquiry form. Parents shortlist online, then visit.",34,15,9,10,https://www.google.com/maps/search/?api=1&query=Rajendra%20Motor%20Driving%20Training%20School%20Pitampura
Delhi,219,C,69,Kumar Tent House,Tent house supplier,Food & Events,Sagarpur Palam,West Delhi,099999 11935,4.4,29,Starter,"₹15,000",15000,Tue-Thu 11:00-16:00,Menu and package pages plus a date-availability enquiry form. Enquiries die in WhatsApp with no record today.,32,15,12,10,https://www.google.com/maps/search/?api=1&query=Kumar%20Tent%20House%20Sagarpur%20Palam
Delhi,220,C,69,Jagdamba Tent,Tent house supplier,Food & Events,Rohini,North Delhi,096544 94940,4.6,15,Starter,"₹15,000",15000,Tue-Thu 11:00-16:00,Menu and package pages plus a date-availability enquiry form. Enquiries die in WhatsApp with no record today.,32,12,15,10,https://www.google.com/maps/search/?api=1&query=Jagdamba%20Tent%20Rohini
Delhi,221,C,69,Shri Hari Tent House,Tent house supplier,Food & Events,Narela,North Delhi,098101 29527,4.8,8,Starter,"₹15,000",15000,Tue-Thu 11:00-16:00,Menu and package pages plus a date-availability enquiry form. Enquiries die in WhatsApp with no record today.,32,10,17,10,https://www.google.com/maps/search/?api=1&query=Shri%20Hari%20Tent%20House%20Narela
Delhi,222,C,69,VIDHI CATERERS,Catering food and drink supplier,Food & Events,Uttam Nagar,West Delhi,096676 27522,4.8,5,Starter,"₹15,000",15000,Tue-Thu 11:00-16:00,Menu and package pages plus a date-availability enquiry form. Enquiries die in WhatsApp with no record today.,34,8,17,10,https://www.google.com/maps/search/?api=1&query=VIDHI%20CATERERS%20Uttam%20Nagar
Delhi,223,C,68,indian motor driving school,Driving school,Education & Training,Laxmi Nagar,East Delhi,— none listed,5,22,Starter,"₹15,000",15000,Tue-Thu 11:00-13:00 / 15:00-17:00 (between batches),"Curriculum, fees, faculty and an admission-enquiry form. Parents shortlist online, then visit.",34,14,20,0,https://www.google.com/maps/search/?api=1&query=indian%20motor%20driving%20school%20Laxmi%20Nagar
Delhi,224,C,68,New Parkash Tents,Tent house supplier,Food & Events,Delhi Gate Najafgarh,West Delhi,097118 17985,4.5,16,Starter,"₹15,000",15000,Tue-Thu 11:00-16:00,Menu and package pages plus a date-availability enquiry form. Enquiries die in WhatsApp with no record today.,32,12,13,10,https://www.google.com/maps/search/?api=1&query=New%20Parkash%20Tents%20Delhi%20Gate%20Najafgarh
Delhi,225,C,68,FANCY TENT DECOR & CATERING,Tent house supplier,Food & Events,Mehrauli-Badarpur Road,South Delhi,098112 56689,4.8,6,Starter,"₹15,000",15000,Tue-Thu 11:00-16:00,Menu and package pages plus a date-availability enquiry form. Enquiries die in WhatsApp with no record today.,32,8,17,10,https://www.google.com/maps/search/?api=1&query=FANCY%20TENT%20DECOR%20%26%20CATERING%20Mehrauli-Badarpur%20Road
Delhi,226,C,67,Raman Motor Driving Training School,Driving school,Education & Training,Mayur Vihar,East Delhi,011 2275 7488,3.6,138,Growth,"₹45,000",45000,Tue-Thu 11:00-13:00 / 15:00-17:00 (between batches),"Curriculum, fees, faculty and an admission-enquiry form. Parents shortlist online, then visit.",34,21,1,10,https://www.google.com/maps/search/?api=1&query=Raman%20Motor%20Driving%20Training%20School%20Mayur%20Vihar
Delhi,227,C,67,Janta Motor Driving Training School,Driving school,Education & Training,100 Foota Road Shahdara,East Delhi,098100 80627,3.8,83,Growth,"₹45,000",45000,Tue-Thu 11:00-13:00 / 15:00-17:00 (between batches),"Curriculum, fees, faculty and an admission-enquiry form. Parents shortlist online, then visit.",34,19,4,10,https://www.google.com/maps/search/?api=1&query=Janta%20Motor%20Driving%20Training%20School%20100%20Foota%20Road%20Shahdara
Delhi,228,C,67,Jai Ambey Motors Training School,Driving school,Education & Training,Om Vihar Uttam Nagar,West Delhi,098101 08411,3.8,74,Growth,"₹45,000",45000,Tue-Thu 11:00-13:00 / 15:00-17:00 (between batches),"Curriculum, fees, faculty and an admission-enquiry form. Parents shortlist online, then visit.",34,19,4,10,https://www.google.com/maps/search/?api=1&query=Jai%20Ambey%20Motors%20Training%20School%20Om%20Vihar%20Uttam%20Nagar
Delhi,229,C,67,Learn to drive easy - Parsonal motor driving,Driving school,Education & Training,Mayur Vihar,East Delhi,099104 86804,3.9,62,Growth,"₹45,000",45000,Tue-Thu 11:00-13:00 / 15:00-17:00 (between batches),"Curriculum, fees, faculty and an admission-enquiry form. Parents shortlist online, then visit.",34,18,5,10,https://www.google.com/maps/search/?api=1&query=Learn%20to%20drive%20easy%20-%20Parsonal%20motor%20driving%20Mayur%20Vihar
Delhi,230,C,67,Durga Tent And Light House,Tent house supplier,Food & Events,Sangam Vihar,South Delhi,098113 43743,4.1,53,Starter,"₹15,000",15000,Tue-Thu 11:00-16:00,Menu and package pages plus a date-availability enquiry form. Enquiries die in WhatsApp with no record today.,32,17,8,10,https://www.google.com/maps/search/?api=1&query=Durga%20Tent%20And%20Light%20House%20Sangam%20Vihar
Delhi,231,C,67,Sachin Tent House & Catter,Tent house supplier,Food & Events,Dwarka,West Delhi,— none listed,4.9,46,Starter,"₹15,000",15000,Tue-Thu 11:00-16:00,Menu and package pages plus a date-availability enquiry form. Enquiries die in WhatsApp with no record today.,32,17,19,0,https://www.google.com/maps/search/?api=1&query=Sachin%20Tent%20House%20%26%20Catter%20Dwarka
Delhi,232,C,67,Kataria Tent House,Tent house supplier,Food & Events,Ashok Vihar,North Delhi,098912 02121,4.5,15,Starter,"₹15,000",15000,Tue-Thu 11:00-16:00,Menu and package pages plus a date-availability enquiry form. Enquiries die in WhatsApp with no record today.,32,12,13,10,https://www.google.com/maps/search/?api=1&query=Kataria%20Tent%20House%20Ashok%20Vihar
Delhi,233,C,67,Goverdhan Tent House,Tent house supplier,Food & Events,Mithapur Badarpur,South Delhi,098103 13505,4.5,13,Starter,"₹15,000",15000,Tue-Thu 11:00-16:00,Menu and package pages plus a date-availability enquiry form. Enquiries die in WhatsApp with no record today.,32,11,13,10,https://www.google.com/maps/search/?api=1&query=Goverdhan%20Tent%20House%20Mithapur%20Badarpur
Delhi,234,C,67,New Bharat Tent House,Tent house supplier,Food & Events,Jaitpur Badarpur,South Delhi,099102 23038,4.6,11,Starter,"₹15,000",15000,Tue-Thu 11:00-16:00,Menu and package pages plus a date-availability enquiry form. Enquiries die in WhatsApp with no record today.,32,11,15,10,https://www.google.com/maps/search/?api=1&query=New%20Bharat%20Tent%20House%20Jaitpur%20Badarpur
Delhi,235,C,67,"Shiv Ganga Tent, Caterers & Light House",Tent house supplier,Food & Events,Vikaspuri,West Delhi,099582 83571,4.6,9,Starter,"₹15,000",15000,Tue-Thu 11:00-16:00,Menu and package pages plus a date-availability enquiry form. Enquiries die in WhatsApp with no record today.,32,10,15,10,https://www.google.com/maps/search/?api=1&query=Shiv%20Ganga%20Tent%2C%20Caterers%20%26%20Light%20House%20Vikaspuri
Delhi,236,C,67,ADVOCATE A. YADAV,Lawyer,Legal,Dwarka Court,West Delhi,075504 32884,4.2,5,Growth,"₹45,000",45000,Tue-Thu 14:00-17:00 (after court rises),"Practice areas, bar credentials and a confidential enquiry form. Clients search a lawyer's name before they ring, and a chamber number on Maps is not a profile.",40,8,9,10,https://www.google.com/maps/search/?api=1&query=ADVOCATE%20A.%20YADAV%20Dwarka%20Court
Delhi,237,C,66,Jain Agency,Tent house supplier,Food & Events,Mangolpuri,North Delhi,092101 14300,4,48,Starter,"₹15,000",15000,Tue-Thu 11:00-16:00,Menu and package pages plus a date-availability enquiry form. Enquiries die in WhatsApp with no record today.,32,17,7,10,https://www.google.com/maps/search/?api=1&query=Jain%20Agency%20Mangolpuri
Delhi,238,C,66,Ram Tent And Event Services,Tent house supplier,Food & Events,Preet Vihar,East Delhi,— none listed,5,26,Starter,"₹15,000",15000,Tue-Thu 11:00-16:00,Menu and package pages plus a date-availability enquiry form. Enquiries die in WhatsApp with no record today.,32,14,20,0,https://www.google.com/maps/search/?api=1&query=Ram%20Tent%20And%20Event%20Services%20Preet%20Vihar
Delhi,239,C,66,Sangam Tent & Caterers,Tent house supplier,Food & Events,Rohini,North Delhi,093122 70379,4.4,14,Starter,"₹15,000",15000,Tue-Thu 11:00-16:00,Menu and package pages plus a date-availability enquiry form. Enquiries die in WhatsApp with no record today.,32,12,12,10,https://www.google.com/maps/search/?api=1&query=Sangam%20Tent%20%26%20Caterers%20Rohini
Delhi,240,C,66,R.K. Tent & Light House,Tent house supplier,Food & Events,Chhatarpur,South Delhi,093124 11582,4.7,6,Starter,"₹15,000",15000,Tue-Thu 11:00-16:00,Menu and package pages plus a date-availability enquiry form. Enquiries die in WhatsApp with no record today.,32,8,16,10,https://www.google.com/maps/search/?api=1&query=R.K.%20Tent%20%26%20Light%20House%20Chhatarpur
Delhi,241,C,65,JP Tent,Event venue,Food & Events,Mangolpuri,North Delhi,— none listed,4.1,177,Growth,"₹45,000",45000,Tue-Thu 11:00-16:00,Menu and package pages plus a date-availability enquiry form. Enquiries die in WhatsApp with no record today.,34,23,8,0,https://www.google.com/maps/search/?api=1&query=JP%20Tent%20Mangolpuri
Delhi,242,C,65,Laxmi Tent and Light House,Tent house supplier,Food & Events,Uttam Nagar,West Delhi,092132 47310,3.8,88,Growth,"₹45,000",45000,Tue-Thu 11:00-16:00,Menu and package pages plus a date-availability enquiry form. Enquiries die in WhatsApp with no record today.,32,19,4,10,https://www.google.com/maps/search/?api=1&query=Laxmi%20Tent%20and%20Light%20House%20Uttam%20Nagar
Delhi,243,C,65,Anmol Tent House,Tent house supplier,Food & Events,Budh Bazar Uttam Nagar,West Delhi,099994 45787,4.1,32,Starter,"₹15,000",15000,Tue-Thu 11:00-16:00,Menu and package pages plus a date-availability enquiry form. Enquiries die in WhatsApp with no record today.,32,15,8,10,https://www.google.com/maps/search/?api=1&query=Anmol%20Tent%20House%20Budh%20Bazar%20Uttam%20Nagar
Delhi,244,C,65,Om Tent House & Team,Tent house supplier,Food & Events,Kirari,North Delhi,092101 00599,4.1,32,Starter,"₹15,000",15000,Tue-Thu 11:00-16:00,Menu and package pages plus a date-availability enquiry form. Enquiries die in WhatsApp with no record today.,32,15,8,10,https://www.google.com/maps/search/?api=1&query=Om%20Tent%20House%20%26%20Team%20Kirari
Delhi,245,C,65,Mishra tent house decorators and caterers,Tent house supplier,Food & Events,Palam,West Delhi,093132 94765,4.2,22,Starter,"₹15,000",15000,Tue-Thu 11:00-16:00,Menu and package pages plus a date-availability enquiry form. Enquiries die in WhatsApp with no record today.,32,14,9,10,https://www.google.com/maps/search/?api=1&query=Mishra%20tent%20house%20decorators%20and%20caterers%20Palam
Delhi,246,C,65,Ritu Tent & Light House,Tent house supplier,Food & Events,Mansarover Garden,West Delhi,098105 31532,4.3,18,Starter,"₹15,000",15000,Tue-Thu 11:00-16:00,Menu and package pages plus a date-availability enquiry form. Enquiries die in WhatsApp with no record today.,32,13,11,10,https://www.google.com/maps/search/?api=1&query=Ritu%20Tent%20%26%20Light%20House%20Mansarover%20Garden
Delhi,247,C,65,Bharat Tent House,Tent house supplier,Food & Events,Dwarka,West Delhi,092126 08081,4.3,15,Starter,"₹15,000",15000,Tue-Thu 11:00-16:00,Menu and package pages plus a date-availability enquiry form. Enquiries die in WhatsApp with no record today.,32,12,11,10,https://www.google.com/maps/search/?api=1&query=Bharat%20Tent%20House%20Dwarka
Delhi,248,C,65,Shri Ram Caterers & Tent House,Tent house supplier,Food & Events,Tilak Nagar,West Delhi,099900 19035,4.4,11,Starter,"₹15,000",15000,Tue-Thu 11:00-16:00,Menu and package pages plus a date-availability enquiry form. Enquiries die in WhatsApp with no record today.,32,11,12,10,https://www.google.com/maps/search/?api=1&query=Shri%20Ram%20Caterers%20%26%20Tent%20House%20Tilak%20Nagar
Delhi,249,C,65,shahdara tent wale,Tent house supplier,Food & Events,Shahdara,East Delhi,088003 60530,4.5,8,Starter,"₹15,000",15000,Tue-Thu 11:00-16:00,Menu and package pages plus a date-availability enquiry form. Enquiries die in WhatsApp with no record today.,32,10,13,10,https://www.google.com/maps/search/?api=1&query=shahdara%20tent%20wale%20Shahdara
Delhi,250,C,64,Pipil Motor Driving Training School,Driving school,Education & Training,Laxmi Nagar,East Delhi,098118 18556,3.2,92,Growth,"₹45,000",45000,Tue-Thu 11:00-13:00 / 15:00-17:00 (between batches),"Curriculum, fees, faculty and an admission-enquiry form. Parents shortlist online, then visit.",34,20,0,10,https://www.google.com/maps/search/?api=1&query=Pipil%20Motor%20Driving%20Training%20School%20Laxmi%20Nagar
Delhi,251,C,64,Mittal Tent House,Tent house supplier,Food & Events,South Anarkali Seelampur,East Delhi,092115 28955,4,35,Starter,"₹15,000",15000,Tue-Thu 11:00-16:00,Menu and package pages plus a date-availability enquiry form. Enquiries die in WhatsApp with no record today.,32,16,7,10,https://www.google.com/maps/search/?api=1&query=Mittal%20Tent%20House%20South%20Anarkali%20Seelampur
Delhi,252,C,64,Om Driving xperts,Driving school,Education & Training,Uttam Nagar,West Delhi,093556 65115,4,23,Starter,"₹15,000",15000,Tue-Thu 11:00-13:00 / 15:00-17:00 (between batches),"Curriculum, fees, faculty and an admission-enquiry form. Parents shortlist online, then visit.",34,14,7,10,https://www.google.com/maps/search/?api=1&query=Om%20Driving%20xperts%20Uttam%20Nagar
Delhi,253,C,64,Dwarka Tent & Caterers,Tent house supplier,Food & Events,Sector 3 Dwarka,West Delhi,092682 43031,4.3,12,Starter,"₹15,000",15000,Tue-Thu 11:00-16:00,Menu and package pages plus a date-availability enquiry form. Enquiries die in WhatsApp with no record today.,32,11,11,10,https://www.google.com/maps/search/?api=1&query=Dwarka%20Tent%20%26%20Caterers%20Sector%203%20Dwarka
Delhi,254,C,64,Ambey tent & Decorators,Tent house supplier,Food & Events,Jaitpur Badarpur,South Delhi,098185 54733,4.3,12,Starter,"₹15,000",15000,Tue-Thu 11:00-16:00,Menu and package pages plus a date-availability enquiry form. Enquiries die in WhatsApp with no record today.,32,11,11,10,https://www.google.com/maps/search/?api=1&query=Ambey%20tent%20%26%20Decorators%20Jaitpur%20Badarpur
Delhi,255,C,64,LAKSHMI TENT & EVENTS,Tent house supplier,Food & Events,Mangal Bazar Laxmi Nagar,West Delhi,098113 81457,4.4,9,Starter,"₹15,000",15000,Tue-Thu 11:00-16:00,Menu and package pages plus a date-availability enquiry form. Enquiries die in WhatsApp with no record today.,32,10,12,10,https://www.google.com/maps/search/?api=1&query=LAKSHMI%20TENT%20%26%20EVENTS%20Mangal%20Bazar%20Laxmi%20Nagar
Delhi,256,C,64,Boby Tent House,Tent house supplier,Food & Events,Nand Nagri,East Delhi,096507 37193,4.5,6,Starter,"₹15,000",15000,Tue-Thu 11:00-16:00,Menu and package pages plus a date-availability enquiry form. Enquiries die in WhatsApp with no record today.,32,8,13,10,https://www.google.com/maps/search/?api=1&query=Boby%20Tent%20House%20Nand%20Nagri
Delhi,257,C,63,Sunny Tent House,Tent house supplier,Food & Events,Karol Bagh,Central Delhi,099110 98991,3.9,32,Starter,"₹15,000",15000,Tue-Thu 11:00-16:00,Menu and package pages plus a date-availability enquiry form. Enquiries die in WhatsApp with no record today.,32,15,5,10,https://www.google.com/maps/search/?api=1&query=Sunny%20Tent%20House%20Karol%20Bagh
Delhi,258,C,63,Poonam Tent House,Tent house supplier,Food & Events,Dilshad Garden,East Delhi,081309 37960,4,27,Starter,"₹15,000",15000,Tue-Thu 11:00-16:00,Menu and package pages plus a date-availability enquiry form. Enquiries die in WhatsApp with no record today.,32,14,7,10,https://www.google.com/maps/search/?api=1&query=Poonam%20Tent%20House%20Dilshad%20Garden
Delhi,259,C,63,Bhasin Tent House,Tent house supplier,Food & Events,Vikaspuri,West Delhi,098918 65762,4,26,Starter,"₹15,000",15000,Tue-Thu 11:00-16:00,Menu and package pages plus a date-availability enquiry form. Enquiries die in WhatsApp with no record today.,32,14,7,10,https://www.google.com/maps/search/?api=1&query=Bhasin%20Tent%20House%20Vikaspuri
Delhi,260,C,63,D.K. Tent House,Tent house supplier,Food & Events,Rohini,North Delhi,092110 96949,4.2,14,Starter,"₹15,000",15000,Tue-Thu 11:00-16:00,Menu and package pages plus a date-availability enquiry form. Enquiries die in WhatsApp with no record today.,32,12,9,10,https://www.google.com/maps/search/?api=1&query=D.K.%20Tent%20House%20Rohini
Delhi,261,C,63,Chadha Tent & Decorator,Tent house supplier,Food & Events,Preet Vihar,East Delhi,093110 88966,4.2,13,Starter,"₹15,000",15000,Tue-Thu 11:00-16:00,Menu and package pages plus a date-availability enquiry form. Enquiries die in WhatsApp with no record today.,32,11,9,10,https://www.google.com/maps/search/?api=1&query=Chadha%20Tent%20%26%20Decorator%20Preet%20Vihar
Delhi,262,C,63,Negi Tent House,Tent house supplier,Food & Events,Brahmpuri Seelampur,East Delhi,098180 32474,4.4,7,Starter,"₹15,000",15000,Tue-Thu 11:00-16:00,Menu and package pages plus a date-availability enquiry form. Enquiries die in WhatsApp with no record today.,32,9,12,10,https://www.google.com/maps/search/?api=1&query=Negi%20Tent%20House%20Brahmpuri%20Seelampur
Delhi,263,C,63,MK TENT & CATERERS,Tent house supplier,Food & Events,Madhu Vihar Patparganj,East Delhi,087503 46081,4.4,7,Starter,"₹15,000",15000,Tue-Thu 11:00-16:00,Menu and package pages plus a date-availability enquiry form. Enquiries die in WhatsApp with no record today.,32,9,12,10,https://www.google.com/maps/search/?api=1&query=MK%20TENT%20%26%20CATERERS%20Madhu%20Vihar%20Patparganj
Delhi,264,C,62,Rajwada Tent & Decorators,Tent house supplier,Food & Events,Patparganj,East Delhi,098995 15102,3.7,55,Starter,"₹15,000",15000,Tue-Thu 11:00-16:00,Menu and package pages plus a date-availability enquiry form. Enquiries die in WhatsApp with no record today.,32,17,3,10,https://www.google.com/maps/search/?api=1&query=Rajwada%20Tent%20%26%20Decorators%20Patparganj
Delhi,265,C,62,Alliance car Driving School,Driving school,Education & Training,Laxmi Nagar,East Delhi,062998 63454,4.1,10,Starter,"₹15,000",15000,Tue-Thu 11:00-13:00 / 15:00-17:00 (between batches),"Curriculum, fees, faculty and an admission-enquiry form. Parents shortlist online, then visit.",34,10,8,10,https://www.google.com/maps/search/?api=1&query=Alliance%20car%20Driving%20School%20Laxmi%20Nagar
Delhi,266,C,62,Tent House Khatu Shyam Chowk,Tent house supplier,Food & Events,Najafgarh,West Delhi,— none listed,5,9,Starter,"₹15,000",15000,Tue-Thu 11:00-16:00,Menu and package pages plus a date-availability enquiry form. Enquiries die in WhatsApp with no record today.,32,10,20,0,https://www.google.com/maps/search/?api=1&query=Tent%20House%20Khatu%20Shyam%20Chowk%20Najafgarh
Delhi,267,C,62,"Chopra Tent, Light House & Decorators",Tent house supplier,Food & Events,Mayur Vihar,East Delhi,099530 34121,4.3,8,Starter,"₹15,000",15000,Tue-Thu 11:00-16:00,Menu and package pages plus a date-availability enquiry form. Enquiries die in WhatsApp with no record today.,32,10,11,10,https://www.google.com/maps/search/?api=1&query=Chopra%20Tent%2C%20Light%20House%20%26%20Decorators%20Mayur%20Vihar
Delhi,268,C,62,Saajan Tent House,Tent house supplier,Food & Events,Sangam Vihar,South Delhi,093501 67391,4.3,8,Starter,"₹15,000",15000,Tue-Thu 11:00-16:00,Menu and package pages plus a date-availability enquiry form. Enquiries die in WhatsApp with no record today.,32,10,11,10,https://www.google.com/maps/search/?api=1&query=Saajan%20Tent%20House%20Sangam%20Vihar
Delhi,269,C,62,Jindal Tent house,Tent house supplier,Food & Events,Main Chhatarpur Road,South Delhi,080763 04186,4.3,8,Starter,"₹15,000",15000,Tue-Thu 11:00-16:00,Menu and package pages plus a date-availability enquiry form. Enquiries die in WhatsApp with no record today.,32,10,11,10,https://www.google.com/maps/search/?api=1&query=Jindal%20Tent%20house%20Main%20Chhatarpur%20Road
Delhi,270,C,62,Royal tent house,Tent house supplier,Food & Events,Toot Sarai Malviya Nagar,South Delhi,096676 87805,4.3,7,Starter,"₹15,000",15000,Tue-Thu 11:00-16:00,Menu and package pages plus a date-availability enquiry form. Enquiries die in WhatsApp with no record today.,32,9,11,10,https://www.google.com/maps/search/?api=1&query=Royal%20tent%20house%20Toot%20Sarai%20Malviya%20Nagar
Delhi,271,C,62,Bhola Tent & Light House,Wedding service,Food & Events,Som Bazar Kirari,North Delhi,097171 21743,4,7,Growth,"₹45,000",45000,Tue-Thu 11:00-16:00,Menu and package pages plus a date-availability enquiry form. Enquiries die in WhatsApp with no record today.,36,9,7,10,https://www.google.com/maps/search/?api=1&query=Bhola%20Tent%20%26%20Light%20House%20Som%20Bazar%20Kirari
Delhi,272,C,62,Ashish Tent House,Tent house supplier,Food & Events,Najafgarh,West Delhi,096500 65979,4.4,5,Starter,"₹15,000",15000,Tue-Thu 11:00-16:00,Menu and package pages plus a date-availability enquiry form. Enquiries die in WhatsApp with no record today.,32,8,12,10,https://www.google.com/maps/search/?api=1&query=Ashish%20Tent%20House%20Najafgarh
Delhi,273,C,61,Khanna Tent House,Tent house supplier,Food & Events,Shukkar Bazar Uttam Nagar,West Delhi,098108 15525,3.6,61,Growth,"₹45,000",45000,Tue-Thu 11:00-16:00,Menu and package pages plus a date-availability enquiry form. Enquiries die in WhatsApp with no record today.,32,18,1,10,https://www.google.com/maps/search/?api=1&query=Khanna%20Tent%20House%20Shukkar%20Bazar%20Uttam%20Nagar
Delhi,274,C,61,Driving school for women success,Driving school,Education & Training,Shahdara,East Delhi,097186 05474,3.8,21,Starter,"₹15,000",15000,Tue-Thu 11:00-13:00 / 15:00-17:00 (between batches),"Curriculum, fees, faculty and an admission-enquiry form. Parents shortlist online, then visit.",34,13,4,10,https://www.google.com/maps/search/?api=1&query=Driving%20school%20for%20women%20success%20Shahdara
Delhi,275,C,61,Shalimar Tent House & Catters,Tent house supplier,Food & Events,Ankur Vihar Karawal Nagar,East Delhi,093503 48771,4.3,6,Starter,"₹15,000",15000,Tue-Thu 11:00-16:00,Menu and package pages plus a date-availability enquiry form. Enquiries die in WhatsApp with no record today.,32,8,11,10,https://www.google.com/maps/search/?api=1&query=Shalimar%20Tent%20House%20%26%20Catters%20Ankur%20Vihar%20Karawal%20Nagar
Delhi,276,C,60,Sonia Tent House,Tent house supplier,Food & Events,Janakpuri,West Delhi,096504 31950,3.7,36,Starter,"₹15,000",15000,Tue-Thu 11:00-16:00,Menu and package pages plus a date-availability enquiry form. Enquiries die in WhatsApp with no record today.,32,16,3,10,https://www.google.com/maps/search/?api=1&query=Sonia%20Tent%20House%20Janakpuri
Delhi,277,C,60,Rahul Caterers,Tent house supplier,Food & Events,Devli Road Sangam Vihar,South Delhi,098113 79454,4,13,Starter,"₹15,000",15000,Tue-Thu 11:00-16:00,Menu and package pages plus a date-availability enquiry form. Enquiries die in WhatsApp with no record today.,32,11,7,10,https://www.google.com/maps/search/?api=1&query=Rahul%20Caterers%20Devli%20Road%20Sangam%20Vihar
Delhi,278,C,60,Shivam Tent House,Tent house supplier,Food & Events,Pitampura,North Delhi,092139 45410,4.1,9,Starter,"₹15,000",15000,Tue-Thu 11:00-16:00,Menu and package pages plus a date-availability enquiry form. Enquiries die in WhatsApp with no record today.,32,10,8,10,https://www.google.com/maps/search/?api=1&query=Shivam%20Tent%20House%20Pitampura
Delhi,279,C,60,Rajoriya Tent House,Tent house supplier,Food & Events,Nangloi,North Delhi,092123 31230,4.2,6,Starter,"₹15,000",15000,Tue-Thu 11:00-16:00,Menu and package pages plus a date-availability enquiry form. Enquiries die in WhatsApp with no record today.,32,8,9,10,https://www.google.com/maps/search/?api=1&query=Rajoriya%20Tent%20House%20Nangloi
Delhi,280,C,59,Kapoor Tent & Light House,Tent house supplier,Food & Events,Janakpuri,West Delhi,093100 14538,3.8,19,Starter,"₹15,000",15000,Tue-Thu 11:00-16:00,Menu and package pages plus a date-availability enquiry form. Enquiries die in WhatsApp with no record today.,32,13,4,10,https://www.google.com/maps/search/?api=1&query=Kapoor%20Tent%20%26%20Light%20House%20Janakpuri
Delhi,281,C,59,Satish Tent House,Tent house supplier,Food & Events,Jagdamba Market Kirari,North Delhi,092138 14995,3.9,13,Starter,"₹15,000",15000,Tue-Thu 11:00-16:00,Menu and package pages plus a date-availability enquiry form. Enquiries die in WhatsApp with no record today.,32,11,5,10,https://www.google.com/maps/search/?api=1&query=Satish%20Tent%20House%20Jagdamba%20Market%20Kirari
Delhi,282,C,59,Shiv Shakti tent house Raju,Tent house supplier,Food & Events,Mangolpuri,North Delhi,— none listed,4.8,8,Starter,"₹15,000",15000,Tue-Thu 11:00-16:00,Menu and package pages plus a date-availability enquiry form. Enquiries die in WhatsApp with no record today.,32,10,17,0,https://www.google.com/maps/search/?api=1&query=Shiv%20Shakti%20tent%20house%20Raju%20Mangolpuri
Delhi,283,C,59,ANIKET TENT HOUSE,Tent house supplier,Food & Events,Patparganj,East Delhi,— none listed,4.8,8,Starter,"₹15,000",15000,Tue-Thu 11:00-16:00,Menu and package pages plus a date-availability enquiry form. Enquiries die in WhatsApp with no record today.,32,10,17,0,https://www.google.com/maps/search/?api=1&query=ANIKET%20TENT%20HOUSE%20Patparganj
Delhi,284,C,59,Raj Tent Caterers,Tent house supplier,Food & Events,Malviya Nagar,South Delhi,098995 18899,4.1,7,Starter,"₹15,000",15000,Tue-Thu 11:00-16:00,Menu and package pages plus a date-availability enquiry form. Enquiries die in WhatsApp with no record today.,32,9,8,10,https://www.google.com/maps/search/?api=1&query=Raj%20Tent%20Caterers%20Malviya%20Nagar
Delhi,285,C,59,Ketan Tent House & Caterers,Tent house supplier,Food & Events,Badarpur,South Delhi,099116 09293,4.2,5,Starter,"₹15,000",15000,Tue-Thu 11:00-16:00,Menu and package pages plus a date-availability enquiry form. Enquiries die in WhatsApp with no record today.,32,8,9,10,https://www.google.com/maps/search/?api=1&query=Ketan%20Tent%20House%20%26%20Caterers%20Badarpur
Delhi,286,C,59,Milan Tent House,Tent house supplier,Food & Events,Mangal Bazar Tilak Nagar,West Delhi,092122 19638,4.2,5,Starter,"₹15,000",15000,Tue-Thu 11:00-16:00,Menu and package pages plus a date-availability enquiry form. Enquiries die in WhatsApp with no record today.,32,8,9,10,https://www.google.com/maps/search/?api=1&query=Milan%20Tent%20House%20Mangal%20Bazar%20Tilak%20Nagar
Delhi,287,C,59,Sumit Tent House,Tent house supplier,Food & Events,Preet Vihar,East Delhi,092132 88894,4.2,5,Starter,"₹15,000",15000,Tue-Thu 11:00-16:00,Menu and package pages plus a date-availability enquiry form. Enquiries die in WhatsApp with no record today.,32,8,9,10,https://www.google.com/maps/search/?api=1&query=Sumit%20Tent%20House%20Preet%20Vihar
Delhi,288,C,58,JAGDAMBA TENT HOUSE,Tent house supplier,Food & Events,Seelampur,East Delhi,098704 03519,3.6,27,Starter,"₹15,000",15000,Tue-Thu 11:00-16:00,Menu and package pages plus a date-availability enquiry form. Enquiries die in WhatsApp with no record today.,32,14,1,10,https://www.google.com/maps/search/?api=1&query=JAGDAMBA%20TENT%20HOUSE%20Seelampur
Delhi,289,C,58,Aggarwal Tent House,Tent house supplier,Food & Events,Peera Garhi Paschim Vihar,West Delhi,099990 55455,3.9,11,Starter,"₹15,000",15000,Tue-Thu 11:00-16:00,Menu and package pages plus a date-availability enquiry form. Enquiries die in WhatsApp with no record today.,32,11,5,10,https://www.google.com/maps/search/?api=1&query=Aggarwal%20Tent%20House%20Peera%20Garhi%20Paschim%20Vihar
Delhi,290,C,57,Panchi tent House,Tent house supplier,Food & Events,Vikaspuri,West Delhi,— none listed,3.9,88,Growth,"₹45,000",45000,Tue-Thu 11:00-16:00,Menu and package pages plus a date-availability enquiry form. Enquiries die in WhatsApp with no record today.,32,19,5,0,https://www.google.com/maps/search/?api=1&query=Panchi%20tent%20House%20Vikaspuri
Delhi,291,C,57,Goel Foods and Caterers,Caterer,Food & Events,Naveen Shahdara,East Delhi,— none listed,3.8,81,Growth,"₹45,000",45000,Tue-Thu 11:00-16:00,Menu and package pages plus a date-availability enquiry form. Enquiries die in WhatsApp with no record today.,34,19,4,0,https://www.google.com/maps/search/?api=1&query=Goel%20Foods%20and%20Caterers%20Naveen%20Shahdara
Delhi,292,C,57,Goel Tent House,Tent house supplier,Food & Events,Shahdara West,East Delhi,098109 17719,3.9,8,Starter,"₹15,000",15000,Tue-Thu 11:00-16:00,Menu and package pages plus a date-availability enquiry form. Enquiries die in WhatsApp with no record today.,32,10,5,10,https://www.google.com/maps/search/?api=1&query=Goel%20Tent%20House%20Shahdara%20West
Delhi,293,C,57,SHRIRAM TENT HOUSE & CARTERS,Tent house supplier,Food & Events,Vasundhara Enclave,East Delhi,— none listed,4.7,7,Starter,"₹15,000",15000,Tue-Thu 11:00-16:00,Menu and package pages plus a date-availability enquiry form. Enquiries die in WhatsApp with no record today.,32,9,16,0,https://www.google.com/maps/search/?api=1&query=SHRIRAM%20TENT%20HOUSE%20%26%20CARTERS%20Vasundhara%20Enclave
Delhi,294,C,57,Guru Nanak Tent House,Tent house supplier,Food & Events,Kalkaji,South Delhi,098101 17374,4,6,Starter,"₹15,000",15000,Tue-Thu 11:00-16:00,Menu and package pages plus a date-availability enquiry form. Enquiries die in WhatsApp with no record today.,32,8,7,10,https://www.google.com/maps/search/?api=1&query=Guru%20Nanak%20Tent%20House%20Kalkaji
Delhi,295,C,56,Green Tent house,Tent house supplier,Food & Events,Okhla,South Delhi,098110 22118,3.8,9,Starter,"₹15,000",15000,Tue-Thu 11:00-16:00,Menu and package pages plus a date-availability enquiry form. Enquiries die in WhatsApp with no record today.,32,10,4,10,https://www.google.com/maps/search/?api=1&query=Green%20Tent%20house%20Okhla
Delhi,296,C,55,Meenu Tent s Catrers,Tent house supplier,Food & Events,Laxmi Nagar,East Delhi,011 2204 0608,3.5,18,Starter,"₹15,000",15000,Tue-Thu 11:00-16:00,Menu and package pages plus a date-availability enquiry form. Enquiries die in WhatsApp with no record today.,32,13,0,10,https://www.google.com/maps/search/?api=1&query=Meenu%20Tent%20s%20Catrers%20Laxmi%20Nagar
Delhi,297,C,55,Pooja Tent House,Tent house supplier,Food & Events,Dilshad Garden,East Delhi,098110 08980,3.5,17,Starter,"₹15,000",15000,Tue-Thu 11:00-16:00,Menu and package pages plus a date-availability enquiry form. Enquiries die in WhatsApp with no record today.,32,13,0,10,https://www.google.com/maps/search/?api=1&query=Pooja%20Tent%20House%20Dilshad%20Garden
Delhi,298,C,54,Sahu Tent House,Tent house supplier,Food & Events,Nand Nagri,East Delhi,085879 77326,3.5,15,Starter,"₹15,000",15000,Tue-Thu 11:00-16:00,Menu and package pages plus a date-availability enquiry form. Enquiries die in WhatsApp with no record today.,32,12,0,10,https://www.google.com/maps/search/?api=1&query=Sahu%20Tent%20House%20Nand%20Nagri
Delhi,299,C,53,Mannat by Kohli Tents,Tent house supplier,Food & Events,Pitampura,North Delhi,— none listed,3.8,45,Starter,"₹15,000",15000,Tue-Thu 11:00-16:00,Menu and package pages plus a date-availability enquiry form. Enquiries die in WhatsApp with no record today.,32,17,4,0,https://www.google.com/maps/search/?api=1&query=Mannat%20by%20Kohli%20Tents%20Pitampura
Delhi,300,C,53,Rama Tent & Light House,Tent house supplier,Food & Events,Uttam Nagar,West Delhi,— none listed,4.1,17,Starter,"₹15,000",15000,Tue-Thu 11:00-16:00,Menu and package pages plus a date-availability enquiry form. Enquiries die in WhatsApp with no record today.,32,13,8,0,https://www.google.com/maps/search/?api=1&query=Rama%20Tent%20%26%20Light%20House%20Uttam%20Nagar
Delhi,301,C,53,Fauji Tent House,Tent house supplier,Food & Events,Nangloi,North Delhi,092108 11490,3.5,13,Starter,"₹15,000",15000,Tue-Thu 11:00-16:00,Menu and package pages plus a date-availability enquiry form. Enquiries die in WhatsApp with no record today.,32,11,0,10,https://www.google.com/maps/search/?api=1&query=Fauji%20Tent%20House%20Nangloi
Delhi,302,C,53,Bhati Tent House,Tent house supplier,Food & Events,Mithapur Badarpur,South Delhi,099999 49993,3.7,6,Starter,"₹15,000",15000,Tue-Thu 11:00-16:00,Menu and package pages plus a date-availability enquiry form. Enquiries die in WhatsApp with no record today.,32,8,3,10,https://www.google.com/maps/search/?api=1&query=Bhati%20Tent%20House%20Mithapur%20Badarpur
Delhi,303,C,52,Prakash garden,Tent house supplier,Food & Events,Firni Road Narela,North Delhi,— none listed,4.2,11,Starter,"₹15,000",15000,Tue-Thu 11:00-16:00,Menu and package pages plus a date-availability enquiry form. Enquiries die in WhatsApp with no record today.,32,11,9,0,https://www.google.com/maps/search/?api=1&query=Prakash%20garden%20Firni%20Road%20Narela
Delhi,304,C,52,Welcome tent and Decorater,Tent house supplier,Food & Events,Dwarka,West Delhi,098214 92511,2.9,9,Starter,"₹15,000",15000,Tue-Thu 11:00-16:00,Menu and package pages plus a date-availability enquiry form. Enquiries die in WhatsApp with no record today.,32,10,0,10,https://www.google.com/maps/search/?api=1&query=Welcome%20tent%20and%20Decorater%20Dwarka
Delhi,305,C,51,Plaza Tent House,Tent house supplier,Food & Events,CBD Ground Shahdara,East Delhi,— none listed,3.9,25,Starter,"₹15,000",15000,Tue-Thu 11:00-16:00,Menu and package pages plus a date-availability enquiry form. Enquiries die in WhatsApp with no record today.,32,14,5,0,https://www.google.com/maps/search/?api=1&query=Plaza%20Tent%20House%20CBD%20Ground%20Shahdara
Delhi,306,C,51,Shameem Khan Tent House,Tent house supplier,Food & Events,Ram Colony Chhatarpur,South Delhi,096437 86058,2.7,7,Starter,"₹15,000",15000,Tue-Thu 11:00-16:00,Menu and package pages plus a date-availability enquiry form. Enquiries die in WhatsApp with no record today.,32,9,0,10,https://www.google.com/maps/search/?api=1&query=Shameem%20Khan%20Tent%20House%20Ram%20Colony%20Chhatarpur
Delhi,307,C,50,ASHIRWAD TENT HOUSE,Tent house supplier,Food & Events,Sangam Vihar,South Delhi,088825 53254,3.2,6,Starter,"₹15,000",15000,Tue-Thu 11:00-16:00,Menu and package pages plus a date-availability enquiry form. Enquiries die in WhatsApp with no record today.,32,8,0,10,https://www.google.com/maps/search/?api=1&query=ASHIRWAD%20TENT%20HOUSE%20Sangam%20Vihar
Delhi,308,C,50,MAAN TENT FACTORY,Tent house supplier,Food & Events,Nangloi,North Delhi,— none listed,4.2,6,Starter,"₹15,000",15000,Tue-Thu 11:00-16:00,Menu and package pages plus a date-availability enquiry form. Enquiries die in WhatsApp with no record today.,32,8,9,0,https://www.google.com/maps/search/?api=1&query=MAAN%20TENT%20FACTORY%20Nangloi
Delhi,309,C,46,INDIA TENT HOUSE,Wedding planner,Food & Events,Chhatarpur,South Delhi,— none listed,2.5,6,Growth,"₹45,000",45000,Tue-Thu 11:00-16:00,Menu and package pages plus a date-availability enquiry form. Enquiries die in WhatsApp with no record today.,38,8,0,0,https://www.google.com/maps/search/?api=1&query=INDIA%20TENT%20HOUSE%20Chhatarpur
